doc_id,topic_id,topic_label
A0068718_00316.xml,33,hofrätten_saken_parterne_afträdde_ansökning
A0068718_00806.xml,33,hofrätten_saken_parterne_afträdde_ansökning
A0068718_00056.xml,22,tid_års_tiden_utom_anseende
A0068718_00434.xml,33,hofrätten_saken_parterne_afträdde_ansökning
A0068718_00958.xml,33,hofrätten_saken_parterne_afträdde_ansökning
A0068718_00865.xml,33,hofrätten_saken_parterne_afträdde_ansökning
A0068718_01245.xml,33,hofrätten_saken_parterne_afträdde_ansökning
A0068718_00328.xml,33,hofrätten_saken_parterne_afträdde_ansökning
A0068718_00059.xml,8,sidan_ena_handlingarne_sak_saken
A0068718_00575.xml,12,häradshöfdingen_hofrätten_riddaren_mål_närwarande
A0068718_00258.xml,33,hofrätten_saken_parterne_afträdde_ansökning
A0068718_00455.xml,8,sidan_ena_handlingarne_sak_saken
A0068718_00901.xml,44,fru_förmyndare_testamente_barn_arf
A0068718_00111.xml,44,fru_förmyndare_testamente_barn_arf
A0068718_00092.xml,3,beswär_wite_deröfwer_hofrätten_förklara
A0068718_00397.xml,33,hofrätten_saken_parterne_afträdde_ansökning
A0068718_00565.xml,3,beswär_wite_deröfwer_hofrätten_förklara
A0068718_01190.xml,25,hofrätten_rådstufwu_pröfwar_följe_anseende
A0068718_00054.xml,25,hofrätten_rådstufwu_pröfwar_följe_anseende
A0068718_01149.xml,22,tid_års_tiden_utom_anseende
A0068718_00693.xml,33,hofrätten_saken_parterne_afträdde_ansökning
A0068718_01331.xml,33,hofrätten_saken_parterne_afträdde_ansökning
A0068718_00414.xml,33,hofrätten_saken_parterne_afträdde_ansökning
A0068718_00990.xml,33,hofrätten_saken_parterne_afträdde_ansökning
A0068718_01208.xml,33,hofrätten_saken_parterne_afträdde_ansökning
A0068718_00611.xml,22,tid_års_tiden_utom_anseende
A0068718_00822.xml,33,hofrätten_saken_parterne_afträdde_ansökning
A0068718_00132.xml,35,ränta_fordran_räkning_betalning_skuld
A0068718_00799.xml,25,hofrätten_rådstufwu_pröfwar_följe_anseende
A0068718_01124.xml,3,beswär_wite_deröfwer_hofrätten_förklara
A0068718_00775.xml,33,hofrätten_saken_parterne_afträdde_ansökning
A0068718_00576.xml,8,sidan_ena_handlingarne_sak_saken
A0068718_01064.xml,3,beswär_wite_deröfwer_hofrätten_förklara
A0068718_00177.xml,33,hofrätten_saken_parterne_afträdde_ansökning
A0068718_00625.xml,25,hofrätten_rådstufwu_pröfwar_följe_anseende
A0068718_00745.xml,33,hofrätten_saken_parterne_afträdde_ansökning
A0068718_00433.xml,33,hofrätten_saken_parterne_afträdde_ansökning
A0068718_00828.xml,44,fru_förmyndare_testamente_barn_arf
A0068718_00858.xml,33,hofrätten_saken_parterne_afträdde_ansökning
A0068718_01288.xml,33,hofrätten_saken_parterne_afträdde_ansökning
A0068718_00696.xml,33,hofrätten_saken_parterne_afträdde_ansökning
A0068718_00805.xml,22,tid_års_tiden_utom_anseende
A0068718_00535.xml,33,hofrätten_saken_parterne_afträdde_ansökning
A0068718_00070.xml,7,hemman_hemmanet_ägor_jord_skatte
A0068718_01330.xml,33,hofrätten_saken_parterne_afträdde_ansökning
A0068718_00800.xml,33,hofrätten_saken_parterne_afträdde_ansökning
A0068718_00994.xml,3,beswär_wite_deröfwer_hofrätten_förklara
A0068718_00846.xml,14,skog_skogen_mark_grefve_östra
A0068718_00840.xml,33,hofrätten_saken_parterne_afträdde_ansökning
A0068718_00173.xml,33,hofrätten_saken_parterne_afträdde_ansökning
A0068718_00966.xml,22,tid_års_tiden_utom_anseende
A0068718_00021.xml,32,augusti_stockholms_stads_september_bonden
A0068718_01087.xml,25,hofrätten_rådstufwu_pröfwar_följe_anseende
A0068718_00984.xml,35,ränta_fordran_räkning_betalning_skuld
A0068718_00426.xml,10,will_willia_ähre_gudh_saken
A0068718_00945.xml,25,hofrätten_rådstufwu_pröfwar_följe_anseende
A0068718_00579.xml,33,hofrätten_saken_parterne_afträdde_ansökning
A0068718_00991.xml,33,hofrätten_saken_parterne_afträdde_ansökning
A0068718_00636.xml,33,hofrätten_saken_parterne_afträdde_ansökning
A0068718_01284.xml,33,hofrätten_saken_parterne_afträdde_ansökning
A0068718_00741.xml,33,hofrätten_saken_parterne_afträdde_ansökning
A0068718_01098.xml,25,hofrätten_rådstufwu_pröfwar_följe_anseende
A0068718_01240.xml,21,måns_worden_samuel_bergz_smeden
A0068718_00085.xml,33,hofrätten_saken_parterne_afträdde_ansökning
A0068718_00393.xml,35,ränta_fordran_räkning_betalning_skuld
A0068718_01233.xml,19,åhrs_wedh_utj_wed_äre
A0068718_01205.xml,33,hofrätten_saken_parterne_afträdde_ansökning
A0068718_00151.xml,25,hofrätten_rådstufwu_pröfwar_följe_anseende
A0068718_00418.xml,33,hofrätten_saken_parterne_afträdde_ansökning
A0068718_00845.xml,44,fru_förmyndare_testamente_barn_arf
A0068718_01081.xml,33,hofrätten_saken_parterne_afträdde_ansökning
A0068718_00479.xml,33,hofrätten_saken_parterne_afträdde_ansökning
A0068718_00463.xml,12,häradshöfdingen_hofrätten_riddaren_mål_närwarande
A0068718_00055.xml,8,sidan_ena_handlingarne_sak_saken
A0068718_00017.xml,44,fru_förmyndare_testamente_barn_arf
A0068718_01303.xml,33,hofrätten_saken_parterne_afträdde_ansökning
A0068718_00878.xml,33,hofrätten_saken_parterne_afträdde_ansökning
A0068718_00208.xml,22,tid_års_tiden_utom_anseende
A0068718_00435.xml,33,hofrätten_saken_parterne_afträdde_ansökning
A0068718_01065.xml,3,beswär_wite_deröfwer_hofrätten_förklara
A0068718_01066.xml,3,beswär_wite_deröfwer_hofrätten_förklara
A0068718_01241.xml,33,hofrätten_saken_parterne_afträdde_ansökning
A0068718_00534.xml,33,hofrätten_saken_parterne_afträdde_ansökning
A0068718_00784.xml,33,hofrätten_saken_parterne_afträdde_ansökning
A0068718_00648.xml,33,hofrätten_saken_parterne_afträdde_ansökning
A0068718_00423.xml,33,hofrätten_saken_parterne_afträdde_ansökning
A0068718_00862.xml,25,hofrätten_rådstufwu_pröfwar_följe_anseende
A0068718_00369.xml,33,hofrätten_saken_parterne_afträdde_ansökning
A0068718_00528.xml,35,ränta_fordran_räkning_betalning_skuld
A0068718_00968.xml,33,hofrätten_saken_parterne_afträdde_ansökning
A0068718_01126.xml,33,hofrätten_saken_parterne_afträdde_ansökning
A0068718_00349.xml,8,sidan_ena_handlingarne_sak_saken
A0068718_00195.xml,33,hofrätten_saken_parterne_afträdde_ansökning
A0068718_01026.xml,33,hofrätten_saken_parterne_afträdde_ansökning
A0068718_00079.xml,33,hofrätten_saken_parterne_afträdde_ansökning
A0068718_01247.xml,33,hofrätten_saken_parterne_afträdde_ansökning
A0068718_01263.xml,3,beswär_wite_deröfwer_hofrätten_förklara
A0068718_01180.xml,33,hofrätten_saken_parterne_afträdde_ansökning
A0068718_01143.xml,25,hofrätten_rådstufwu_pröfwar_följe_anseende
A0068718_01314.xml,35,ränta_fordran_räkning_betalning_skuld
A0068718_01194.xml,35,ränta_fordran_räkning_betalning_skuld
A0068718_01232.xml,22,tid_års_tiden_utom_anseende
A0068718_00014.xml,30,lieutenanten_capitainen_borgmästaren_enka_borgenärer
A0068718_00096.xml,37,talan_afseende_målet_fråga_mål
A0068718_00889.xml,33,hofrätten_saken_parterne_afträdde_ansökning
A0068718_01151.xml,33,hofrätten_saken_parterne_afträdde_ansökning
A0068718_01201.xml,33,hofrätten_saken_parterne_afträdde_ansökning
A0068718_00525.xml,44,fru_förmyndare_testamente_barn_arf
A0068718_00979.xml,33,hofrätten_saken_parterne_afträdde_ansökning
A0068718_01270.xml,25,hofrätten_rådstufwu_pröfwar_följe_anseende
A0068718_01370.xml,33,hofrätten_saken_parterne_afträdde_ansökning
A0068718_00281.xml,33,hofrätten_saken_parterne_afträdde_ansökning
A0068718_00326.xml,8,sidan_ena_handlingarne_sak_saken
A0068718_00247.xml,33,hofrätten_saken_parterne_afträdde_ansökning
A0068718_00739.xml,33,hofrätten_saken_parterne_afträdde_ansökning
A0068718_00976.xml,22,tid_års_tiden_utom_anseende
A0068718_00700.xml,33,hofrätten_saken_parterne_afträdde_ansökning
A0068718_00090.xml,22,tid_års_tiden_utom_anseende
A0068718_01362.xml,33,hofrätten_saken_parterne_afträdde_ansökning
A0068718_00661.xml,3,beswär_wite_deröfwer_hofrätten_förklara
A0068718_01017.xml,22,tid_års_tiden_utom_anseende
A0068718_00488.xml,35,ränta_fordran_räkning_betalning_skuld
A0068718_00911.xml,33,hofrätten_saken_parterne_afträdde_ansökning
A0068718_00204.xml,25,hofrätten_rådstufwu_pröfwar_följe_anseende
A0068718_00416.xml,33,hofrätten_saken_parterne_afträdde_ansökning
A0068718_01057.xml,35,ränta_fordran_räkning_betalning_skuld
A0068718_00343.xml,33,hofrätten_saken_parterne_afträdde_ansökning
A0068718_01009.xml,33,hofrätten_saken_parterne_afträdde_ansökning
A0068718_01122.xml,8,sidan_ena_handlingarne_sak_saken
A0068718_00997.xml,33,hofrätten_saken_parterne_afträdde_ansökning
A0068718_01329.xml,33,hofrätten_saken_parterne_afträdde_ansökning
A0068718_00869.xml,33,hofrätten_saken_parterne_afträdde_ansökning
A0068718_01113.xml,35,ränta_fordran_räkning_betalning_skuld
A0068718_00567.xml,44,fru_förmyndare_testamente_barn_arf
A0068718_00897.xml,33,hofrätten_saken_parterne_afträdde_ansökning
A0068718_01107.xml,22,tid_års_tiden_utom_anseende
A0068718_00446.xml,3,beswär_wite_deröfwer_hofrätten_förklara
A0068718_01358.xml,33,hofrätten_saken_parterne_afträdde_ansökning
A0068718_01071.xml,8,sidan_ena_handlingarne_sak_saken
A0068718_00120.xml,33,hofrätten_saken_parterne_afträdde_ansökning
A0068718_00392.xml,33,hofrätten_saken_parterne_afträdde_ansökning
A0068718_00288.xml,12,häradshöfdingen_hofrätten_riddaren_mål_närwarande
A0068718_00659.xml,3,beswär_wite_deröfwer_hofrätten_förklara
A0068718_00632.xml,33,hofrätten_saken_parterne_afträdde_ansökning
A0068718_00057.xml,25,hofrätten_rådstufwu_pröfwar_följe_anseende
A0068718_00909.xml,33,hofrätten_saken_parterne_afträdde_ansökning
A0068718_00755.xml,22,tid_års_tiden_utom_anseende
A0068718_00183.xml,33,hofrätten_saken_parterne_afträdde_ansökning
A0068718_00765.xml,33,hofrätten_saken_parterne_afträdde_ansökning
A0068718_00360.xml,33,hofrätten_saken_parterne_afträdde_ansökning
A0068718_00921.xml,33,hofrätten_saken_parterne_afträdde_ansökning
A0068718_01302.xml,33,hofrätten_saken_parterne_afträdde_ansökning
A0068718_00619.xml,22,tid_års_tiden_utom_anseende
A0068718_01261.xml,8,sidan_ena_handlingarne_sak_saken
A0068718_01117.xml,33,hofrätten_saken_parterne_afträdde_ansökning
A0068718_00486.xml,33,hofrätten_saken_parterne_afträdde_ansökning
A0068718_00987.xml,1,wittnen_wittnet_berättelse_tagit_sedt
A0068718_00300.xml,33,hofrätten_saken_parterne_afträdde_ansökning
A0068718_00913.xml,8,sidan_ena_handlingarne_sak_saken
A0068718_00762.xml,33,hofrätten_saken_parterne_afträdde_ansökning
A0068718_01230.xml,22,tid_års_tiden_utom_anseende
A0068718_00821.xml,33,hofrätten_saken_parterne_afträdde_ansökning
A0068718_00630.xml,22,tid_års_tiden_utom_anseende
A0068718_00698.xml,33,hofrätten_saken_parterne_afträdde_ansökning
A0068718_01145.xml,33,hofrätten_saken_parterne_afträdde_ansökning
A0068718_01187.xml,33,hofrätten_saken_parterne_afträdde_ansökning
A0068718_00851.xml,33,hofrätten_saken_parterne_afträdde_ansökning
A0068718_01218.xml,33,hofrätten_saken_parterne_afträdde_ansökning
A0068718_01115.xml,37,talan_afseende_målet_fråga_mål
A0068718_01085.xml,33,hofrätten_saken_parterne_afträdde_ansökning
A0068718_00930.xml,33,hofrätten_saken_parterne_afträdde_ansökning
A0068718_01364.xml,33,hofrätten_saken_parterne_afträdde_ansökning
A0068718_00044.xml,3,beswär_wite_deröfwer_hofrätten_förklara
A0068718_01112.xml,22,tid_års_tiden_utom_anseende
A0068718_01193.xml,37,talan_afseende_målet_fråga_mål
A0068718_01114.xml,33,hofrätten_saken_parterne_afträdde_ansökning
A0068718_01366.xml,33,hofrätten_saken_parterne_afträdde_ansökning
A0068718_00823.xml,35,ränta_fordran_räkning_betalning_skuld
A0068718_00034.xml,33,hofrätten_saken_parterne_afträdde_ansökning
A0068718_00503.xml,33,hofrätten_saken_parterne_afträdde_ansökning
A0068718_00149.xml,12,häradshöfdingen_hofrätten_riddaren_mål_närwarande
A0068718_00159.xml,33,hofrätten_saken_parterne_afträdde_ansökning
A0068718_00935.xml,33,hofrätten_saken_parterne_afträdde_ansökning
A0068718_01008.xml,44,fru_förmyndare_testamente_barn_arf
A0068718_00904.xml,37,talan_afseende_målet_fråga_mål
A0068718_00957.xml,3,beswär_wite_deröfwer_hofrätten_förklara
A0068718_00073.xml,33,hofrätten_saken_parterne_afträdde_ansökning
A0068718_00364.xml,33,hofrätten_saken_parterne_afträdde_ansökning
A0068718_01177.xml,44,fru_förmyndare_testamente_barn_arf
A0068718_00677.xml,33,hofrätten_saken_parterne_afträdde_ansökning
A0068718_00912.xml,33,hofrätten_saken_parterne_afträdde_ansökning
A0068718_00635.xml,25,hofrätten_rådstufwu_pröfwar_följe_anseende
A0068718_00154.xml,25,hofrätten_rådstufwu_pröfwar_följe_anseende
A0068718_00144.xml,22,tid_års_tiden_utom_anseende
A0068718_01089.xml,33,hofrätten_saken_parterne_afträdde_ansökning
A0068718_00743.xml,37,talan_afseende_målet_fråga_mål
A0068718_01076.xml,44,fru_förmyndare_testamente_barn_arf
A0068718_00038.xml,33,hofrätten_saken_parterne_afträdde_ansökning
A0068718_00077.xml,25,hofrätten_rådstufwu_pröfwar_följe_anseende
A0068718_01323.xml,33,hofrätten_saken_parterne_afträdde_ansökning
A0068718_00203.xml,44,fru_förmyndare_testamente_barn_arf
A0068718_00129.xml,37,talan_afseende_målet_fråga_mål
A0068718_00513.xml,33,hofrätten_saken_parterne_afträdde_ansökning
A0068718_00399.xml,8,sidan_ena_handlingarne_sak_saken
A0068718_01207.xml,3,beswär_wite_deröfwer_hofrätten_förklara
A0068718_00717.xml,33,hofrätten_saken_parterne_afträdde_ansökning
A0068718_00224.xml,35,ränta_fordran_räkning_betalning_skuld
A0068718_00322.xml,37,talan_afseende_målet_fråga_mål
A0068718_00895.xml,33,hofrätten_saken_parterne_afträdde_ansökning
A0068718_01024.xml,33,hofrätten_saken_parterne_afträdde_ansökning
A0068718_00623.xml,22,tid_års_tiden_utom_anseende
A0068718_00165.xml,3,beswär_wite_deröfwer_hofrätten_förklara
A0068718_00951.xml,33,hofrätten_saken_parterne_afträdde_ansökning
A0068718_00202.xml,33,hofrätten_saken_parterne_afträdde_ansökning
A0068718_00181.xml,8,sidan_ena_handlingarne_sak_saken
A0068718_01083.xml,33,hofrätten_saken_parterne_afträdde_ansökning
A0068718_00357.xml,33,hofrätten_saken_parterne_afträdde_ansökning
A0068718_00394.xml,35,ränta_fordran_räkning_betalning_skuld
A0068718_00933.xml,3,beswär_wite_deröfwer_hofrätten_förklara
A0068718_00137.xml,33,hofrätten_saken_parterne_afträdde_ansökning
A0068718_00172.xml,33,hofrätten_saken_parterne_afträdde_ansökning
A0068718_00304.xml,8,sidan_ena_handlingarne_sak_saken
A0068718_00607.xml,33,hofrätten_saken_parterne_afträdde_ansökning
A0068718_00718.xml,33,hofrätten_saken_parterne_afträdde_ansökning
A0068718_00339.xml,25,hofrätten_rådstufwu_pröfwar_följe_anseende
A0068718_01197.xml,33,hofrätten_saken_parterne_afträdde_ansökning
A0068718_00725.xml,33,hofrätten_saken_parterne_afträdde_ansökning
A0068718_00644.xml,25,hofrätten_rådstufwu_pröfwar_följe_anseende
A0068718_00286.xml,22,tid_års_tiden_utom_anseende
A0068718_01368.xml,44,fru_förmyndare_testamente_barn_arf
A0068718_00268.xml,33,hofrätten_saken_parterne_afträdde_ansökning
A0068718_00927.xml,3,beswär_wite_deröfwer_hofrätten_förklara
A0068718_00681.xml,29,swarade_domb_inspectoren_dehl_straxt
A0068718_00829.xml,33,hofrätten_saken_parterne_afträdde_ansökning
A0068718_00248.xml,33,hofrätten_saken_parterne_afträdde_ansökning
A0068718_00333.xml,25,hofrätten_rådstufwu_pröfwar_följe_anseende
A0068718_01137.xml,33,hofrätten_saken_parterne_afträdde_ansökning
A0068718_00645.xml,25,hofrätten_rådstufwu_pröfwar_följe_anseende
A0068718_00400.xml,33,hofrätten_saken_parterne_afträdde_ansökning
A0068718_01222.xml,35,ränta_fordran_räkning_betalning_skuld
A0068718_00231.xml,33,hofrätten_saken_parterne_afträdde_ansökning
A0068718_00736.xml,33,hofrätten_saken_parterne_afträdde_ansökning
A0068718_00734.xml,33,hofrätten_saken_parterne_afträdde_ansökning
A0068718_00402.xml,33,hofrätten_saken_parterne_afträdde_ansökning
A0068718_00461.xml,12,häradshöfdingen_hofrätten_riddaren_mål_närwarande
A0068718_00686.xml,25,hofrätten_rådstufwu_pröfwar_följe_anseende
A0068718_00162.xml,33,hofrätten_saken_parterne_afträdde_ansökning
A0068718_01348.xml,33,hofrätten_saken_parterne_afträdde_ansökning
A0068718_00374.xml,33,hofrätten_saken_parterne_afträdde_ansökning
A0068718_01075.xml,33,hofrätten_saken_parterne_afträdde_ansökning
A0068718_00854.xml,33,hofrätten_saken_parterne_afträdde_ansökning
A0068718_01287.xml,43,hustru_dotter_hustrus_barn_christina
A0068718_00550.xml,33,hofrätten_saken_parterne_afträdde_ansökning
A0068718_00863.xml,33,hofrätten_saken_parterne_afträdde_ansökning
A0068718_00959.xml,35,ränta_fordran_räkning_betalning_skuld
A0068718_01030.xml,33,hofrätten_saken_parterne_afträdde_ansökning
A0068718_00121.xml,33,hofrätten_saken_parterne_afträdde_ansökning
A0068718_00230.xml,35,ränta_fordran_räkning_betalning_skuld
A0068718_00850.xml,33,hofrätten_saken_parterne_afträdde_ansökning
A0068718_00888.xml,33,hofrätten_saken_parterne_afträdde_ansökning
A0068718_00864.xml,33,hofrätten_saken_parterne_afträdde_ansökning
A0068718_01198.xml,33,hofrätten_saken_parterne_afträdde_ansökning
A0068718_00489.xml,33,hofrätten_saken_parterne_afträdde_ansökning
A0068718_00440.xml,33,hofrätten_saken_parterne_afträdde_ansökning
A0068718_01244.xml,33,hofrätten_saken_parterne_afträdde_ansökning
A0068718_01215.xml,3,beswär_wite_deröfwer_hofrätten_förklara
A0068718_00273.xml,33,hofrätten_saken_parterne_afträdde_ansökning
A0068718_00335.xml,25,hofrätten_rådstufwu_pröfwar_följe_anseende
A0068718_00882.xml,33,hofrätten_saken_parterne_afträdde_ansökning
A0068718_00767.xml,35,ränta_fordran_räkning_betalning_skuld
A0068718_00587.xml,33,hofrätten_saken_parterne_afträdde_ansökning
A0068718_00298.xml,33,hofrätten_saken_parterne_afträdde_ansökning
A0068718_01312.xml,33,hofrätten_saken_parterne_afträdde_ansökning
A0068718_01125.xml,3,beswär_wite_deröfwer_hofrätten_förklara
A0068718_00099.xml,33,hofrätten_saken_parterne_afträdde_ansökning
A0068718_00466.xml,33,hofrätten_saken_parterne_afträdde_ansökning
A0068718_00884.xml,12,häradshöfdingen_hofrätten_riddaren_mål_närwarande
A0068718_00655.xml,33,hofrätten_saken_parterne_afträdde_ansökning
A0068718_01019.xml,1,wittnen_wittnet_berättelse_tagit_sedt
A0068718_01130.xml,22,tid_års_tiden_utom_anseende
A0068718_01175.xml,25,hofrätten_rådstufwu_pröfwar_följe_anseende
A0068718_00704.xml,22,tid_års_tiden_utom_anseende
A0068718_00140.xml,33,hofrätten_saken_parterne_afträdde_ansökning
A0068718_00568.xml,44,fru_förmyndare_testamente_barn_arf
A0068718_00946.xml,15,tijdh_hindrich_compagnie_saaken_banquen
A0068718_00694.xml,33,hofrätten_saken_parterne_afträdde_ansökning
A0068718_00556.xml,33,hofrätten_saken_parterne_afträdde_ansökning
A0068718_01176.xml,3,beswär_wite_deröfwer_hofrätten_förklara
A0068718_01292.xml,19,åhrs_wedh_utj_wed_äre
A0068718_01237.xml,33,hofrätten_saken_parterne_afträdde_ansökning
A0068718_00942.xml,33,hofrätten_saken_parterne_afträdde_ansökning
A0068718_01211.xml,33,hofrätten_saken_parterne_afträdde_ansökning
A0068718_00816.xml,44,fru_förmyndare_testamente_barn_arf
A0068718_00406.xml,25,hofrätten_rådstufwu_pröfwar_följe_anseende
A0068718_00424.xml,44,fru_förmyndare_testamente_barn_arf
A0068718_00015.xml,21,måns_worden_samuel_bergz_smeden
A0068718_00296.xml,25,hofrätten_rådstufwu_pröfwar_följe_anseende
A0068718_01297.xml,33,hofrätten_saken_parterne_afträdde_ansökning
A0068718_00855.xml,33,hofrätten_saken_parterne_afträdde_ansökning
A0068718_00500.xml,35,ränta_fordran_räkning_betalning_skuld
A0068718_00266.xml,44,fru_förmyndare_testamente_barn_arf
A0068718_00940.xml,22,tid_års_tiden_utom_anseende
A0068718_00493.xml,25,hofrätten_rådstufwu_pröfwar_följe_anseende
A0068718_01018.xml,22,tid_års_tiden_utom_anseende
A0068718_00844.xml,33,hofrätten_saken_parterne_afträdde_ansökning
A0068718_00620.xml,3,beswär_wite_deröfwer_hofrätten_förklara
A0068718_00710.xml,7,hemman_hemmanet_ägor_jord_skatte
A0068718_00243.xml,44,fru_förmyndare_testamente_barn_arf
A0068718_00714.xml,33,hofrätten_saken_parterne_afträdde_ansökning
A0068718_00756.xml,37,talan_afseende_målet_fråga_mål
A0068718_00504.xml,33,hofrätten_saken_parterne_afträdde_ansökning
A0068718_00548.xml,37,talan_afseende_målet_fråga_mål
A0068718_00066.xml,25,hofrätten_rådstufwu_pröfwar_följe_anseende
A0068718_00084.xml,33,hofrätten_saken_parterne_afträdde_ansökning
A0068718_00386.xml,37,talan_afseende_målet_fråga_mål
A0068718_00969.xml,33,hofrätten_saken_parterne_afträdde_ansökning
A0068718_00967.xml,22,tid_års_tiden_utom_anseende
A0068718_00274.xml,33,hofrätten_saken_parterne_afträdde_ansökning
A0068718_00122.xml,33,hofrätten_saken_parterne_afträdde_ansökning
A0068718_00512.xml,33,hofrätten_saken_parterne_afträdde_ansökning
A0068718_00101.xml,25,hofrätten_rådstufwu_pröfwar_följe_anseende
A0068718_00521.xml,33,hofrätten_saken_parterne_afträdde_ansökning
A0068718_00530.xml,25,hofrätten_rådstufwu_pröfwar_följe_anseende
A0068718_00213.xml,22,tid_års_tiden_utom_anseende
A0068718_00562.xml,3,beswär_wite_deröfwer_hofrätten_förklara
A0068718_01264.xml,25,hofrätten_rådstufwu_pröfwar_följe_anseende
A0068718_00008.xml,43,hustru_dotter_hustrus_barn_christina
A0068718_00706.xml,22,tid_års_tiden_utom_anseende
A0068718_01155.xml,33,hofrätten_saken_parterne_afträdde_ansökning
A0068718_00366.xml,33,hofrätten_saken_parterne_afträdde_ansökning
A0068718_00634.xml,44,fru_förmyndare_testamente_barn_arf
A0068718_00588.xml,3,beswär_wite_deröfwer_hofrätten_förklara
A0068718_00277.xml,33,hofrätten_saken_parterne_afträdde_ansökning
A0068718_01050.xml,35,ränta_fordran_räkning_betalning_skuld
A0068718_00490.xml,33,hofrätten_saken_parterne_afträdde_ansökning
A0068718_00801.xml,33,hofrätten_saken_parterne_afträdde_ansökning
A0068718_01223.xml,33,hofrätten_saken_parterne_afträdde_ansökning
A0068718_00106.xml,25,hofrätten_rådstufwu_pröfwar_följe_anseende
A0068718_01170.xml,3,beswär_wite_deröfwer_hofrätten_förklara
A0068718_00794.xml,3,beswär_wite_deröfwer_hofrätten_förklara
A0068718_00088.xml,22,tid_års_tiden_utom_anseende
A0068718_00825.xml,33,hofrätten_saken_parterne_afträdde_ansökning
A0068718_00519.xml,33,hofrätten_saken_parterne_afträdde_ansökning
A0068718_00906.xml,33,hofrätten_saken_parterne_afträdde_ansökning
A0068718_01120.xml,3,beswär_wite_deröfwer_hofrätten_förklara
A0068718_01300.xml,3,beswär_wite_deröfwer_hofrätten_förklara
A0068718_01068.xml,33,hofrätten_saken_parterne_afträdde_ansökning
A0068718_00029.xml,3,beswär_wite_deröfwer_hofrätten_förklara
A0068718_01028.xml,25,hofrätten_rådstufwu_pröfwar_följe_anseende
A0068718_00042.xml,25,hofrätten_rådstufwu_pröfwar_följe_anseende
A0068718_01058.xml,33,hofrätten_saken_parterne_afträdde_ansökning
A0068718_00857.xml,33,hofrätten_saken_parterne_afträdde_ansökning
A0068718_00264.xml,3,beswär_wite_deröfwer_hofrätten_förklara
A0068718_00147.xml,12,häradshöfdingen_hofrätten_riddaren_mål_närwarande
A0068718_00549.xml,33,hofrätten_saken_parterne_afträdde_ansökning
A0068718_00509.xml,44,fru_förmyndare_testamente_barn_arf
A0068718_00752.xml,33,hofrätten_saken_parterne_afträdde_ansökning
A0068718_00781.xml,33,hofrätten_saken_parterne_afträdde_ansökning
A0068718_00663.xml,33,hofrätten_saken_parterne_afträdde_ansökning
A0068718_01251.xml,33,hofrätten_saken_parterne_afträdde_ansökning
A0068718_00473.xml,33,hofrätten_saken_parterne_afträdde_ansökning
A0068718_00827.xml,3,beswär_wite_deröfwer_hofrätten_förklara
A0068718_00252.xml,35,ränta_fordran_räkning_betalning_skuld
A0068718_01249.xml,25,hofrätten_rådstufwu_pröfwar_följe_anseende
A0068718_00481.xml,25,hofrätten_rådstufwu_pröfwar_följe_anseende
A0068718_01067.xml,25,hofrätten_rådstufwu_pröfwar_följe_anseende
A0068718_00824.xml,33,hofrätten_saken_parterne_afträdde_ansökning
A0068718_00727.xml,33,hofrätten_saken_parterne_afträdde_ansökning
A0068718_00936.xml,44,fru_förmyndare_testamente_barn_arf
A0068718_00031.xml,33,hofrätten_saken_parterne_afträdde_ansökning
A0068718_00442.xml,33,hofrätten_saken_parterne_afträdde_ansökning
A0068718_00837.xml,33,hofrätten_saken_parterne_afträdde_ansökning
A0068718_00255.xml,33,hofrätten_saken_parterne_afträdde_ansökning
A0068718_00993.xml,3,beswär_wite_deröfwer_hofrätten_förklara
A0068718_01325.xml,25,hofrätten_rådstufwu_pröfwar_följe_anseende
A0068718_01142.xml,33,hofrätten_saken_parterne_afträdde_ansökning
A0068718_01328.xml,33,hofrätten_saken_parterne_afträdde_ansökning
A0068718_00597.xml,33,hofrätten_saken_parterne_afträdde_ansökning
A0068718_00552.xml,33,hofrätten_saken_parterne_afträdde_ansökning
A0068718_00420.xml,33,hofrätten_saken_parterne_afträdde_ansökning
A0068718_00716.xml,44,fru_förmyndare_testamente_barn_arf
A0068718_00226.xml,25,hofrätten_rådstufwu_pröfwar_följe_anseende
A0068718_00514.xml,25,hofrätten_rådstufwu_pröfwar_följe_anseende
A0068718_00139.xml,33,hofrätten_saken_parterne_afträdde_ansökning
A0068718_00006.xml,44,fru_förmyndare_testamente_barn_arf
A0068718_01118.xml,25,hofrätten_rådstufwu_pröfwar_följe_anseende
A0068718_00381.xml,3,beswär_wite_deröfwer_hofrätten_förklara
A0068718_00284.xml,25,hofrätten_rådstufwu_pröfwar_följe_anseende
A0068718_00315.xml,33,hofrätten_saken_parterne_afträdde_ansökning
A0068718_01260.xml,8,sidan_ena_handlingarne_sak_saken
A0068718_00499.xml,33,hofrätten_saken_parterne_afträdde_ansökning
A0068718_01360.xml,22,tid_års_tiden_utom_anseende
A0068718_00814.xml,33,hofrätten_saken_parterne_afträdde_ansökning
A0068718_00690.xml,33,hofrätten_saken_parterne_afträdde_ansökning
A0068718_00560.xml,25,hofrätten_rådstufwu_pröfwar_följe_anseende
A0068718_00100.xml,33,hofrätten_saken_parterne_afträdde_ansökning
A0068718_00813.xml,33,hofrätten_saken_parterne_afträdde_ansökning
A0068718_00833.xml,33,hofrätten_saken_parterne_afträdde_ansökning
A0068718_01169.xml,22,tid_års_tiden_utom_anseende
A0068718_00868.xml,33,hofrätten_saken_parterne_afträdde_ansökning
A0068718_00246.xml,33,hofrätten_saken_parterne_afträdde_ansökning
A0068718_00276.xml,33,hofrätten_saken_parterne_afträdde_ansökning
A0068718_00223.xml,33,hofrätten_saken_parterne_afträdde_ansökning
A0068718_00135.xml,35,ränta_fordran_räkning_betalning_skuld
A0068718_01054.xml,33,hofrätten_saken_parterne_afträdde_ansökning
A0068718_00541.xml,37,talan_afseende_målet_fråga_mål
A0068718_01025.xml,33,hofrätten_saken_parterne_afträdde_ansökning
A0068718_00501.xml,35,ränta_fordran_räkning_betalning_skuld
A0068718_00802.xml,7,hemman_hemmanet_ägor_jord_skatte
A0068718_00578.xml,22,tid_års_tiden_utom_anseende
A0068718_00216.xml,33,hofrätten_saken_parterne_afträdde_ansökning
A0068718_00746.xml,44,fru_förmyndare_testamente_barn_arf
A0068718_01282.xml,33,hofrätten_saken_parterne_afträdde_ansökning
A0068718_01336.xml,33,hofrätten_saken_parterne_afträdde_ansökning
A0068718_00902.xml,37,talan_afseende_målet_fråga_mål
A0068718_00640.xml,12,häradshöfdingen_hofrätten_riddaren_mål_närwarande
A0068718_00191.xml,33,hofrätten_saken_parterne_afträdde_ansökning
A0068718_00052.xml,3,beswär_wite_deröfwer_hofrätten_förklara
A0068718_00772.xml,37,talan_afseende_målet_fråga_mål
A0068718_01158.xml,25,hofrätten_rådstufwu_pröfwar_följe_anseende
A0068718_00209.xml,22,tid_års_tiden_utom_anseende
A0068718_00558.xml,33,hofrätten_saken_parterne_afträdde_ansökning
A0068718_00437.xml,44,fru_förmyndare_testamente_barn_arf
A0068718_00616.xml,37,talan_afseende_målet_fråga_mål
A0068718_00450.xml,25,hofrätten_rådstufwu_pröfwar_följe_anseende
A0068718_01134.xml,35,ränta_fordran_räkning_betalning_skuld
A0068718_01162.xml,8,sidan_ena_handlingarne_sak_saken
A0068718_00778.xml,33,hofrätten_saken_parterne_afträdde_ansökning
A0068718_00256.xml,33,hofrätten_saken_parterne_afträdde_ansökning
A0068718_01005.xml,33,hofrätten_saken_parterne_afträdde_ansökning
A0068718_00365.xml,35,ränta_fordran_räkning_betalning_skuld
A0068718_00095.xml,25,hofrätten_rådstufwu_pröfwar_följe_anseende
A0068718_01266.xml,33,hofrätten_saken_parterne_afträdde_ansökning
A0068718_00405.xml,33,hofrätten_saken_parterne_afträdde_ansökning
A0068718_01136.xml,33,hofrätten_saken_parterne_afträdde_ansökning
A0068718_00722.xml,22,tid_års_tiden_utom_anseende
A0068718_00430.xml,19,åhrs_wedh_utj_wed_äre
A0068718_00013.xml,44,fru_förmyndare_testamente_barn_arf
A0068718_00484.xml,33,hofrätten_saken_parterne_afträdde_ansökning
A0068718_00605.xml,25,hofrätten_rådstufwu_pröfwar_följe_anseende
A0068718_00175.xml,33,hofrätten_saken_parterne_afträdde_ansökning
A0068718_00742.xml,33,hofrätten_saken_parterne_afträdde_ansökning
A0068718_00425.xml,41,män_emoot_huus_haar_tienare
A0068718_01128.xml,44,fru_förmyndare_testamente_barn_arf
A0068718_01069.xml,33,hofrätten_saken_parterne_afträdde_ansökning
A0068718_00385.xml,3,beswär_wite_deröfwer_hofrätten_förklara
A0068718_00603.xml,12,häradshöfdingen_hofrätten_riddaren_mål_närwarande
A0068718_00141.xml,3,beswär_wite_deröfwer_hofrätten_förklara
A0068718_00553.xml,33,hofrätten_saken_parterne_afträdde_ansökning
A0068718_00955.xml,33,hofrätten_saken_parterne_afträdde_ansökning
A0068718_00068.xml,33,hofrätten_saken_parterne_afträdde_ansökning
A0068718_00608.xml,33,hofrätten_saken_parterne_afträdde_ansökning
A0068718_00891.xml,33,hofrätten_saken_parterne_afträdde_ansökning
A0068718_00803.xml,7,hemman_hemmanet_ägor_jord_skatte
A0068718_00114.xml,3,beswär_wite_deröfwer_hofrätten_förklara
A0068718_00919.xml,33,hofrätten_saken_parterne_afträdde_ansökning
A0068718_00699.xml,33,hofrätten_saken_parterne_afträdde_ansökning
A0068718_00885.xml,25,hofrätten_rådstufwu_pröfwar_följe_anseende
A0068718_00476.xml,33,hofrätten_saken_parterne_afträdde_ansökning
A0068718_01153.xml,22,tid_års_tiden_utom_anseende
A0068718_01086.xml,25,hofrätten_rådstufwu_pröfwar_följe_anseende
A0068718_00152.xml,8,sidan_ena_handlingarne_sak_saken
A0068718_00327.xml,33,hofrätten_saken_parterne_afträdde_ansökning
A0068718_01352.xml,33,hofrätten_saken_parterne_afträdde_ansökning
A0068718_00253.xml,3,beswär_wite_deröfwer_hofrätten_förklara
A0068718_01250.xml,22,tid_års_tiden_utom_anseende
A0068718_00179.xml,25,hofrätten_rådstufwu_pröfwar_följe_anseende
A0068718_01092.xml,37,talan_afseende_målet_fråga_mål
A0068718_00148.xml,3,beswär_wite_deröfwer_hofrätten_förklara
A0068718_00890.xml,6,gången_grufwe_wijd_decembr_nästkommande
A0068718_00210.xml,33,hofrätten_saken_parterne_afträdde_ansökning
A0068718_00536.xml,22,tid_års_tiden_utom_anseende
A0068718_00290.xml,33,hofrätten_saken_parterne_afträdde_ansökning
A0068718_00321.xml,25,hofrätten_rådstufwu_pröfwar_följe_anseende
A0068718_00748.xml,33,hofrätten_saken_parterne_afträdde_ansökning
A0068718_01006.xml,3,beswär_wite_deröfwer_hofrätten_förklara
A0068718_00763.xml,12,häradshöfdingen_hofrätten_riddaren_mål_närwarande
A0068718_00574.xml,33,hofrätten_saken_parterne_afträdde_ansökning
A0068718_00808.xml,33,hofrätten_saken_parterne_afträdde_ansökning
A0068718_00585.xml,33,hofrätten_saken_parterne_afträdde_ansökning
A0068718_00622.xml,22,tid_års_tiden_utom_anseende
A0068718_00022.xml,3,beswär_wite_deröfwer_hofrätten_förklara
A0068718_00948.xml,25,hofrätten_rådstufwu_pröfwar_följe_anseende
A0068718_01106.xml,22,tid_års_tiden_utom_anseende
A0068718_00131.xml,25,hofrätten_rådstufwu_pröfwar_följe_anseende
A0068718_00338.xml,3,beswär_wite_deröfwer_hofrätten_förklara
A0068718_00285.xml,37,talan_afseende_målet_fråga_mål
A0068718_00609.xml,33,hofrätten_saken_parterne_afträdde_ansökning
A0068718_00531.xml,33,hofrätten_saken_parterne_afträdde_ansökning
A0068718_00671.xml,33,hofrätten_saken_parterne_afträdde_ansökning
A0068718_01214.xml,33,hofrätten_saken_parterne_afträdde_ansökning
A0068718_00023.xml,3,beswär_wite_deröfwer_hofrätten_förklara
A0068718_00533.xml,35,ränta_fordran_räkning_betalning_skuld
A0068718_01274.xml,33,hofrätten_saken_parterne_afträdde_ansökning
A0068718_00260.xml,25,hofrätten_rådstufwu_pröfwar_följe_anseende
A0068718_00334.xml,25,hofrätten_rådstufwu_pröfwar_följe_anseende
A0068718_00465.xml,33,hofrätten_saken_parterne_afträdde_ansökning
A0068718_00795.xml,3,beswär_wite_deröfwer_hofrätten_förklara
A0068718_00719.xml,33,hofrätten_saken_parterne_afträdde_ansökning
A0068718_00547.xml,33,hofrätten_saken_parterne_afträdde_ansökning
A0068718_01309.xml,37,talan_afseende_målet_fråga_mål
A0068718_00561.xml,3,beswär_wite_deröfwer_hofrätten_förklara
A0068718_00626.xml,22,tid_års_tiden_utom_anseende
A0068718_00229.xml,33,hofrätten_saken_parterne_afträdde_ansökning
A0068718_01280.xml,33,hofrätten_saken_parterne_afträdde_ansökning
A0068718_00877.xml,37,talan_afseende_målet_fråga_mål
A0068718_01146.xml,33,hofrätten_saken_parterne_afträdde_ansökning
A0068718_00985.xml,22,tid_års_tiden_utom_anseende
A0068718_00866.xml,33,hofrätten_saken_parterne_afträdde_ansökning
A0068718_00937.xml,44,fru_förmyndare_testamente_barn_arf
A0068718_00412.xml,33,hofrätten_saken_parterne_afträdde_ansökning
A0068718_01046.xml,37,talan_afseende_målet_fråga_mål
A0068718_00491.xml,33,hofrätten_saken_parterne_afträdde_ansökning
A0068718_00214.xml,35,ränta_fordran_räkning_betalning_skuld
A0068718_00046.xml,3,beswär_wite_deröfwer_hofrätten_förklara
A0068718_00720.xml,33,hofrätten_saken_parterne_afträdde_ansökning
A0068718_01077.xml,33,hofrätten_saken_parterne_afträdde_ansökning
A0068718_00680.xml,8,sidan_ena_handlingarne_sak_saken
A0068718_00595.xml,33,hofrätten_saken_parterne_afträdde_ansökning
A0068718_01012.xml,17,bergs_ting_påstående_bruks_käranden
A0068718_01186.xml,33,hofrätten_saken_parterne_afträdde_ansökning
A0068718_00419.xml,33,hofrätten_saken_parterne_afträdde_ansökning
A0068718_01259.xml,33,hofrätten_saken_parterne_afträdde_ansökning
A0068718_00376.xml,33,hofrätten_saken_parterne_afträdde_ansökning
A0068718_01308.xml,37,talan_afseende_målet_fråga_mål
A0068718_00834.xml,33,hofrätten_saken_parterne_afträdde_ansökning
A0068718_00896.xml,33,hofrätten_saken_parterne_afträdde_ansökning
A0068718_01238.xml,33,hofrätten_saken_parterne_afträdde_ansökning
A0068718_00116.xml,33,hofrätten_saken_parterne_afträdde_ansökning
A0068718_01294.xml,33,hofrätten_saken_parterne_afträdde_ansökning
A0068718_01049.xml,33,hofrätten_saken_parterne_afträdde_ansökning
A0068718_00639.xml,8,sidan_ena_handlingarne_sak_saken
A0068718_00458.xml,33,hofrätten_saken_parterne_afträdde_ansökning
A0068718_00953.xml,35,ränta_fordran_räkning_betalning_skuld
A0068718_01184.xml,33,hofrätten_saken_parterne_afträdde_ansökning
A0068718_00291.xml,25,hofrätten_rådstufwu_pröfwar_följe_anseende
A0068718_00279.xml,33,hofrätten_saken_parterne_afträdde_ansökning
A0068718_00150.xml,25,hofrätten_rådstufwu_pröfwar_följe_anseende
A0068718_00454.xml,12,häradshöfdingen_hofrätten_riddaren_mål_närwarande
A0068718_00254.xml,33,hofrätten_saken_parterne_afträdde_ansökning
A0068718_00221.xml,25,hofrätten_rådstufwu_pröfwar_följe_anseende
A0068718_00313.xml,33,hofrätten_saken_parterne_afträdde_ansökning
A0068718_00995.xml,33,hofrätten_saken_parterne_afträdde_ansökning
A0068718_00631.xml,22,tid_års_tiden_utom_anseende
A0068718_00981.xml,22,tid_års_tiden_utom_anseende
A0068718_00289.xml,33,hofrätten_saken_parterne_afträdde_ansökning
A0068718_01209.xml,44,fru_förmyndare_testamente_barn_arf
A0068718_01072.xml,33,hofrätten_saken_parterne_afträdde_ansökning
A0068718_00545.xml,3,beswär_wite_deröfwer_hofrätten_förklara
A0068718_00050.xml,33,hofrätten_saken_parterne_afträdde_ansökning
A0068718_00965.xml,33,hofrätten_saken_parterne_afträdde_ansökning
A0068718_00456.xml,33,hofrätten_saken_parterne_afträdde_ansökning
A0068718_00708.xml,35,ränta_fordran_räkning_betalning_skuld
A0068718_01253.xml,33,hofrätten_saken_parterne_afträdde_ansökning
A0068718_00713.xml,33,hofrätten_saken_parterne_afträdde_ansökning
A0068718_00910.xml,25,hofrätten_rådstufwu_pröfwar_följe_anseende
A0068718_00118.xml,3,beswär_wite_deröfwer_hofrätten_förklara
A0068718_00555.xml,33,hofrätten_saken_parterne_afträdde_ansökning
A0068718_00986.xml,22,tid_års_tiden_utom_anseende
A0068718_01138.xml,25,hofrätten_rådstufwu_pröfwar_följe_anseende
A0068718_01173.xml,35,ränta_fordran_räkning_betalning_skuld
A0068718_00244.xml,3,beswär_wite_deröfwer_hofrätten_förklara
A0068718_00368.xml,33,hofrätten_saken_parterne_afträdde_ansökning
A0068718_00773.xml,22,tid_års_tiden_utom_anseende
A0068718_00272.xml,33,hofrätten_saken_parterne_afträdde_ansökning
A0068718_00087.xml,12,häradshöfdingen_hofrätten_riddaren_mål_närwarande
A0068718_00081.xml,22,tid_års_tiden_utom_anseende
A0068718_00807.xml,33,hofrätten_saken_parterne_afträdde_ansökning
A0068718_00025.xml,3,beswär_wite_deröfwer_hofrätten_förklara
A0068718_01351.xml,33,hofrätten_saken_parterne_afträdde_ansökning
A0068718_00612.xml,22,tid_års_tiden_utom_anseende
A0068718_00133.xml,22,tid_års_tiden_utom_anseende
A0068718_01321.xml,3,beswär_wite_deröfwer_hofrätten_förklara
A0068718_00297.xml,35,ränta_fordran_räkning_betalning_skuld
A0068718_00413.xml,22,tid_års_tiden_utom_anseende
A0068718_00332.xml,33,hofrätten_saken_parterne_afträdde_ansökning
A0068718_00915.xml,37,talan_afseende_målet_fråga_mål
A0068718_01101.xml,35,ränta_fordran_räkning_betalning_skuld
A0068718_01140.xml,37,talan_afseende_målet_fråga_mål
A0068718_01036.xml,22,tid_års_tiden_utom_anseende
A0068718_00411.xml,33,hofrätten_saken_parterne_afträdde_ansökning
A0068718_00089.xml,22,tid_års_tiden_utom_anseende
A0068718_01349.xml,33,hofrätten_saken_parterne_afträdde_ansökning
A0068718_00212.xml,33,hofrätten_saken_parterne_afträdde_ansökning
A0068718_00874.xml,22,tid_års_tiden_utom_anseende
A0068718_01369.xml,22,tid_års_tiden_utom_anseende
A0068718_00838.xml,25,hofrätten_rådstufwu_pröfwar_följe_anseende
A0068718_00771.xml,22,tid_års_tiden_utom_anseende
A0068718_00389.xml,33,hofrätten_saken_parterne_afträdde_ansökning
A0068718_00261.xml,12,häradshöfdingen_hofrätten_riddaren_mål_närwarande
A0068718_00167.xml,3,beswär_wite_deröfwer_hofrätten_förklara
A0068718_01206.xml,12,häradshöfdingen_hofrätten_riddaren_mål_närwarande
A0068718_01084.xml,33,hofrätten_saken_parterne_afträdde_ansökning
A0068718_00759.xml,37,talan_afseende_målet_fråga_mål
A0068718_00980.xml,1,wittnen_wittnet_berättelse_tagit_sedt
A0068718_00234.xml,33,hofrätten_saken_parterne_afträdde_ansökning
A0068718_00653.xml,12,häradshöfdingen_hofrätten_riddaren_mål_närwarande
A0068718_00571.xml,8,sidan_ena_handlingarne_sak_saken
A0068718_01275.xml,33,hofrätten_saken_parterne_afträdde_ansökning
A0068718_00559.xml,8,sidan_ena_handlingarne_sak_saken
A0068718_00887.xml,33,hofrätten_saken_parterne_afträdde_ansökning
A0068718_01268.xml,33,hofrätten_saken_parterne_afträdde_ansökning
A0068718_00589.xml,33,hofrätten_saken_parterne_afträdde_ansökning
A0068718_01061.xml,25,hofrätten_rådstufwu_pröfwar_följe_anseende
A0068718_00642.xml,33,hofrätten_saken_parterne_afträdde_ansökning
A0068718_00067.xml,25,hofrätten_rådstufwu_pröfwar_följe_anseende
A0068718_00674.xml,3,beswär_wite_deröfwer_hofrätten_förklara
A0068718_00811.xml,33,hofrätten_saken_parterne_afträdde_ansökning
A0068718_00222.xml,33,hofrätten_saken_parterne_afträdde_ansökning
A0068718_00726.xml,25,hofrätten_rådstufwu_pröfwar_följe_anseende
A0068718_00606.xml,33,hofrätten_saken_parterne_afträdde_ansökning
A0068718_00572.xml,33,hofrätten_saken_parterne_afträdde_ansökning
A0068718_00798.xml,25,hofrätten_rådstufwu_pröfwar_följe_anseende
A0068718_00602.xml,44,fru_förmyndare_testamente_barn_arf
A0068718_01265.xml,25,hofrätten_rådstufwu_pröfwar_följe_anseende
A0068718_00408.xml,19,åhrs_wedh_utj_wed_äre
A0068718_00207.xml,22,tid_års_tiden_utom_anseende
A0068718_00537.xml,7,hemman_hemmanet_ägor_jord_skatte
A0068718_00546.xml,25,hofrätten_rådstufwu_pröfwar_följe_anseende
A0068718_00669.xml,33,hofrätten_saken_parterne_afträdde_ansökning
A0068718_00750.xml,33,hofrätten_saken_parterne_afträdde_ansökning
A0068718_00749.xml,33,hofrätten_saken_parterne_afträdde_ansökning
A0068718_00341.xml,33,hofrätten_saken_parterne_afträdde_ansökning
A0068718_01082.xml,33,hofrätten_saken_parterne_afträdde_ansökning
A0068718_00732.xml,33,hofrätten_saken_parterne_afträdde_ansökning
A0068718_00136.xml,33,hofrätten_saken_parterne_afträdde_ansökning
A0068718_00515.xml,14,skog_skogen_mark_grefve_östra
A0068718_00305.xml,33,hofrätten_saken_parterne_afträdde_ansökning
A0068718_00187.xml,44,fru_förmyndare_testamente_barn_arf
A0068718_00482.xml,25,hofrätten_rådstufwu_pröfwar_följe_anseende
A0068718_00774.xml,22,tid_års_tiden_utom_anseende
A0068718_01108.xml,19,åhrs_wedh_utj_wed_äre
A0068718_00871.xml,33,hofrätten_saken_parterne_afträdde_ansökning
A0068718_00293.xml,49,gården_malm_gård_mårten_gårdh
A0068718_01192.xml,25,hofrätten_rådstufwu_pröfwar_följe_anseende
A0068718_00880.xml,33,hofrätten_saken_parterne_afträdde_ansökning
A0068718_00076.xml,8,sidan_ena_handlingarne_sak_saken
A0068718_00557.xml,33,hofrätten_saken_parterne_afträdde_ansökning
A0068718_01181.xml,33,hofrätten_saken_parterne_afträdde_ansökning
A0068718_01191.xml,25,hofrätten_rådstufwu_pröfwar_följe_anseende
A0068718_00427.xml,22,tid_års_tiden_utom_anseende
A0068718_00977.xml,33,hofrätten_saken_parterne_afträdde_ansökning
A0068718_00660.xml,33,hofrätten_saken_parterne_afträdde_ansökning
A0068718_00934.xml,33,hofrätten_saken_parterne_afträdde_ansökning
A0068718_00240.xml,22,tid_års_tiden_utom_anseende
A0068718_00097.xml,25,hofrätten_rådstufwu_pröfwar_följe_anseende
A0068718_00954.xml,33,hofrätten_saken_parterne_afträdde_ansökning
A0068718_00650.xml,33,hofrätten_saken_parterne_afträdde_ansökning
A0068718_00768.xml,33,hofrätten_saken_parterne_afträdde_ansökning
A0068718_01164.xml,33,hofrätten_saken_parterne_afträdde_ansökning
A0068718_00110.xml,35,ränta_fordran_räkning_betalning_skuld
A0068718_00362.xml,33,hofrätten_saken_parterne_afträdde_ansökning
A0068718_00788.xml,33,hofrätten_saken_parterne_afträdde_ansökning
A0068718_01166.xml,22,tid_års_tiden_utom_anseende
A0068718_00295.xml,25,hofrätten_rådstufwu_pröfwar_följe_anseende
A0068718_01078.xml,33,hofrätten_saken_parterne_afträdde_ansökning
A0068718_00182.xml,33,hofrätten_saken_parterne_afträdde_ansökning
A0068718_00506.xml,3,beswär_wite_deröfwer_hofrätten_förklara
A0068718_01088.xml,33,hofrätten_saken_parterne_afträdde_ansökning
A0068718_01183.xml,33,hofrätten_saken_parterne_afträdde_ansökning
A0068718_00992.xml,3,beswär_wite_deröfwer_hofrätten_förklara
A0068718_00899.xml,33,hofrätten_saken_parterne_afträdde_ansökning
A0068718_00027.xml,3,beswär_wite_deröfwer_hofrätten_förklara
A0068718_01332.xml,33,hofrätten_saken_parterne_afträdde_ansökning
A0068718_00378.xml,33,hofrätten_saken_parterne_afträdde_ansökning
A0068718_00153.xml,33,hofrätten_saken_parterne_afträdde_ansökning
A0068718_00705.xml,22,tid_års_tiden_utom_anseende
A0068718_01236.xml,33,hofrätten_saken_parterne_afträdde_ansökning
A0068718_00196.xml,33,hofrätten_saken_parterne_afträdde_ansökning
A0068718_00590.xml,25,hofrätten_rådstufwu_pröfwar_följe_anseende
A0068718_01011.xml,33,hofrätten_saken_parterne_afträdde_ansökning
A0068718_00905.xml,3,beswär_wite_deröfwer_hofrätten_förklara
A0068718_00859.xml,33,hofrätten_saken_parterne_afträdde_ansökning
A0068718_00190.xml,33,hofrätten_saken_parterne_afträdde_ansökning
A0068718_01041.xml,25,hofrätten_rådstufwu_pröfwar_följe_anseende
A0068718_01334.xml,30,lieutenanten_capitainen_borgmästaren_enka_borgenärer
A0068718_00929.xml,33,hofrätten_saken_parterne_afträdde_ansökning
A0068718_00168.xml,25,hofrätten_rådstufwu_pröfwar_följe_anseende
A0068718_00294.xml,12,häradshöfdingen_hofrätten_riddaren_mål_närwarande
A0068718_01141.xml,22,tid_års_tiden_utom_anseende
A0068718_00472.xml,33,hofrätten_saken_parterne_afträdde_ansökning
A0068718_00563.xml,33,hofrätten_saken_parterne_afträdde_ansökning
A0068718_01353.xml,33,hofrätten_saken_parterne_afträdde_ansökning
A0068718_00169.xml,35,ränta_fordran_räkning_betalning_skuld
A0068718_00306.xml,33,hofrätten_saken_parterne_afträdde_ansökning
A0068718_00790.xml,22,tid_års_tiden_utom_anseende
A0068718_00495.xml,22,tid_års_tiden_utom_anseende
A0068718_01356.xml,33,hofrätten_saken_parterne_afträdde_ansökning
A0068718_00161.xml,33,hofrätten_saken_parterne_afträdde_ansökning
A0068718_00532.xml,3,beswär_wite_deröfwer_hofrätten_förklara
A0068718_00474.xml,33,hofrätten_saken_parterne_afträdde_ansökning
A0068718_00809.xml,33,hofrätten_saken_parterne_afträdde_ansökning
A0068718_01311.xml,33,hofrätten_saken_parterne_afträdde_ansökning
A0068718_01105.xml,35,ränta_fordran_räkning_betalning_skuld
A0068718_00036.xml,12,häradshöfdingen_hofrätten_riddaren_mål_närwarande
A0068718_01135.xml,33,hofrätten_saken_parterne_afträdde_ansökning
A0068718_00232.xml,25,hofrätten_rådstufwu_pröfwar_följe_anseende
A0068718_00093.xml,3,beswär_wite_deröfwer_hofrätten_förklara
A0068718_00145.xml,25,hofrätten_rådstufwu_pröfwar_följe_anseende
A0068718_01242.xml,33,hofrätten_saken_parterne_afträdde_ansökning
A0068718_00494.xml,35,ränta_fordran_räkning_betalning_skuld
A0068718_01204.xml,22,tid_års_tiden_utom_anseende
A0068718_00523.xml,33,hofrätten_saken_parterne_afträdde_ansökning
A0068718_00665.xml,25,hofrätten_rådstufwu_pröfwar_följe_anseende
A0068718_00383.xml,33,hofrätten_saken_parterne_afträdde_ansökning
A0068718_00012.xml,2,und_die_mit_abraham_capitain
A0068718_01298.xml,25,hofrätten_rådstufwu_pröfwar_följe_anseende
A0068718_00103.xml,8,sidan_ena_handlingarne_sak_saken
A0068718_00676.xml,25,hofrätten_rådstufwu_pröfwar_följe_anseende
A0068718_00452.xml,8,sidan_ena_handlingarne_sak_saken
A0068718_00777.xml,44,fru_förmyndare_testamente_barn_arf
A0068718_00971.xml,33,hofrätten_saken_parterne_afträdde_ansökning
A0068718_00439.xml,33,hofrätten_saken_parterne_afträdde_ansökning
A0068718_00751.xml,25,hofrätten_rådstufwu_pröfwar_följe_anseende
A0068718_00267.xml,22,tid_års_tiden_utom_anseende
A0068718_00346.xml,33,hofrätten_saken_parterne_afträdde_ansökning
A0068718_00312.xml,22,tid_års_tiden_utom_anseende
A0068718_01027.xml,3,beswär_wite_deröfwer_hofrätten_förklara
A0068718_00251.xml,33,hofrätten_saken_parterne_afträdde_ansökning
A0068718_00372.xml,8,sidan_ena_handlingarne_sak_saken
A0068718_00032.xml,33,hofrätten_saken_parterne_afträdde_ansökning
A0068718_00356.xml,33,hofrätten_saken_parterne_afträdde_ansökning
A0068718_00830.xml,33,hofrätten_saken_parterne_afträdde_ansökning
A0068718_00337.xml,33,hofrätten_saken_parterne_afträdde_ansökning
A0068718_00429.xml,10,will_willia_ähre_gudh_saken
A0068718_00860.xml,3,beswär_wite_deröfwer_hofrätten_förklara
A0068718_01171.xml,3,beswär_wite_deröfwer_hofrätten_förklara
A0068718_00797.xml,33,hofrätten_saken_parterne_afträdde_ansökning
A0068718_00211.xml,44,fru_förmyndare_testamente_barn_arf
A0068718_00007.xml,44,fru_förmyndare_testamente_barn_arf
A0068718_00126.xml,33,hofrätten_saken_parterne_afträdde_ansökning
A0068718_00220.xml,33,hofrätten_saken_parterne_afträdde_ansökning
A0068718_00417.xml,44,fru_förmyndare_testamente_barn_arf
A0068718_01096.xml,33,hofrätten_saken_parterne_afträdde_ansökning
A0068718_00441.xml,33,hofrätten_saken_parterne_afträdde_ansökning
A0068718_00119.xml,25,hofrätten_rådstufwu_pröfwar_följe_anseende
A0068718_00505.xml,33,hofrätten_saken_parterne_afträdde_ansökning
A0068718_00091.xml,33,hofrätten_saken_parterne_afträdde_ansökning
A0068718_01015.xml,25,hofrätten_rådstufwu_pröfwar_följe_anseende
A0068718_00853.xml,33,hofrätten_saken_parterne_afträdde_ansökning
A0068718_00041.xml,3,beswär_wite_deröfwer_hofrätten_förklara
A0068718_00812.xml,25,hofrätten_rådstufwu_pröfwar_följe_anseende
A0068718_01133.xml,33,hofrätten_saken_parterne_afträdde_ansökning
A0068718_00225.xml,35,ränta_fordran_räkning_betalning_skuld
A0068718_00039.xml,3,beswär_wite_deröfwer_hofrätten_förklara
A0068718_00345.xml,33,hofrätten_saken_parterne_afträdde_ansökning
A0068718_00737.xml,33,hofrätten_saken_parterne_afträdde_ansökning
A0068718_00188.xml,33,hofrätten_saken_parterne_afträdde_ansökning
A0068718_00480.xml,33,hofrätten_saken_parterne_afträdde_ansökning
A0068718_00820.xml,25,hofrätten_rådstufwu_pröfwar_följe_anseende
A0068718_00344.xml,33,hofrätten_saken_parterne_afträdde_ansökning
A0068718_00063.xml,22,tid_års_tiden_utom_anseende
A0068718_00269.xml,33,hofrätten_saken_parterne_afträdde_ansökning
A0068718_00019.xml,43,hustru_dotter_hustrus_barn_christina
A0068718_01023.xml,33,hofrätten_saken_parterne_afträdde_ansökning
A0068718_00599.xml,33,hofrätten_saken_parterne_afträdde_ansökning
A0068718_01090.xml,3,beswär_wite_deröfwer_hofrätten_förklara
A0068718_01225.xml,33,hofrätten_saken_parterne_afträdde_ansökning
A0068718_00080.xml,7,hemman_hemmanet_ägor_jord_skatte
A0068718_01003.xml,33,hofrätten_saken_parterne_afträdde_ansökning
A0068718_00317.xml,3,beswär_wite_deröfwer_hofrätten_förklara
A0068718_00319.xml,33,hofrätten_saken_parterne_afträdde_ansökning
A0068718_00949.xml,25,hofrätten_rådstufwu_pröfwar_följe_anseende
A0068718_00138.xml,8,sidan_ena_handlingarne_sak_saken
A0068718_00432.xml,33,hofrätten_saken_parterne_afträdde_ansökning
A0068718_00428.xml,7,hemman_hemmanet_ägor_jord_skatte
A0068718_00998.xml,44,fru_förmyndare_testamente_barn_arf
A0068718_01272.xml,33,hofrätten_saken_parterne_afträdde_ansökning
A0068718_00943.xml,33,hofrätten_saken_parterne_afträdde_ansökning
A0068718_00916.xml,33,hofrätten_saken_parterne_afträdde_ansökning
A0068718_01306.xml,33,hofrätten_saken_parterne_afträdde_ansökning
A0068718_01022.xml,25,hofrätten_rådstufwu_pröfwar_följe_anseende
A0068718_00470.xml,44,fru_förmyndare_testamente_barn_arf
A0068718_01285.xml,33,hofrätten_saken_parterne_afträdde_ansökning
A0068718_00492.xml,33,hofrätten_saken_parterne_afträdde_ansökning
A0068718_00754.xml,22,tid_års_tiden_utom_anseende
A0068718_00155.xml,33,hofrätten_saken_parterne_afträdde_ansökning
A0068718_01109.xml,22,tid_års_tiden_utom_anseende
A0068718_00048.xml,33,hofrätten_saken_parterne_afträdde_ansökning
A0068718_00409.xml,19,åhrs_wedh_utj_wed_äre
A0068718_01322.xml,44,fru_förmyndare_testamente_barn_arf
A0068718_00883.xml,12,häradshöfdingen_hofrätten_riddaren_mål_närwarande
A0068718_01103.xml,44,fru_förmyndare_testamente_barn_arf
A0068718_01034.xml,33,hofrätten_saken_parterne_afträdde_ansökning
A0068718_00731.xml,33,hofrätten_saken_parterne_afträdde_ansökning
A0068718_00082.xml,33,hofrätten_saken_parterne_afträdde_ansökning
A0068718_01289.xml,35,ränta_fordran_räkning_betalning_skuld
A0068718_00391.xml,33,hofrätten_saken_parterne_afträdde_ansökning
A0068718_00436.xml,33,hofrätten_saken_parterne_afträdde_ansökning
A0068718_01278.xml,44,fru_förmyndare_testamente_barn_arf
A0068718_01350.xml,33,hofrätten_saken_parterne_afträdde_ansökning
A0068718_00817.xml,25,hofrätten_rådstufwu_pröfwar_följe_anseende
A0068718_00542.xml,3,beswär_wite_deröfwer_hofrätten_förklara
A0068718_00818.xml,25,hofrätten_rådstufwu_pröfwar_följe_anseende
A0068718_01074.xml,33,hofrätten_saken_parterne_afträdde_ansökning
A0068718_01342.xml,33,hofrätten_saken_parterne_afträdde_ansökning
A0068718_00701.xml,33,hofrätten_saken_parterne_afträdde_ansökning
A0068718_00453.xml,33,hofrätten_saken_parterne_afträdde_ansökning
A0068718_00758.xml,37,talan_afseende_målet_fråga_mål
A0068718_00308.xml,33,hofrätten_saken_parterne_afträdde_ansökning
A0068718_00544.xml,33,hofrätten_saken_parterne_afträdde_ansökning
A0068718_01337.xml,33,hofrätten_saken_parterne_afträdde_ansökning
A0068718_00134.xml,35,ränta_fordran_räkning_betalning_skuld
A0068718_00083.xml,33,hofrätten_saken_parterne_afträdde_ansökning
A0068718_01000.xml,44,fru_förmyndare_testamente_barn_arf
A0068718_00747.xml,33,hofrätten_saken_parterne_afträdde_ansökning
A0068718_00554.xml,33,hofrätten_saken_parterne_afträdde_ansökning
A0068718_00651.xml,33,hofrätten_saken_parterne_afträdde_ansökning
A0068718_00670.xml,33,hofrätten_saken_parterne_afträdde_ansökning
A0068718_00923.xml,33,hofrätten_saken_parterne_afträdde_ansökning
A0068718_00174.xml,33,hofrätten_saken_parterne_afträdde_ansökning
A0068718_01217.xml,33,hofrätten_saken_parterne_afträdde_ansökning
A0068718_00498.xml,8,sidan_ena_handlingarne_sak_saken
A0068718_00783.xml,12,häradshöfdingen_hofrätten_riddaren_mål_närwarande
A0068718_00551.xml,33,hofrätten_saken_parterne_afträdde_ansökning
A0068718_01359.xml,33,hofrätten_saken_parterne_afträdde_ansökning
A0068718_01346.xml,44,fru_förmyndare_testamente_barn_arf
A0068718_00832.xml,33,hofrätten_saken_parterne_afträdde_ansökning
A0068718_00104.xml,33,hofrätten_saken_parterne_afträdde_ansökning
A0068718_00624.xml,22,tid_års_tiden_utom_anseende
A0068718_00363.xml,3,beswär_wite_deröfwer_hofrätten_förklara
A0068718_00146.xml,25,hofrätten_rådstufwu_pröfwar_följe_anseende
A0068718_01246.xml,25,hofrätten_rådstufwu_pröfwar_följe_anseende
A0068718_01073.xml,33,hofrätten_saken_parterne_afträdde_ansökning
A0068718_00236.xml,25,hofrätten_rådstufwu_pröfwar_följe_anseende
A0068718_01243.xml,33,hofrätten_saken_parterne_afträdde_ansökning
A0068718_00789.xml,35,ränta_fordran_räkning_betalning_skuld
A0068718_01324.xml,33,hofrätten_saken_parterne_afträdde_ansökning
A0068718_00870.xml,33,hofrätten_saken_parterne_afträdde_ansökning
A0068718_00672.xml,33,hofrätten_saken_parterne_afträdde_ansökning
A0068718_00920.xml,33,hofrätten_saken_parterne_afträdde_ansökning
A0068718_00301.xml,25,hofrätten_rådstufwu_pröfwar_följe_anseende
A0068718_00467.xml,33,hofrätten_saken_parterne_afträdde_ansökning
A0068718_00206.xml,33,hofrätten_saken_parterne_afträdde_ansökning
A0068718_00170.xml,37,talan_afseende_målet_fråga_mål
A0068718_00614.xml,22,tid_års_tiden_utom_anseende
A0068718_01147.xml,33,hofrätten_saken_parterne_afträdde_ansökning
A0068718_00350.xml,33,hofrätten_saken_parterne_afträdde_ansökning
A0068718_00841.xml,10,will_willia_ähre_gudh_saken
A0068718_00787.xml,33,hofrätten_saken_parterne_afträdde_ansökning
A0068718_00045.xml,33,hofrätten_saken_parterne_afträdde_ansökning
A0068718_00125.xml,3,beswär_wite_deröfwer_hofrätten_förklara
A0068718_00600.xml,33,hofrätten_saken_parterne_afträdde_ansökning
A0068718_00009.xml,44,fru_förmyndare_testamente_barn_arf
A0068718_00128.xml,33,hofrätten_saken_parterne_afträdde_ansökning
A0068718_00591.xml,33,hofrätten_saken_parterne_afträdde_ansökning
A0068718_01062.xml,33,hofrätten_saken_parterne_afträdde_ansökning
A0068718_01338.xml,33,hofrätten_saken_parterne_afträdde_ansökning
A0068718_00361.xml,3,beswär_wite_deröfwer_hofrätten_förklara
A0068718_00573.xml,22,tid_års_tiden_utom_anseende
A0068718_01320.xml,33,hofrätten_saken_parterne_afträdde_ansökning
A0068718_00449.xml,33,hofrätten_saken_parterne_afträdde_ansökning
A0068718_00200.xml,44,fru_förmyndare_testamente_barn_arf
A0068718_00053.xml,33,hofrätten_saken_parterne_afträdde_ansökning
A0068718_01063.xml,3,beswär_wite_deröfwer_hofrätten_förklara
A0068718_00024.xml,33,hofrätten_saken_parterne_afträdde_ansökning
A0068718_01004.xml,3,beswär_wite_deröfwer_hofrätten_förklara
A0068718_00564.xml,12,häradshöfdingen_hofrätten_riddaren_mål_närwarande
A0068718_00303.xml,25,hofrätten_rådstufwu_pröfwar_följe_anseende
A0068718_00156.xml,33,hofrätten_saken_parterne_afträdde_ansökning
A0068718_00629.xml,22,tid_års_tiden_utom_anseende
A0068718_00952.xml,33,hofrätten_saken_parterne_afträdde_ansökning
A0068718_00678.xml,33,hofrätten_saken_parterne_afträdde_ansökning
A0068718_00280.xml,33,hofrätten_saken_parterne_afträdde_ansökning
A0068718_00785.xml,22,tid_års_tiden_utom_anseende
A0068718_00707.xml,33,hofrätten_saken_parterne_afträdde_ansökning
A0068718_00627.xml,22,tid_års_tiden_utom_anseende
A0068718_00978.xml,43,hustru_dotter_hustrus_barn_christina
A0068718_01291.xml,33,hofrätten_saken_parterne_afträdde_ansökning
A0068718_00415.xml,33,hofrätten_saken_parterne_afträdde_ansökning
A0068718_00938.xml,33,hofrätten_saken_parterne_afträdde_ansökning
A0068718_01228.xml,44,fru_förmyndare_testamente_barn_arf
A0068718_00398.xml,33,hofrätten_saken_parterne_afträdde_ansökning
A0068718_00265.xml,22,tid_års_tiden_utom_anseende
A0068718_01340.xml,33,hofrätten_saken_parterne_afträdde_ansökning
A0068718_00526.xml,33,hofrätten_saken_parterne_afträdde_ansökning
A0068718_00569.xml,3,beswär_wite_deröfwer_hofrätten_förklara
A0068718_01327.xml,22,tid_års_tiden_utom_anseende
A0068718_00881.xml,33,hofrätten_saken_parterne_afträdde_ansökning
A0068718_00973.xml,3,beswär_wite_deröfwer_hofrätten_förklara
A0068718_01335.xml,3,beswär_wite_deröfwer_hofrätten_förklara
A0068718_00667.xml,33,hofrätten_saken_parterne_afträdde_ansökning
A0068718_00839.xml,25,hofrätten_rådstufwu_pröfwar_följe_anseende
A0068718_00444.xml,22,tid_års_tiden_utom_anseende
A0068718_01319.xml,8,sidan_ena_handlingarne_sak_saken
A0068718_01355.xml,33,hofrätten_saken_parterne_afträdde_ansökning
A0068718_01095.xml,33,hofrätten_saken_parterne_afträdde_ansökning
A0068718_00407.xml,33,hofrätten_saken_parterne_afträdde_ansökning
A0068718_00010.xml,44,fru_förmyndare_testamente_barn_arf
A0068718_00649.xml,33,hofrätten_saken_parterne_afträdde_ansökning
A0068718_00502.xml,33,hofrätten_saken_parterne_afträdde_ansökning
A0068718_01038.xml,44,fru_förmyndare_testamente_barn_arf
A0068718_00723.xml,33,hofrätten_saken_parterne_afträdde_ansökning
A0068718_00115.xml,33,hofrätten_saken_parterne_afträdde_ansökning
A0068718_00061.xml,33,hofrätten_saken_parterne_afträdde_ansökning
A0068718_01317.xml,35,ränta_fordran_räkning_betalning_skuld
A0068718_00403.xml,25,hofrätten_rådstufwu_pröfwar_följe_anseende
A0068718_00049.xml,19,åhrs_wedh_utj_wed_äre
A0068718_00983.xml,33,hofrätten_saken_parterne_afträdde_ansökning
A0068718_01037.xml,35,ränta_fordran_räkning_betalning_skuld
A0068718_00404.xml,25,hofrätten_rådstufwu_pröfwar_följe_anseende
A0068718_00371.xml,33,hofrätten_saken_parterne_afträdde_ansökning
A0068718_00522.xml,33,hofrätten_saken_parterne_afträdde_ansökning
A0068718_01156.xml,3,beswär_wite_deröfwer_hofrätten_förklara
A0068718_00336.xml,25,hofrätten_rådstufwu_pröfwar_följe_anseende
A0068718_00656.xml,22,tid_års_tiden_utom_anseende
A0068718_00143.xml,33,hofrätten_saken_parterne_afträdde_ansökning
A0068718_00618.xml,33,hofrätten_saken_parterne_afträdde_ansökning
A0068718_00682.xml,33,hofrätten_saken_parterne_afträdde_ansökning
A0068718_00867.xml,8,sidan_ena_handlingarne_sak_saken
A0068718_01220.xml,33,hofrätten_saken_parterne_afträdde_ansökning
A0068718_01080.xml,33,hofrätten_saken_parterne_afträdde_ansökning
A0068718_00142.xml,29,swarade_domb_inspectoren_dehl_straxt
A0068718_01148.xml,25,hofrätten_rådstufwu_pröfwar_följe_anseende
A0068718_00982.xml,33,hofrätten_saken_parterne_afträdde_ansökning
A0068718_00340.xml,33,hofrätten_saken_parterne_afträdde_ansökning
A0068718_00030.xml,3,beswär_wite_deröfwer_hofrätten_förklara
A0068718_01051.xml,35,ränta_fordran_räkning_betalning_skuld
A0068718_01172.xml,3,beswär_wite_deröfwer_hofrätten_förklara
A0068718_01255.xml,33,hofrätten_saken_parterne_afträdde_ansökning
A0068718_00186.xml,22,tid_års_tiden_utom_anseende
A0068718_00384.xml,33,hofrätten_saken_parterne_afträdde_ansökning
A0068718_00189.xml,25,hofrätten_rådstufwu_pröfwar_följe_anseende
A0068718_00375.xml,33,hofrätten_saken_parterne_afträdde_ansökning
A0068718_00592.xml,33,hofrätten_saken_parterne_afträdde_ansökning
A0068718_00443.xml,33,hofrätten_saken_parterne_afträdde_ansökning
A0068718_01044.xml,25,hofrätten_rådstufwu_pröfwar_följe_anseende
A0068718_01104.xml,44,fru_förmyndare_testamente_barn_arf
A0068718_01139.xml,7,hemman_hemmanet_ägor_jord_skatte
A0068718_01021.xml,25,hofrätten_rådstufwu_pröfwar_följe_anseende
A0068718_00970.xml,33,hofrätten_saken_parterne_afträdde_ansökning
A0068718_01252.xml,3,beswär_wite_deröfwer_hofrätten_förklara
A0068718_00779.xml,33,hofrätten_saken_parterne_afträdde_ansökning
A0068718_00510.xml,33,hofrätten_saken_parterne_afträdde_ansökning
A0068718_00451.xml,33,hofrätten_saken_parterne_afträdde_ansökning
A0068718_00192.xml,33,hofrätten_saken_parterne_afträdde_ansökning
A0068718_00299.xml,22,tid_års_tiden_utom_anseende
A0068718_01161.xml,8,sidan_ena_handlingarne_sak_saken
A0068718_01212.xml,22,tid_års_tiden_utom_anseende
A0068718_00018.xml,32,augusti_stockholms_stads_september_bonden
A0068718_00448.xml,33,hofrätten_saken_parterne_afträdde_ansökning
A0068718_00447.xml,33,hofrätten_saken_parterne_afträdde_ansökning
A0068718_01341.xml,33,hofrätten_saken_parterne_afträdde_ansökning
A0068718_00380.xml,3,beswär_wite_deröfwer_hofrätten_förklara
A0068718_01305.xml,33,hofrätten_saken_parterne_afträdde_ansökning
A0068718_00517.xml,33,hofrätten_saken_parterne_afträdde_ansökning
A0068718_00387.xml,8,sidan_ena_handlingarne_sak_saken
A0068718_00318.xml,33,hofrätten_saken_parterne_afträdde_ansökning
A0068718_00679.xml,33,hofrätten_saken_parterne_afträdde_ansökning
A0068718_00060.xml,33,hofrätten_saken_parterne_afträdde_ansökning
A0068718_00064.xml,12,häradshöfdingen_hofrätten_riddaren_mål_närwarande
A0068718_00302.xml,33,hofrätten_saken_parterne_afträdde_ansökning
A0068718_00233.xml,25,hofrätten_rådstufwu_pröfwar_följe_anseende
A0068718_00507.xml,3,beswär_wite_deröfwer_hofrätten_förklara
A0068718_00016.xml,43,hustru_dotter_hustrus_barn_christina
A0068718_01055.xml,33,hofrätten_saken_parterne_afträdde_ansökning
A0068718_00615.xml,37,talan_afseende_målet_fråga_mål
A0068718_00395.xml,22,tid_års_tiden_utom_anseende
A0068718_01203.xml,33,hofrätten_saken_parterne_afträdde_ansökning
A0068718_00324.xml,35,ränta_fordran_räkning_betalning_skuld
A0068718_00875.xml,37,talan_afseende_målet_fråga_mål
A0068718_01040.xml,44,fru_förmyndare_testamente_barn_arf
A0068718_00709.xml,33,hofrätten_saken_parterne_afträdde_ansökning
A0068718_01100.xml,33,hofrätten_saken_parterne_afträdde_ansökning
A0068718_00975.xml,33,hofrätten_saken_parterne_afträdde_ansökning
A0068718_01295.xml,33,hofrätten_saken_parterne_afträdde_ansökning
A0068718_00819.xml,34,fiscalen_advocat_rådmannen_rådman_riksens
A0068718_01093.xml,33,hofrätten_saken_parterne_afträdde_ansökning
A0068718_00113.xml,44,fru_förmyndare_testamente_barn_arf
A0068718_00278.xml,33,hofrätten_saken_parterne_afträdde_ansökning
A0068718_00941.xml,33,hofrätten_saken_parterne_afträdde_ansökning
A0068718_01354.xml,33,hofrätten_saken_parterne_afträdde_ansökning
A0068718_00685.xml,33,hofrätten_saken_parterne_afträdde_ansökning
A0068718_01301.xml,12,häradshöfdingen_hofrätten_riddaren_mål_närwarande
A0068718_00831.xml,33,hofrätten_saken_parterne_afträdde_ansökning
A0068718_00766.xml,25,hofrätten_rådstufwu_pröfwar_följe_anseende
A0068718_01174.xml,33,hofrätten_saken_parterne_afträdde_ansökning
A0068718_00237.xml,25,hofrätten_rådstufwu_pröfwar_följe_anseende
A0068718_01281.xml,44,fru_förmyndare_testamente_barn_arf
A0068718_00876.xml,37,talan_afseende_målet_fråga_mål
A0068718_00396.xml,33,hofrätten_saken_parterne_afträdde_ansökning
A0068718_00047.xml,25,hofrätten_rådstufwu_pröfwar_följe_anseende
A0068718_00972.xml,33,hofrätten_saken_parterne_afträdde_ansökning
A0068718_01033.xml,33,hofrätten_saken_parterne_afträdde_ansökning
A0068718_01256.xml,33,hofrätten_saken_parterne_afträdde_ansökning
A0068718_00907.xml,25,hofrätten_rådstufwu_pröfwar_följe_anseende
A0068718_00127.xml,35,ränta_fordran_räkning_betalning_skuld
A0068718_00245.xml,25,hofrätten_rådstufwu_pröfwar_följe_anseende
A0068718_00094.xml,33,hofrätten_saken_parterne_afträdde_ansökning
A0068718_01029.xml,33,hofrätten_saken_parterne_afträdde_ansökning
A0068718_00171.xml,25,hofrätten_rådstufwu_pröfwar_följe_anseende
A0068718_01283.xml,33,hofrätten_saken_parterne_afträdde_ansökning
A0068718_00848.xml,44,fru_förmyndare_testamente_barn_arf
A0068718_01273.xml,33,hofrätten_saken_parterne_afträdde_ansökning
A0068718_00989.xml,22,tid_års_tiden_utom_anseende
A0068718_00628.xml,3,beswär_wite_deröfwer_hofrätten_förklara
A0068718_00307.xml,33,hofrätten_saken_parterne_afträdde_ansökning
A0068718_01326.xml,33,hofrätten_saken_parterne_afträdde_ansökning
A0068718_01060.xml,33,hofrätten_saken_parterne_afträdde_ansökning
A0068718_00643.xml,3,beswär_wite_deröfwer_hofrätten_förklara
A0068718_00227.xml,33,hofrätten_saken_parterne_afträdde_ansökning
A0068718_00201.xml,33,hofrätten_saken_parterne_afträdde_ansökning
A0068718_00485.xml,33,hofrätten_saken_parterne_afträdde_ansökning
A0068718_00804.xml,22,tid_års_tiden_utom_anseende
A0068718_00924.xml,33,hofrätten_saken_parterne_afträdde_ansökning
A0068718_00926.xml,33,hofrätten_saken_parterne_afträdde_ansökning
A0068718_00540.xml,33,hofrätten_saken_parterne_afträdde_ansökning
A0068718_01150.xml,33,hofrätten_saken_parterne_afträdde_ansökning
A0068718_00112.xml,35,ränta_fordran_räkning_betalning_skuld
A0068718_01318.xml,33,hofrätten_saken_parterne_afträdde_ansökning
A0068718_00516.xml,33,hofrätten_saken_parterne_afträdde_ansökning
A0068718_00776.xml,33,hofrätten_saken_parterne_afträdde_ansökning
A0068718_00730.xml,33,hofrätten_saken_parterne_afträdde_ansökning
A0068718_01129.xml,33,hofrätten_saken_parterne_afträdde_ansökning
A0068718_00072.xml,25,hofrätten_rådstufwu_pröfwar_följe_anseende
A0068718_00757.xml,33,hofrätten_saken_parterne_afträdde_ansökning
A0068718_01099.xml,33,hofrätten_saken_parterne_afträdde_ansökning
A0068718_01165.xml,33,hofrätten_saken_parterne_afträdde_ansökning
A0068718_00764.xml,7,hemman_hemmanet_ägor_jord_skatte
A0068718_01097.xml,19,åhrs_wedh_utj_wed_äre
A0068718_01053.xml,33,hofrätten_saken_parterne_afträdde_ansökning
A0068718_00033.xml,8,sidan_ena_handlingarne_sak_saken
A0068718_00292.xml,33,hofrätten_saken_parterne_afträdde_ansökning
A0068718_01010.xml,33,hofrätten_saken_parterne_afträdde_ansökning
A0068718_00691.xml,33,hofrätten_saken_parterne_afträdde_ansökning
A0068718_00675.xml,37,talan_afseende_målet_fråga_mål
A0068718_00468.xml,33,hofrätten_saken_parterne_afträdde_ansökning
A0068718_00950.xml,25,hofrätten_rådstufwu_pröfwar_följe_anseende
A0068718_00379.xml,33,hofrätten_saken_parterne_afträdde_ansökning
A0068718_00043.xml,33,hofrätten_saken_parterne_afträdde_ansökning
A0068718_00782.xml,33,hofrätten_saken_parterne_afträdde_ansökning
A0068718_01014.xml,33,hofrätten_saken_parterne_afträdde_ansökning
A0068718_00218.xml,3,beswär_wite_deröfwer_hofrätten_förklara
A0068718_00367.xml,37,talan_afseende_målet_fråga_mål
A0068718_00459.xml,35,ränta_fordran_räkning_betalning_skuld
A0068718_00401.xml,37,talan_afseende_målet_fråga_mål
A0068718_01116.xml,33,hofrätten_saken_parterne_afträdde_ansökning
A0068718_00199.xml,33,hofrätten_saken_parterne_afträdde_ansökning
A0068718_00570.xml,22,tid_års_tiden_utom_anseende
A0068718_00900.xml,33,hofrätten_saken_parterne_afträdde_ansökning
A0068718_00259.xml,33,hofrätten_saken_parterne_afträdde_ansökning
A0068718_01056.xml,3,beswär_wite_deröfwer_hofrätten_förklara
A0068718_00377.xml,33,hofrätten_saken_parterne_afträdde_ansökning
A0068718_01357.xml,22,tid_års_tiden_utom_anseende
A0068718_00469.xml,33,hofrätten_saken_parterne_afträdde_ansökning
A0068718_00583.xml,33,hofrätten_saken_parterne_afträdde_ansökning
A0068718_00662.xml,33,hofrätten_saken_parterne_afträdde_ansökning
A0068718_00026.xml,3,beswär_wite_deröfwer_hofrätten_förklara
A0068718_00518.xml,33,hofrätten_saken_parterne_afträdde_ansökning
A0068718_01163.xml,33,hofrätten_saken_parterne_afträdde_ansökning
A0068718_00035.xml,33,hofrätten_saken_parterne_afträdde_ansökning
A0068718_00633.xml,33,hofrätten_saken_parterne_afträdde_ansökning
A0068718_00323.xml,35,ränta_fordran_räkning_betalning_skuld
A0068718_00577.xml,33,hofrätten_saken_parterne_afträdde_ansökning
A0068718_00058.xml,44,fru_förmyndare_testamente_barn_arf
A0068718_00262.xml,3,beswär_wite_deröfwer_hofrätten_förklara
A0068718_00610.xml,33,hofrätten_saken_parterne_afträdde_ansökning
A0068718_00925.xml,33,hofrätten_saken_parterne_afträdde_ansökning
A0068718_00130.xml,33,hofrätten_saken_parterne_afträdde_ansökning
A0068718_01235.xml,33,hofrätten_saken_parterne_afträdde_ansökning
A0068718_00194.xml,33,hofrätten_saken_parterne_afträdde_ansökning
A0068718_01210.xml,33,hofrätten_saken_parterne_afträdde_ansökning
A0068718_00180.xml,12,häradshöfdingen_hofrätten_riddaren_mål_närwarande
A0068718_00826.xml,33,hofrätten_saken_parterne_afträdde_ansökning
A0068718_01189.xml,33,hofrätten_saken_parterne_afträdde_ansökning
A0068718_00596.xml,33,hofrätten_saken_parterne_afträdde_ansökning
A0068718_00037.xml,33,hofrätten_saken_parterne_afträdde_ansökning
A0068718_00584.xml,33,hofrätten_saken_parterne_afträdde_ansökning
A0068718_00198.xml,3,beswär_wite_deröfwer_hofrätten_förklara
A0068718_00242.xml,44,fru_förmyndare_testamente_barn_arf
A0068718_00062.xml,12,häradshöfdingen_hofrätten_riddaren_mål_närwarande
A0068718_01047.xml,33,hofrätten_saken_parterne_afträdde_ansökning
A0068718_01347.xml,33,hofrätten_saken_parterne_afträdde_ansökning
A0068718_00903.xml,37,talan_afseende_målet_fråga_mål
A0068718_01343.xml,33,hofrätten_saken_parterne_afträdde_ansökning
A0068718_00847.xml,33,hofrätten_saken_parterne_afträdde_ansökning
A0068718_00311.xml,33,hofrätten_saken_parterne_afträdde_ansökning
A0068718_01032.xml,33,hofrätten_saken_parterne_afträdde_ansökning
A0068718_00566.xml,35,ränta_fordran_räkning_betalning_skuld
A0068718_00382.xml,44,fru_förmyndare_testamente_barn_arf
A0068718_00658.xml,3,beswär_wite_deröfwer_hofrätten_förklara
A0068718_01001.xml,35,ränta_fordran_räkning_betalning_skuld
A0068718_01119.xml,33,hofrätten_saken_parterne_afträdde_ansökning
A0068718_01132.xml,22,tid_års_tiden_utom_anseende
A0068718_00527.xml,37,talan_afseende_målet_fråga_mål
A0068718_00687.xml,33,hofrätten_saken_parterne_afträdde_ansökning
A0068718_01226.xml,37,talan_afseende_målet_fråga_mål
A0068718_00944.xml,25,hofrätten_rådstufwu_pröfwar_följe_anseende
A0068718_00988.xml,22,tid_års_tiden_utom_anseende
A0068718_00410.xml,33,hofrätten_saken_parterne_afträdde_ansökning
A0068718_00422.xml,19,åhrs_wedh_utj_wed_äre
A0068718_00184.xml,37,talan_afseende_målet_fråga_mål
A0068718_00078.xml,33,hofrätten_saken_parterne_afträdde_ansökning
A0068718_00761.xml,33,hofrätten_saken_parterne_afträdde_ansökning
A0068718_00770.xml,33,hofrätten_saken_parterne_afträdde_ansökning
A0068718_00621.xml,3,beswär_wite_deröfwer_hofrätten_förklara
A0068718_00963.xml,25,hofrätten_rådstufwu_pröfwar_följe_anseende
A0068718_00796.xml,33,hofrätten_saken_parterne_afträdde_ansökning
A0068718_00791.xml,33,hofrätten_saken_parterne_afträdde_ansökning
A0068718_00711.xml,33,hofrätten_saken_parterne_afträdde_ansökning
A0068718_00263.xml,44,fru_förmyndare_testamente_barn_arf
A0068718_01229.xml,7,hemman_hemmanet_ägor_jord_skatte
A0068718_00331.xml,33,hofrätten_saken_parterne_afträdde_ansökning
A0068718_00287.xml,12,häradshöfdingen_hofrätten_riddaren_mål_närwarande
A0068718_00956.xml,33,hofrätten_saken_parterne_afträdde_ansökning
A0068718_00728.xml,33,hofrätten_saken_parterne_afträdde_ansökning
A0068718_01048.xml,33,hofrätten_saken_parterne_afträdde_ansökning
A0068718_00529.xml,22,tid_års_tiden_utom_anseende
A0068718_00873.xml,33,hofrätten_saken_parterne_afträdde_ansökning
A0068718_00962.xml,1,wittnen_wittnet_berättelse_tagit_sedt
A0068718_00586.xml,25,hofrätten_rådstufwu_pröfwar_följe_anseende
A0068718_00647.xml,33,hofrätten_saken_parterne_afträdde_ansökning
A0068718_00668.xml,22,tid_års_tiden_utom_anseende
A0068718_00753.xml,22,tid_års_tiden_utom_anseende
A0068718_00108.xml,33,hofrätten_saken_parterne_afträdde_ansökning
A0068718_00157.xml,33,hofrätten_saken_parterne_afträdde_ansökning
A0068718_00098.xml,33,hofrätten_saken_parterne_afträdde_ansökning
A0068718_00020.xml,21,måns_worden_samuel_bergz_smeden
A0068718_00445.xml,3,beswär_wite_deröfwer_hofrätten_förklara
A0068718_01094.xml,44,fru_förmyndare_testamente_barn_arf
A0068718_00388.xml,37,talan_afseende_målet_fråga_mål
A0068718_00849.xml,33,hofrätten_saken_parterne_afträdde_ansökning
A0068718_00477.xml,25,hofrätten_rådstufwu_pröfwar_följe_anseende
A0068718_00856.xml,33,hofrätten_saken_parterne_afträdde_ansökning
A0068718_00219.xml,33,hofrätten_saken_parterne_afträdde_ansökning
A0068718_00163.xml,3,beswär_wite_deröfwer_hofrätten_förklara
A0068718_00703.xml,33,hofrätten_saken_parterne_afträdde_ansökning
A0068718_00071.xml,10,will_willia_ähre_gudh_saken
A0068718_00637.xml,33,hofrätten_saken_parterne_afträdde_ansökning
A0068718_00721.xml,33,hofrätten_saken_parterne_afträdde_ansökning
A0068718_00843.xml,37,talan_afseende_målet_fråga_mål
A0068718_00594.xml,33,hofrätten_saken_parterne_afträdde_ansökning
A0068718_00894.xml,25,hofrätten_rådstufwu_pröfwar_följe_anseende
A0068718_00040.xml,3,beswär_wite_deröfwer_hofrätten_förklara
A0068718_01339.xml,25,hofrätten_rådstufwu_pröfwar_följe_anseende
A0068718_00358.xml,12,häradshöfdingen_hofrätten_riddaren_mål_närwarande
A0068718_00692.xml,33,hofrätten_saken_parterne_afträdde_ansökning
A0068718_00842.xml,22,tid_års_tiden_utom_anseende
A0068718_01221.xml,33,hofrätten_saken_parterne_afträdde_ansökning
A0068718_00947.xml,8,sidan_ena_handlingarne_sak_saken
A0068718_01239.xml,33,hofrätten_saken_parterne_afträdde_ansökning
A0068718_00974.xml,33,hofrätten_saken_parterne_afträdde_ansökning
A0068718_01059.xml,33,hofrätten_saken_parterne_afträdde_ansökning
A0068718_00275.xml,33,hofrätten_saken_parterne_afträdde_ansökning
A0068718_00239.xml,33,hofrätten_saken_parterne_afträdde_ansökning
A0068718_00205.xml,33,hofrätten_saken_parterne_afträdde_ansökning
A0068718_01154.xml,6,gången_grufwe_wijd_decembr_nästkommande
A0068718_00918.xml,33,hofrätten_saken_parterne_afträdde_ansökning
A0068718_00178.xml,33,hofrätten_saken_parterne_afträdde_ansökning
A0068718_00462.xml,12,häradshöfdingen_hofrätten_riddaren_mål_närwarande
A0068718_00271.xml,33,hofrätten_saken_parterne_afträdde_ansökning
A0068718_01167.xml,33,hofrätten_saken_parterne_afträdde_ansökning
A0068718_00487.xml,33,hofrätten_saken_parterne_afträdde_ansökning
A0068718_01035.xml,33,hofrätten_saken_parterne_afträdde_ansökning
A0068718_00105.xml,3,beswär_wite_deröfwer_hofrätten_förklara
A0068718_01271.xml,25,hofrätten_rådstufwu_pröfwar_följe_anseende
A0068718_00914.xml,33,hofrätten_saken_parterne_afträdde_ansökning
A0068718_00102.xml,3,beswär_wite_deröfwer_hofrätten_förklara
A0068718_00601.xml,33,hofrätten_saken_parterne_afträdde_ansökning
A0068718_00580.xml,35,ränta_fordran_räkning_betalning_skuld
A0068718_01367.xml,3,beswär_wite_deröfwer_hofrätten_förklara
A0068718_01152.xml,33,hofrätten_saken_parterne_afträdde_ansökning
A0068718_01277.xml,33,hofrätten_saken_parterne_afträdde_ansökning
A0068718_00478.xml,25,hofrätten_rådstufwu_pröfwar_följe_anseende
A0068718_00028.xml,3,beswär_wite_deröfwer_hofrätten_förklara
A0068718_00314.xml,3,beswär_wite_deröfwer_hofrätten_förklara
A0068718_01200.xml,33,hofrätten_saken_parterne_afträdde_ansökning
A0068718_00684.xml,43,hustru_dotter_hustrus_barn_christina
A0068718_00117.xml,33,hofrätten_saken_parterne_afträdde_ansökning
A0068718_00928.xml,3,beswär_wite_deröfwer_hofrätten_förklara
A0068718_01110.xml,22,tid_års_tiden_utom_anseende
A0068718_01144.xml,33,hofrätten_saken_parterne_afträdde_ansökning
A0068718_01013.xml,37,talan_afseende_målet_fråga_mål
A0068718_00257.xml,33,hofrätten_saken_parterne_afträdde_ansökning
A0068718_00347.xml,33,hofrätten_saken_parterne_afträdde_ansökning
A0068718_00538.xml,37,talan_afseende_målet_fråga_mål
A0068718_00740.xml,33,hofrätten_saken_parterne_afträdde_ansökning
A0068718_00835.xml,33,hofrätten_saken_parterne_afträdde_ansökning
A0068718_00457.xml,33,hofrätten_saken_parterne_afträdde_ansökning
A0068718_00593.xml,33,hofrätten_saken_parterne_afträdde_ansökning
A0068718_00760.xml,33,hofrätten_saken_parterne_afträdde_ansökning
A0068718_00917.xml,33,hofrätten_saken_parterne_afträdde_ansökning
A0068718_00166.xml,3,beswär_wite_deröfwer_hofrätten_förklara
A0068718_00543.xml,33,hofrätten_saken_parterne_afträdde_ansökning
A0068718_00733.xml,33,hofrätten_saken_parterne_afträdde_ansökning
A0068718_00431.xml,25,hofrätten_rådstufwu_pröfwar_följe_anseende
A0068718_00511.xml,33,hofrätten_saken_parterne_afträdde_ansökning
A0068718_00011.xml,43,hustru_dotter_hustrus_barn_christina
A0068718_00836.xml,33,hofrätten_saken_parterne_afträdde_ansökning
A0068718_00185.xml,33,hofrätten_saken_parterne_afträdde_ansökning
A0068718_01079.xml,44,fru_förmyndare_testamente_barn_arf
A0068718_01157.xml,33,hofrätten_saken_parterne_afträdde_ansökning
A0068718_00738.xml,33,hofrätten_saken_parterne_afträdde_ansökning
A0068718_00815.xml,33,hofrätten_saken_parterne_afträdde_ansökning
A0068718_00961.xml,33,hofrätten_saken_parterne_afträdde_ansökning
A0068718_01043.xml,33,hofrätten_saken_parterne_afträdde_ansökning
A0068718_01045.xml,25,hofrätten_rådstufwu_pröfwar_följe_anseende
A0068718_00744.xml,37,talan_afseende_målet_fråga_mål
A0068718_00176.xml,33,hofrätten_saken_parterne_afträdde_ansökning
A0068718_01257.xml,25,hofrätten_rådstufwu_pröfwar_följe_anseende
A0068718_00241.xml,44,fru_förmyndare_testamente_barn_arf
A0068718_01231.xml,22,tid_års_tiden_utom_anseende
A0068718_01111.xml,35,ränta_fordran_räkning_betalning_skuld
A0068718_00646.xml,3,beswär_wite_deröfwer_hofrätten_förklara
A0068718_01196.xml,8,sidan_ena_handlingarne_sak_saken
A0068718_00508.xml,33,hofrätten_saken_parterne_afträdde_ansökning
A0068718_00724.xml,35,ränta_fordran_räkning_betalning_skuld
A0068718_00197.xml,33,hofrätten_saken_parterne_afträdde_ansökning
A0068718_00235.xml,25,hofrätten_rådstufwu_pröfwar_följe_anseende
A0068718_00652.xml,8,sidan_ena_handlingarne_sak_saken
A0068718_00270.xml,33,hofrätten_saken_parterne_afträdde_ansökning
A0068718_00729.xml,33,hofrätten_saken_parterne_afträdde_ansökning
A0068718_00497.xml,33,hofrätten_saken_parterne_afträdde_ansökning
A0068718_00069.xml,3,beswär_wite_deröfwer_hofrätten_förklara
A0068718_00786.xml,33,hofrätten_saken_parterne_afträdde_ansökning
A0068718_01007.xml,33,hofrätten_saken_parterne_afträdde_ansökning
A0068718_00124.xml,3,beswär_wite_deröfwer_hofrätten_förklara
A0068718_00702.xml,33,hofrätten_saken_parterne_afträdde_ansökning
A0068718_00581.xml,35,ränta_fordran_räkning_betalning_skuld
A0068718_00342.xml,33,hofrätten_saken_parterne_afträdde_ansökning
A0068718_01016.xml,22,tid_års_tiden_utom_anseende
A0068718_01296.xml,33,hofrätten_saken_parterne_afträdde_ansökning
A0068718_01039.xml,33,hofrätten_saken_parterne_afträdde_ansökning
A0068718_00712.xml,33,hofrätten_saken_parterne_afträdde_ansökning
A0068718_01102.xml,33,hofrätten_saken_parterne_afträdde_ansökning
A0068718_00370.xml,33,hofrätten_saken_parterne_afträdde_ansökning
A0068718_01127.xml,3,beswär_wite_deröfwer_hofrätten_förklara
A0068718_00922.xml,33,hofrätten_saken_parterne_afträdde_ansökning
A0068718_00283.xml,3,beswär_wite_deröfwer_hofrätten_förklara
A0068718_00641.xml,33,hofrätten_saken_parterne_afträdde_ansökning
A0068718_00604.xml,33,hofrätten_saken_parterne_afträdde_ansökning
A0068718_00524.xml,33,hofrätten_saken_parterne_afträdde_ansökning
A0068718_00123.xml,33,hofrätten_saken_parterne_afträdde_ansökning
A0068718_00193.xml,8,sidan_ena_handlingarne_sak_saken
A0068718_01227.xml,12,häradshöfdingen_hofrätten_riddaren_mål_närwarande
A0068718_01219.xml,33,hofrätten_saken_parterne_afträdde_ansökning
A0068718_01202.xml,33,hofrätten_saken_parterne_afträdde_ansökning
A0068718_01279.xml,33,hofrätten_saken_parterne_afträdde_ansökning
A0068718_00496.xml,37,talan_afseende_målet_fråga_mål
A0068718_00664.xml,25,hofrätten_rådstufwu_pröfwar_följe_anseende
A0068718_00657.xml,33,hofrätten_saken_parterne_afträdde_ansökning
A0068718_00320.xml,33,hofrätten_saken_parterne_afträdde_ansökning
A0068718_01168.xml,22,tid_års_tiden_utom_anseende
A0068718_00460.xml,25,hofrätten_rådstufwu_pröfwar_följe_anseende
A0068718_01371.xml,33,hofrätten_saken_parterne_afträdde_ansökning
A0068718_01267.xml,33,hofrätten_saken_parterne_afträdde_ansökning
A0068718_00109.xml,22,tid_års_tiden_utom_anseende
A0068718_00769.xml,8,sidan_ena_handlingarne_sak_saken
A0068718_00892.xml,25,hofrätten_rådstufwu_pröfwar_följe_anseende
A0068718_01131.xml,22,tid_års_tiden_utom_anseende
A0068718_00373.xml,8,sidan_ena_handlingarne_sak_saken
A0068718_00228.xml,33,hofrätten_saken_parterne_afträdde_ansökning
A0068718_00893.xml,25,hofrätten_rådstufwu_pröfwar_följe_anseende
A0068718_00861.xml,33,hofrätten_saken_parterne_afträdde_ansökning
A0068718_01269.xml,25,hofrätten_rådstufwu_pröfwar_följe_anseende
A0068718_00617.xml,37,talan_afseende_målet_fråga_mål
A0068718_00483.xml,25,hofrätten_rådstufwu_pröfwar_följe_anseende
A0068718_01310.xml,33,hofrätten_saken_parterne_afträdde_ansökning
A0068718_01185.xml,33,hofrätten_saken_parterne_afträdde_ansökning
A0068718_01293.xml,44,fru_förmyndare_testamente_barn_arf
A0068718_01299.xml,35,ränta_fordran_räkning_betalning_skuld
A0068718_00539.xml,44,fru_förmyndare_testamente_barn_arf
A0068718_00613.xml,22,tid_års_tiden_utom_anseende
A0068718_01234.xml,44,fru_förmyndare_testamente_barn_arf
A0068718_01344.xml,33,hofrätten_saken_parterne_afträdde_ansökning
A0068718_00715.xml,33,hofrätten_saken_parterne_afträdde_ansökning
A0068718_01307.xml,33,hofrätten_saken_parterne_afträdde_ansökning
A0068718_00931.xml,33,hofrätten_saken_parterne_afträdde_ansökning
A0068718_00348.xml,25,hofrätten_rådstufwu_pröfwar_följe_anseende
A0068718_00735.xml,33,hofrätten_saken_parterne_afträdde_ansökning
A0068718_00939.xml,33,hofrätten_saken_parterne_afträdde_ansökning
A0068718_00654.xml,12,häradshöfdingen_hofrätten_riddaren_mål_närwarande
A0068718_00999.xml,3,beswär_wite_deröfwer_hofrätten_förklara
A0068718_00074.xml,3,beswär_wite_deröfwer_hofrätten_förklara
A0068718_00390.xml,33,hofrätten_saken_parterne_afträdde_ansökning
A0068718_00464.xml,33,hofrätten_saken_parterne_afträdde_ansökning
A0068718_00688.xml,22,tid_års_tiden_utom_anseende
A0068718_00438.xml,33,hofrätten_saken_parterne_afträdde_ansökning
A0068718_00249.xml,33,hofrätten_saken_parterne_afträdde_ansökning
A0068718_00475.xml,35,ränta_fordran_räkning_betalning_skuld
A0068718_01031.xml,33,hofrätten_saken_parterne_afträdde_ansökning
A0068718_00065.xml,33,hofrätten_saken_parterne_afträdde_ansökning
A0068718_01304.xml,25,hofrätten_rådstufwu_pröfwar_följe_anseende
A0068718_01159.xml,33,hofrätten_saken_parterne_afträdde_ansökning
A0068718_01020.xml,25,hofrätten_rådstufwu_pröfwar_följe_anseende
A0068718_01224.xml,35,ränta_fordran_räkning_betalning_skuld
A0068718_01315.xml,33,hofrätten_saken_parterne_afträdde_ansökning
A0068718_00421.xml,44,fru_förmyndare_testamente_barn_arf
A0068718_00886.xml,33,hofrätten_saken_parterne_afträdde_ansökning
A0068718_01248.xml,33,hofrätten_saken_parterne_afträdde_ansökning
A0068718_00879.xml,33,hofrätten_saken_parterne_afträdde_ansökning
A0068718_00689.xml,33,hofrätten_saken_parterne_afträdde_ansökning
A0068718_01216.xml,25,hofrätten_rådstufwu_pröfwar_följe_anseende
A0068718_01091.xml,25,hofrätten_rådstufwu_pröfwar_följe_anseende
A0068718_00697.xml,33,hofrätten_saken_parterne_afträdde_ansökning
A0068718_00964.xml,33,hofrätten_saken_parterne_afträdde_ansökning
A0068718_00160.xml,33,hofrätten_saken_parterne_afträdde_ansökning
A0068718_00793.xml,44,fru_förmyndare_testamente_barn_arf
A0068718_01178.xml,33,hofrätten_saken_parterne_afträdde_ansökning
A0030241_00062.xml,17,bergs_ting_påstående_bruks_käranden
A0030241_00273.xml,17,bergs_ting_påstående_bruks_käranden
A0030241_00372.xml,1,wittnen_wittnet_berättelse_tagit_sedt
A0030241_00213.xml,17,bergs_ting_påstående_bruks_käranden
A0030241_00069.xml,17,bergs_ting_påstående_bruks_käranden
A0030241_00243.xml,17,bergs_ting_påstående_bruks_käranden
A0030241_00290.xml,17,bergs_ting_påstående_bruks_käranden
A0030241_00088.xml,17,bergs_ting_påstående_bruks_käranden
A0030241_00350.xml,17,bergs_ting_påstående_bruks_käranden
A0030241_00324.xml,1,wittnen_wittnet_berättelse_tagit_sedt
A0030241_00024.xml,17,bergs_ting_påstående_bruks_käranden
A0030241_00184.xml,17,bergs_ting_påstående_bruks_käranden
A0030241_00366.xml,17,bergs_ting_påstående_bruks_käranden
A0030241_00105.xml,17,bergs_ting_påstående_bruks_käranden
A0030241_00219.xml,22,tid_års_tiden_utom_anseende
A0030241_00270.xml,17,bergs_ting_påstående_bruks_käranden
A0030241_00214.xml,17,bergs_ting_påstående_bruks_käranden
A0030241_00007.xml,17,bergs_ting_påstående_bruks_käranden
A0030241_00041.xml,17,bergs_ting_påstående_bruks_käranden
A0030241_00127.xml,26,bevis_vore_enkan_född_vite
A0030241_00232.xml,17,bergs_ting_påstående_bruks_käranden
A0030241_00300.xml,17,bergs_ting_påstående_bruks_käranden
A0030241_00134.xml,17,bergs_ting_påstående_bruks_käranden
A0030241_00387.xml,17,bergs_ting_påstående_bruks_käranden
A0030241_00381.xml,1,wittnen_wittnet_berättelse_tagit_sedt
A0030241_00418.xml,17,bergs_ting_påstående_bruks_käranden
A0030241_00037.xml,17,bergs_ting_påstående_bruks_käranden
A0030241_00023.xml,17,bergs_ting_påstående_bruks_käranden
A0030241_00122.xml,17,bergs_ting_påstående_bruks_käranden
A0030241_00298.xml,17,bergs_ting_påstående_bruks_käranden
A0030241_00392.xml,17,bergs_ting_påstående_bruks_käranden
A0030241_00436.xml,31,härads_rättens_målet_utslaget_dömd
A0030241_00058.xml,17,bergs_ting_påstående_bruks_käranden
A0030241_00008.xml,17,bergs_ting_påstående_bruks_käranden
A0030241_00039.xml,17,bergs_ting_påstående_bruks_käranden
A0030241_00063.xml,17,bergs_ting_påstående_bruks_käranden
A0030241_00370.xml,26,bevis_vore_enkan_född_vite
A0030241_00411.xml,17,bergs_ting_påstående_bruks_käranden
A0030241_00032.xml,17,bergs_ting_påstående_bruks_käranden
A0030241_00236.xml,17,bergs_ting_påstående_bruks_käranden
A0030241_00144.xml,17,bergs_ting_påstående_bruks_käranden
A0030241_00252.xml,17,bergs_ting_påstående_bruks_käranden
A0030241_00106.xml,17,bergs_ting_påstående_bruks_käranden
A0030241_00202.xml,17,bergs_ting_påstående_bruks_käranden
A0030241_00430.xml,17,bergs_ting_påstående_bruks_käranden
A0030241_00138.xml,22,tid_års_tiden_utom_anseende
A0030241_00255.xml,17,bergs_ting_påstående_bruks_käranden
A0030241_00250.xml,17,bergs_ting_påstående_bruks_käranden
A0030241_00165.xml,22,tid_års_tiden_utom_anseende
A0030241_00314.xml,17,bergs_ting_påstående_bruks_käranden
A0030241_00057.xml,26,bevis_vore_enkan_född_vite
A0030241_00204.xml,17,bergs_ting_påstående_bruks_käranden
A0030241_00428.xml,17,bergs_ting_påstående_bruks_käranden
A0030241_00248.xml,17,bergs_ting_påstående_bruks_käranden
A0030241_00415.xml,17,bergs_ting_påstående_bruks_käranden
A0030241_00403.xml,26,bevis_vore_enkan_född_vite
A0030241_00341.xml,17,bergs_ting_påstående_bruks_käranden
A0030241_00130.xml,17,bergs_ting_påstående_bruks_käranden
A0030241_00098.xml,22,tid_års_tiden_utom_anseende
A0030241_00417.xml,22,tid_års_tiden_utom_anseende
A0030241_00167.xml,17,bergs_ting_påstående_bruks_käranden
A0030241_00158.xml,17,bergs_ting_påstående_bruks_käranden
A0030241_00291.xml,17,bergs_ting_påstående_bruks_käranden
A0030241_00194.xml,17,bergs_ting_påstående_bruks_käranden
A0030241_00181.xml,17,bergs_ting_påstående_bruks_käranden
A0030241_00125.xml,17,bergs_ting_påstående_bruks_käranden
A0030241_00421.xml,17,bergs_ting_påstående_bruks_käranden
A0030241_00183.xml,35,ränta_fordran_räkning_betalning_skuld
A0030241_00246.xml,17,bergs_ting_påstående_bruks_käranden
A0030241_00369.xml,26,bevis_vore_enkan_född_vite
A0030241_00139.xml,26,bevis_vore_enkan_född_vite
A0030241_00311.xml,17,bergs_ting_påstående_bruks_käranden
A0030241_00102.xml,17,bergs_ting_påstående_bruks_käranden
A0030241_00128.xml,17,bergs_ting_påstående_bruks_käranden
A0030241_00157.xml,17,bergs_ting_påstående_bruks_käranden
A0030241_00267.xml,17,bergs_ting_påstående_bruks_käranden
A0030241_00359.xml,17,bergs_ting_påstående_bruks_käranden
A0030241_00097.xml,17,bergs_ting_påstående_bruks_käranden
A0030241_00113.xml,17,bergs_ting_påstående_bruks_käranden
A0030241_00205.xml,17,bergs_ting_påstående_bruks_käranden
A0030241_00352.xml,17,bergs_ting_påstående_bruks_käranden
A0030241_00170.xml,17,bergs_ting_påstående_bruks_käranden
A0030241_00280.xml,17,bergs_ting_påstående_bruks_käranden
A0030241_00224.xml,17,bergs_ting_påstående_bruks_käranden
A0030241_00162.xml,22,tid_års_tiden_utom_anseende
A0030241_00257.xml,17,bergs_ting_påstående_bruks_käranden
A0030241_00364.xml,12,häradshöfdingen_hofrätten_riddaren_mål_närwarande
A0030241_00333.xml,17,bergs_ting_påstående_bruks_käranden
A0030241_00319.xml,22,tid_års_tiden_utom_anseende
A0030241_00133.xml,17,bergs_ting_påstående_bruks_käranden
A0030241_00299.xml,14,skog_skogen_mark_grefve_östra
A0030241_00212.xml,17,bergs_ting_påstående_bruks_käranden
A0030241_00022.xml,17,bergs_ting_påstående_bruks_käranden
A0030241_00096.xml,17,bergs_ting_påstående_bruks_käranden
A0030241_00414.xml,17,bergs_ting_påstående_bruks_käranden
A0030241_00028.xml,17,bergs_ting_påstående_bruks_käranden
A0030241_00182.xml,17,bergs_ting_påstående_bruks_käranden
A0030241_00124.xml,17,bergs_ting_påstående_bruks_käranden
A0030241_00177.xml,17,bergs_ting_påstående_bruks_käranden
A0030241_00188.xml,17,bergs_ting_påstående_bruks_käranden
A0030241_00302.xml,17,bergs_ting_påstående_bruks_käranden
A0030241_00055.xml,17,bergs_ting_påstående_bruks_käranden
A0030241_00012.xml,17,bergs_ting_påstående_bruks_käranden
A0030241_00240.xml,17,bergs_ting_påstående_bruks_käranden
A0030241_00137.xml,17,bergs_ting_påstående_bruks_käranden
A0030241_00110.xml,17,bergs_ting_påstående_bruks_käranden
A0030241_00143.xml,17,bergs_ting_påstående_bruks_käranden
A0030241_00378.xml,17,bergs_ting_påstående_bruks_käranden
A0030241_00326.xml,1,wittnen_wittnet_berättelse_tagit_sedt
A0030241_00109.xml,35,ränta_fordran_räkning_betalning_skuld
A0030241_00306.xml,26,bevis_vore_enkan_född_vite
A0030241_00420.xml,17,bergs_ting_påstående_bruks_käranden
A0030241_00003.xml,17,bergs_ting_påstående_bruks_käranden
A0030241_00312.xml,17,bergs_ting_påstående_bruks_käranden
A0030241_00048.xml,37,talan_afseende_målet_fråga_mål
A0030241_00401.xml,17,bergs_ting_påstående_bruks_käranden
A0030241_00368.xml,17,bergs_ting_påstående_bruks_käranden
A0030241_00086.xml,1,wittnen_wittnet_berättelse_tagit_sedt
A0030241_00119.xml,17,bergs_ting_påstående_bruks_käranden
A0030241_00195.xml,17,bergs_ting_påstående_bruks_käranden
A0030241_00100.xml,17,bergs_ting_påstående_bruks_käranden
A0030241_00323.xml,1,wittnen_wittnet_berättelse_tagit_sedt
A0030241_00161.xml,17,bergs_ting_påstående_bruks_käranden
A0030241_00233.xml,17,bergs_ting_påstående_bruks_käranden
A0030241_00050.xml,17,bergs_ting_påstående_bruks_käranden
A0030241_00036.xml,17,bergs_ting_påstående_bruks_käranden
A0030241_00146.xml,17,bergs_ting_påstående_bruks_käranden
A0030241_00056.xml,17,bergs_ting_påstående_bruks_käranden
A0030241_00085.xml,17,bergs_ting_påstående_bruks_käranden
A0030241_00294.xml,17,bergs_ting_påstående_bruks_käranden
A0030241_00046.xml,17,bergs_ting_påstående_bruks_käranden
A0030241_00178.xml,17,bergs_ting_påstående_bruks_käranden
A0030241_00223.xml,17,bergs_ting_påstående_bruks_käranden
A0030241_00101.xml,17,bergs_ting_påstående_bruks_käranden
A0030241_00169.xml,17,bergs_ting_påstående_bruks_käranden
A0030241_00067.xml,17,bergs_ting_påstående_bruks_käranden
A0030241_00360.xml,17,bergs_ting_påstående_bruks_käranden
A0030241_00271.xml,17,bergs_ting_påstående_bruks_käranden
A0030241_00356.xml,17,bergs_ting_påstående_bruks_käranden
A0030241_00171.xml,17,bergs_ting_påstående_bruks_käranden
A0030241_00230.xml,17,bergs_ting_påstående_bruks_käranden
A0030241_00327.xml,22,tid_års_tiden_utom_anseende
A0030241_00061.xml,17,bergs_ting_påstående_bruks_käranden
A0030241_00090.xml,14,skog_skogen_mark_grefve_östra
A0030241_00060.xml,17,bergs_ting_påstående_bruks_käranden
A0030241_00284.xml,17,bergs_ting_påstående_bruks_käranden
A0030241_00191.xml,17,bergs_ting_påstående_bruks_käranden
A0030241_00218.xml,17,bergs_ting_påstående_bruks_käranden
A0030241_00425.xml,17,bergs_ting_påstående_bruks_käranden
A0030241_00377.xml,17,bergs_ting_påstående_bruks_käranden
A0030241_00150.xml,17,bergs_ting_påstående_bruks_käranden
A0030241_00120.xml,17,bergs_ting_påstående_bruks_käranden
A0030241_00282.xml,17,bergs_ting_påstående_bruks_käranden
A0030241_00402.xml,35,ränta_fordran_räkning_betalning_skuld
A0030241_00362.xml,17,bergs_ting_påstående_bruks_käranden
A0030241_00309.xml,17,bergs_ting_påstående_bruks_käranden
A0030241_00427.xml,17,bergs_ting_påstående_bruks_käranden
A0030241_00206.xml,17,bergs_ting_påstående_bruks_käranden
A0030241_00268.xml,17,bergs_ting_påstående_bruks_käranden
A0030241_00042.xml,17,bergs_ting_påstående_bruks_käranden
A0030241_00407.xml,17,bergs_ting_påstående_bruks_käranden
A0030241_00380.xml,17,bergs_ting_påstående_bruks_käranden
A0030241_00313.xml,35,ränta_fordran_räkning_betalning_skuld
A0030241_00071.xml,17,bergs_ting_påstående_bruks_käranden
A0030241_00438.xml,17,bergs_ting_påstående_bruks_käranden
A0030241_00116.xml,17,bergs_ting_påstående_bruks_käranden
A0030241_00347.xml,17,bergs_ting_påstående_bruks_käranden
A0030241_00339.xml,17,bergs_ting_påstående_bruks_käranden
A0030241_00099.xml,17,bergs_ting_påstående_bruks_käranden
A0030241_00354.xml,17,bergs_ting_påstående_bruks_käranden
A0030241_00361.xml,17,bergs_ting_påstående_bruks_käranden
A0030241_00065.xml,17,bergs_ting_påstående_bruks_käranden
A0030241_00025.xml,17,bergs_ting_påstående_bruks_käranden
A0030241_00152.xml,17,bergs_ting_påstående_bruks_käranden
A0030241_00136.xml,17,bergs_ting_påstående_bruks_käranden
A0030241_00254.xml,17,bergs_ting_påstående_bruks_käranden
A0030241_00077.xml,17,bergs_ting_påstående_bruks_käranden
A0030241_00107.xml,17,bergs_ting_påstående_bruks_käranden
A0030241_00153.xml,26,bevis_vore_enkan_född_vite
A0030241_00286.xml,17,bergs_ting_påstående_bruks_käranden
A0030241_00043.xml,17,bergs_ting_påstående_bruks_käranden
A0030241_00011.xml,17,bergs_ting_påstående_bruks_käranden
A0030241_00358.xml,17,bergs_ting_påstående_bruks_käranden
A0030241_00066.xml,17,bergs_ting_påstående_bruks_käranden
A0030241_00092.xml,14,skog_skogen_mark_grefve_östra
A0030241_00426.xml,17,bergs_ting_påstående_bruks_käranden
A0030241_00093.xml,17,bergs_ting_påstående_bruks_käranden
A0030241_00207.xml,17,bergs_ting_påstående_bruks_käranden
A0030241_00180.xml,37,talan_afseende_målet_fråga_mål
A0030241_00076.xml,17,bergs_ting_påstående_bruks_käranden
A0030241_00277.xml,17,bergs_ting_påstående_bruks_käranden
A0030241_00163.xml,17,bergs_ting_påstående_bruks_käranden
A0030241_00382.xml,17,bergs_ting_påstående_bruks_käranden
A0030241_00262.xml,17,bergs_ting_påstående_bruks_käranden
A0030241_00266.xml,17,bergs_ting_påstående_bruks_käranden
A0030241_00200.xml,26,bevis_vore_enkan_född_vite
A0030241_00237.xml,17,bergs_ting_påstående_bruks_käranden
A0030241_00117.xml,17,bergs_ting_påstående_bruks_käranden
A0030241_00238.xml,17,bergs_ting_påstående_bruks_käranden
A0030241_00432.xml,1,wittnen_wittnet_berättelse_tagit_sedt
A0030241_00021.xml,17,bergs_ting_påstående_bruks_käranden
A0030241_00410.xml,17,bergs_ting_påstående_bruks_käranden
A0030241_00288.xml,17,bergs_ting_påstående_bruks_käranden
A0030241_00030.xml,17,bergs_ting_påstående_bruks_käranden
A0030241_00275.xml,17,bergs_ting_påstående_bruks_käranden
A0030241_00404.xml,17,bergs_ting_påstående_bruks_käranden
A0030241_00304.xml,22,tid_års_tiden_utom_anseende
A0030241_00015.xml,17,bergs_ting_påstående_bruks_käranden
A0030241_00135.xml,17,bergs_ting_påstående_bruks_käranden
A0030241_00141.xml,14,skog_skogen_mark_grefve_östra
A0030241_00365.xml,17,bergs_ting_påstående_bruks_käranden
A0030241_00221.xml,17,bergs_ting_påstående_bruks_käranden
A0030241_00413.xml,26,bevis_vore_enkan_född_vite
A0030241_00343.xml,17,bergs_ting_påstående_bruks_käranden
A0030241_00047.xml,17,bergs_ting_påstående_bruks_käranden
A0030241_00371.xml,26,bevis_vore_enkan_född_vite
A0030241_00389.xml,26,bevis_vore_enkan_född_vite
A0030241_00051.xml,17,bergs_ting_påstående_bruks_käranden
A0030241_00108.xml,17,bergs_ting_påstående_bruks_käranden
A0030241_00334.xml,12,häradshöfdingen_hofrätten_riddaren_mål_närwarande
A0030241_00289.xml,22,tid_års_tiden_utom_anseende
A0030241_00176.xml,17,bergs_ting_påstående_bruks_käranden
A0030241_00193.xml,17,bergs_ting_påstående_bruks_käranden
A0030241_00297.xml,17,bergs_ting_påstående_bruks_käranden
A0030241_00145.xml,17,bergs_ting_påstående_bruks_käranden
A0030241_00431.xml,1,wittnen_wittnet_berättelse_tagit_sedt
A0030241_00121.xml,17,bergs_ting_påstående_bruks_käranden
A0030241_00078.xml,17,bergs_ting_påstående_bruks_käranden
A0030241_00316.xml,17,bergs_ting_påstående_bruks_käranden
A0030241_00035.xml,17,bergs_ting_påstående_bruks_käranden
A0030241_00103.xml,1,wittnen_wittnet_berättelse_tagit_sedt
A0030241_00016.xml,17,bergs_ting_påstående_bruks_käranden
A0030241_00173.xml,17,bergs_ting_påstående_bruks_käranden
A0030241_00089.xml,37,talan_afseende_målet_fråga_mål
A0030241_00192.xml,17,bergs_ting_påstående_bruks_käranden
A0030241_00198.xml,17,bergs_ting_påstående_bruks_käranden
A0030241_00196.xml,17,bergs_ting_påstående_bruks_käranden
A0030241_00040.xml,17,bergs_ting_påstående_bruks_käranden
A0030241_00019.xml,17,bergs_ting_påstående_bruks_käranden
A0030241_00349.xml,17,bergs_ting_påstående_bruks_käranden
A0030241_00235.xml,22,tid_års_tiden_utom_anseende
A0030241_00185.xml,17,bergs_ting_påstående_bruks_käranden
A0030241_00054.xml,17,bergs_ting_påstående_bruks_käranden
A0030241_00274.xml,17,bergs_ting_påstående_bruks_käranden
A0030241_00131.xml,17,bergs_ting_påstående_bruks_käranden
A0030241_00301.xml,28,summa_betalt_interesse_specie_penningar
A0030241_00353.xml,17,bergs_ting_påstående_bruks_käranden
A0030241_00394.xml,22,tid_års_tiden_utom_anseende
A0030241_00154.xml,17,bergs_ting_påstående_bruks_käranden
A0030241_00132.xml,17,bergs_ting_påstående_bruks_käranden
A0030241_00155.xml,17,bergs_ting_påstående_bruks_käranden
A0030241_00332.xml,17,bergs_ting_påstående_bruks_käranden
A0030241_00209.xml,17,bergs_ting_påstående_bruks_käranden
A0030241_00241.xml,17,bergs_ting_påstående_bruks_käranden
A0030241_00416.xml,17,bergs_ting_påstående_bruks_käranden
A0030241_00329.xml,22,tid_års_tiden_utom_anseende
A0030241_00084.xml,22,tid_års_tiden_utom_anseende
A0030241_00320.xml,1,wittnen_wittnet_berättelse_tagit_sedt
A0030241_00433.xml,1,wittnen_wittnet_berättelse_tagit_sedt
A0030241_00287.xml,17,bergs_ting_påstående_bruks_käranden
A0030241_00374.xml,1,wittnen_wittnet_berättelse_tagit_sedt
A0030241_00386.xml,26,bevis_vore_enkan_född_vite
A0030241_00281.xml,17,bergs_ting_påstående_bruks_käranden
A0030241_00406.xml,17,bergs_ting_påstående_bruks_käranden
A0030241_00245.xml,17,bergs_ting_påstående_bruks_käranden
A0030241_00210.xml,17,bergs_ting_påstående_bruks_käranden
A0030241_00259.xml,17,bergs_ting_påstående_bruks_käranden
A0030241_00337.xml,17,bergs_ting_påstående_bruks_käranden
A0030241_00004.xml,17,bergs_ting_påstående_bruks_käranden
A0030241_00391.xml,22,tid_års_tiden_utom_anseende
A0030241_00296.xml,17,bergs_ting_påstående_bruks_käranden
A0030241_00272.xml,17,bergs_ting_påstående_bruks_käranden
A0030241_00049.xml,26,bevis_vore_enkan_född_vite
A0030241_00260.xml,17,bergs_ting_påstående_bruks_käranden
A0030241_00346.xml,17,bergs_ting_påstående_bruks_käranden
A0030241_00363.xml,17,bergs_ting_påstående_bruks_käranden
A0030241_00419.xml,17,bergs_ting_påstående_bruks_käranden
A0030241_00140.xml,17,bergs_ting_påstående_bruks_käranden
A0030241_00156.xml,17,bergs_ting_påstående_bruks_käranden
A0030241_00335.xml,12,häradshöfdingen_hofrätten_riddaren_mål_närwarande
A0030241_00014.xml,17,bergs_ting_påstående_bruks_käranden
A0030241_00044.xml,17,bergs_ting_påstående_bruks_käranden
A0030241_00159.xml,17,bergs_ting_påstående_bruks_käranden
A0030241_00330.xml,1,wittnen_wittnet_berättelse_tagit_sedt
A0030241_00315.xml,17,bergs_ting_påstående_bruks_käranden
A0030241_00276.xml,17,bergs_ting_påstående_bruks_käranden
A0030241_00115.xml,17,bergs_ting_påstående_bruks_käranden
A0030241_00385.xml,17,bergs_ting_påstående_bruks_käranden
A0030241_00018.xml,17,bergs_ting_påstående_bruks_käranden
A0030241_00251.xml,17,bergs_ting_påstående_bruks_käranden
A0030241_00342.xml,17,bergs_ting_påstående_bruks_käranden
A0030241_00080.xml,17,bergs_ting_påstående_bruks_käranden
A0030241_00216.xml,17,bergs_ting_påstående_bruks_käranden
A0030241_00355.xml,17,bergs_ting_påstående_bruks_käranden
A0030241_00038.xml,22,tid_års_tiden_utom_anseende
A0030241_00229.xml,24,banco_rst_sedlar_rsr_rsd
A0030241_00164.xml,17,bergs_ting_påstående_bruks_käranden
A0030241_00187.xml,17,bergs_ting_påstående_bruks_käranden
A0030241_00009.xml,17,bergs_ting_påstående_bruks_käranden
A0030241_00321.xml,1,wittnen_wittnet_berättelse_tagit_sedt
A0030241_00147.xml,17,bergs_ting_påstående_bruks_käranden
A0030241_00399.xml,17,bergs_ting_påstående_bruks_käranden
A0030241_00357.xml,17,bergs_ting_påstående_bruks_käranden
A0030241_00328.xml,1,wittnen_wittnet_berättelse_tagit_sedt
A0030241_00033.xml,17,bergs_ting_påstående_bruks_käranden
A0030241_00211.xml,17,bergs_ting_påstående_bruks_käranden
A0030241_00129.xml,17,bergs_ting_påstående_bruks_käranden
A0030241_00168.xml,17,bergs_ting_påstående_bruks_käranden
A0030241_00179.xml,17,bergs_ting_påstående_bruks_käranden
A0030241_00029.xml,17,bergs_ting_påstående_bruks_käranden
A0030241_00379.xml,1,wittnen_wittnet_berättelse_tagit_sedt
A0030241_00256.xml,17,bergs_ting_påstående_bruks_käranden
A0030241_00215.xml,17,bergs_ting_påstående_bruks_käranden
A0030241_00208.xml,17,bergs_ting_påstående_bruks_käranden
A0030241_00197.xml,17,bergs_ting_påstående_bruks_käranden
A0030241_00305.xml,17,bergs_ting_påstående_bruks_käranden
A0030241_00345.xml,17,bergs_ting_påstående_bruks_käranden
A0030241_00059.xml,17,bergs_ting_påstående_bruks_käranden
A0030241_00073.xml,17,bergs_ting_påstående_bruks_käranden
A0030241_00045.xml,22,tid_års_tiden_utom_anseende
A0030241_00068.xml,17,bergs_ting_påstående_bruks_käranden
A0030241_00231.xml,17,bergs_ting_påstående_bruks_käranden
A0030241_00225.xml,17,bergs_ting_påstående_bruks_käranden
A0030241_00026.xml,17,bergs_ting_påstående_bruks_käranden
A0030241_00293.xml,17,bergs_ting_påstående_bruks_käranden
A0030241_00027.xml,17,bergs_ting_påstående_bruks_käranden
A0030241_00322.xml,22,tid_års_tiden_utom_anseende
A0030241_00373.xml,1,wittnen_wittnet_berättelse_tagit_sedt
A0030241_00384.xml,17,bergs_ting_påstående_bruks_käranden
A0030241_00239.xml,17,bergs_ting_påstående_bruks_käranden
A0030241_00396.xml,17,bergs_ting_påstående_bruks_käranden
A0030241_00034.xml,17,bergs_ting_påstående_bruks_käranden
A0030241_00388.xml,1,wittnen_wittnet_berättelse_tagit_sedt
A0030241_00285.xml,35,ränta_fordran_räkning_betalning_skuld
A0030241_00020.xml,17,bergs_ting_påstående_bruks_käranden
A0030241_00017.xml,17,bergs_ting_påstående_bruks_käranden
A0030241_00423.xml,17,bergs_ting_påstående_bruks_käranden
A0030241_00006.xml,17,bergs_ting_påstående_bruks_käranden
A0030241_00338.xml,17,bergs_ting_påstående_bruks_käranden
A0030241_00292.xml,17,bergs_ting_påstående_bruks_käranden
A0030241_00190.xml,17,bergs_ting_påstående_bruks_käranden
A0030241_00166.xml,7,hemman_hemmanet_ägor_jord_skatte
A0030241_00201.xml,1,wittnen_wittnet_berättelse_tagit_sedt
A0030241_00052.xml,17,bergs_ting_påstående_bruks_käranden
A0030241_00111.xml,17,bergs_ting_påstående_bruks_käranden
A0030241_00070.xml,17,bergs_ting_påstående_bruks_käranden
A0030241_00174.xml,17,bergs_ting_påstående_bruks_käranden
A0030241_00126.xml,17,bergs_ting_påstående_bruks_käranden
A0030241_00429.xml,17,bergs_ting_påstående_bruks_käranden
A0030241_00340.xml,17,bergs_ting_påstående_bruks_käranden
A0030241_00079.xml,17,bergs_ting_påstående_bruks_käranden
A0030241_00390.xml,17,bergs_ting_påstående_bruks_käranden
A0030241_00172.xml,17,bergs_ting_påstående_bruks_käranden
A0030241_00383.xml,26,bevis_vore_enkan_född_vite
A0030241_00234.xml,17,bergs_ting_påstående_bruks_käranden
A0030241_00075.xml,17,bergs_ting_påstående_bruks_käranden
A0030241_00199.xml,37,talan_afseende_målet_fråga_mål
A0030241_00351.xml,17,bergs_ting_påstående_bruks_käranden
A0030241_00264.xml,17,bergs_ting_påstående_bruks_käranden
A0030241_00261.xml,17,bergs_ting_påstående_bruks_käranden
A0030241_00393.xml,17,bergs_ting_påstående_bruks_käranden
A0030241_00348.xml,17,bergs_ting_påstående_bruks_käranden
A0030241_00308.xml,1,wittnen_wittnet_berättelse_tagit_sedt
A0030241_00118.xml,17,bergs_ting_påstående_bruks_käranden
A0030241_00408.xml,17,bergs_ting_påstående_bruks_käranden
A0030241_00091.xml,14,skog_skogen_mark_grefve_östra
A0030241_00114.xml,17,bergs_ting_påstående_bruks_käranden
A0030241_00258.xml,17,bergs_ting_påstående_bruks_käranden
A0030241_00074.xml,17,bergs_ting_påstående_bruks_käranden
A0030241_00336.xml,17,bergs_ting_påstående_bruks_käranden
A0030241_00344.xml,17,bergs_ting_påstående_bruks_käranden
A0030241_00227.xml,17,bergs_ting_påstående_bruks_käranden
A0030241_00242.xml,17,bergs_ting_påstående_bruks_käranden
A0030241_00010.xml,17,bergs_ting_påstående_bruks_käranden
A0030241_00226.xml,17,bergs_ting_påstående_bruks_käranden
A0030241_00331.xml,1,wittnen_wittnet_berättelse_tagit_sedt
A0030241_00295.xml,17,bergs_ting_påstående_bruks_käranden
A0030241_00142.xml,17,bergs_ting_påstående_bruks_käranden
A0030241_00398.xml,17,bergs_ting_påstående_bruks_käranden
A0030241_00253.xml,26,bevis_vore_enkan_född_vite
A0030241_00083.xml,17,bergs_ting_påstående_bruks_käranden
A0030241_00278.xml,17,bergs_ting_påstående_bruks_käranden
A0030241_00087.xml,1,wittnen_wittnet_berättelse_tagit_sedt
A0030241_00072.xml,17,bergs_ting_påstående_bruks_käranden
A0030241_00031.xml,17,bergs_ting_påstående_bruks_käranden
A0030241_00064.xml,17,bergs_ting_påstående_bruks_käranden
A0030241_00249.xml,17,bergs_ting_påstående_bruks_käranden
A0030241_00203.xml,17,bergs_ting_påstående_bruks_käranden
A0030241_00434.xml,1,wittnen_wittnet_berättelse_tagit_sedt
A0030241_00283.xml,17,bergs_ting_påstående_bruks_käranden
A0030241_00151.xml,17,bergs_ting_påstående_bruks_käranden
A0030241_00095.xml,17,bergs_ting_påstående_bruks_käranden
A0030241_00104.xml,17,bergs_ting_påstående_bruks_käranden
A0030241_00094.xml,17,bergs_ting_påstående_bruks_käranden
A0030241_00053.xml,17,bergs_ting_påstående_bruks_käranden
A0030241_00186.xml,17,bergs_ting_påstående_bruks_käranden
A0030241_00112.xml,14,skog_skogen_mark_grefve_östra
A0030241_00376.xml,1,wittnen_wittnet_berättelse_tagit_sedt
A0030241_00217.xml,17,bergs_ting_påstående_bruks_käranden
A0030241_00175.xml,17,bergs_ting_påstående_bruks_käranden
A0030241_00437.xml,1,wittnen_wittnet_berättelse_tagit_sedt
A0030241_00405.xml,17,bergs_ting_påstående_bruks_käranden
A0030241_00263.xml,17,bergs_ting_påstående_bruks_käranden
A0030241_00148.xml,17,bergs_ting_påstående_bruks_käranden
A0030241_00228.xml,22,tid_års_tiden_utom_anseende
A0030241_00269.xml,17,bergs_ting_påstående_bruks_käranden
A0030241_00422.xml,17,bergs_ting_påstående_bruks_käranden
A0030241_00082.xml,37,talan_afseende_målet_fråga_mål
A0030241_00265.xml,17,bergs_ting_påstående_bruks_käranden
A0030241_00307.xml,1,wittnen_wittnet_berättelse_tagit_sedt
A0030241_00310.xml,17,bergs_ting_påstående_bruks_käranden
A0030241_00222.xml,17,bergs_ting_påstående_bruks_käranden
A0030241_00081.xml,17,bergs_ting_påstående_bruks_käranden
A0030241_00367.xml,26,bevis_vore_enkan_född_vite
A0030241_00303.xml,17,bergs_ting_påstående_bruks_käranden
A0030241_00409.xml,17,bergs_ting_påstående_bruks_käranden
A0030241_00400.xml,17,bergs_ting_påstående_bruks_käranden
A0030241_00123.xml,17,bergs_ting_påstående_bruks_käranden
A0030241_00149.xml,17,bergs_ting_påstående_bruks_käranden
A0030241_00247.xml,35,ränta_fordran_räkning_betalning_skuld
A0030241_00244.xml,17,bergs_ting_påstående_bruks_käranden
A0030241_00412.xml,17,bergs_ting_påstående_bruks_käranden
A0030241_00424.xml,17,bergs_ting_påstående_bruks_käranden
A0030241_00189.xml,17,bergs_ting_påstående_bruks_käranden
A0030241_00325.xml,1,wittnen_wittnet_berättelse_tagit_sedt
A0030241_00397.xml,35,ränta_fordran_räkning_betalning_skuld
A0030241_00013.xml,17,bergs_ting_påstående_bruks_käranden
A0030241_00317.xml,26,bevis_vore_enkan_född_vite
A0030241_00318.xml,17,bergs_ting_påstående_bruks_käranden
A0030241_00160.xml,17,bergs_ting_påstående_bruks_käranden
A0030241_00005.xml,17,bergs_ting_påstående_bruks_käranden
A0030241_00375.xml,1,wittnen_wittnet_berättelse_tagit_sedt
A0030241_00220.xml,22,tid_års_tiden_utom_anseende
A0030241_00435.xml,1,wittnen_wittnet_berättelse_tagit_sedt
A0030241_00395.xml,17,bergs_ting_påstående_bruks_käranden
C0100704_00029.xml,28,summa_betalt_interesse_specie_penningar
C0100704_00024.xml,46,transport_bord_gamla_diverse_lod
C0100704_00039.xml,46,transport_bord_gamla_diverse_lod
C0100704_00117.xml,44,fru_förmyndare_testamente_barn_arf
C0100704_00197.xml,46,transport_bord_gamla_diverse_lod
C0100704_00028.xml,14,skog_skogen_mark_grefve_östra
C0100704_00073.xml,28,summa_betalt_interesse_specie_penningar
C0100704_00054.xml,46,transport_bord_gamla_diverse_lod
C0100704_00153.xml,35,ränta_fordran_räkning_betalning_skuld
C0100704_00048.xml,35,ränta_fordran_räkning_betalning_skuld
C0100704_00086.xml,44,fru_förmyndare_testamente_barn_arf
C0100704_00085.xml,43,hustru_dotter_hustrus_barn_christina
C0100704_00023.xml,46,transport_bord_gamla_diverse_lod
C0100704_00227.xml,46,transport_bord_gamla_diverse_lod
C0100704_00187.xml,46,transport_bord_gamla_diverse_lod
C0100704_00019.xml,28,summa_betalt_interesse_specie_penningar
C0100704_00098.xml,46,transport_bord_gamla_diverse_lod
C0100704_00168.xml,46,transport_bord_gamla_diverse_lod
C0100704_00064.xml,46,transport_bord_gamla_diverse_lod
C0100704_00174.xml,44,fru_förmyndare_testamente_barn_arf
C0100704_00082.xml,46,transport_bord_gamla_diverse_lod
C0100704_00065.xml,46,transport_bord_gamla_diverse_lod
C0100704_00144.xml,46,transport_bord_gamla_diverse_lod
C0100704_00067.xml,46,transport_bord_gamla_diverse_lod
C0100704_00040.xml,46,transport_bord_gamla_diverse_lod
C0100704_00118.xml,46,transport_bord_gamla_diverse_lod
C0100704_00176.xml,16,riksdaler_daler_banco_twå_balken
C0100704_00138.xml,46,transport_bord_gamla_diverse_lod
C0100704_00170.xml,46,transport_bord_gamla_diverse_lod
C0100704_00116.xml,46,transport_bord_gamla_diverse_lod
C0100704_00068.xml,46,transport_bord_gamla_diverse_lod
C0100704_00231.xml,46,transport_bord_gamla_diverse_lod
C0100704_00090.xml,46,transport_bord_gamla_diverse_lod
C0100704_00099.xml,46,transport_bord_gamla_diverse_lod
C0100704_00137.xml,46,transport_bord_gamla_diverse_lod
C0100704_00096.xml,11,namn_undergå_fängelse_bröd_dagars
C0100704_00169.xml,46,transport_bord_gamla_diverse_lod
C0100704_00011.xml,46,transport_bord_gamla_diverse_lod
C0100704_00056.xml,46,transport_bord_gamla_diverse_lod
C0100704_00166.xml,46,transport_bord_gamla_diverse_lod
C0100704_00185.xml,46,transport_bord_gamla_diverse_lod
C0100704_00222.xml,28,summa_betalt_interesse_specie_penningar
C0100704_00194.xml,46,transport_bord_gamla_diverse_lod
C0100704_00146.xml,46,transport_bord_gamla_diverse_lod
C0100704_00012.xml,46,transport_bord_gamla_diverse_lod
C0100704_00044.xml,46,transport_bord_gamla_diverse_lod
C0100704_00124.xml,46,transport_bord_gamla_diverse_lod
C0100704_00211.xml,46,transport_bord_gamla_diverse_lod
C0100704_00072.xml,28,summa_betalt_interesse_specie_penningar
C0100704_00213.xml,44,fru_förmyndare_testamente_barn_arf
C0100704_00226.xml,46,transport_bord_gamla_diverse_lod
C0100704_00080.xml,46,transport_bord_gamla_diverse_lod
C0100704_00205.xml,28,summa_betalt_interesse_specie_penningar
C0100704_00161.xml,28,summa_betalt_interesse_specie_penningar
C0100704_00021.xml,44,fru_förmyndare_testamente_barn_arf
C0100704_00126.xml,35,ränta_fordran_räkning_betalning_skuld
C0100704_00163.xml,46,transport_bord_gamla_diverse_lod
C0100704_00018.xml,46,transport_bord_gamla_diverse_lod
C0100704_00078.xml,46,transport_bord_gamla_diverse_lod
C0100704_00186.xml,46,transport_bord_gamla_diverse_lod
C0100704_00159.xml,46,transport_bord_gamla_diverse_lod
C0100704_00225.xml,46,transport_bord_gamla_diverse_lod
C0100704_00208.xml,46,transport_bord_gamla_diverse_lod
C0100704_00130.xml,22,tid_års_tiden_utom_anseende
C0100704_00131.xml,42,berg_maii_aprill_dahl_ingifva
C0100704_00224.xml,46,transport_bord_gamla_diverse_lod
C0100704_00155.xml,44,fru_förmyndare_testamente_barn_arf
C0100704_00108.xml,46,transport_bord_gamla_diverse_lod
C0100704_00034.xml,44,fru_förmyndare_testamente_barn_arf
C0100704_00193.xml,46,transport_bord_gamla_diverse_lod
C0100704_00047.xml,35,ränta_fordran_räkning_betalning_skuld
C0100704_00189.xml,46,transport_bord_gamla_diverse_lod
C0100704_00075.xml,44,fru_förmyndare_testamente_barn_arf
C0100704_00066.xml,46,transport_bord_gamla_diverse_lod
C0100704_00179.xml,46,transport_bord_gamla_diverse_lod
C0100704_00071.xml,46,transport_bord_gamla_diverse_lod
C0100704_00110.xml,46,transport_bord_gamla_diverse_lod
C0100704_00216.xml,44,fru_förmyndare_testamente_barn_arf
C0100704_00235.xml,46,transport_bord_gamla_diverse_lod
C0100704_00070.xml,46,transport_bord_gamla_diverse_lod
C0100704_00089.xml,46,transport_bord_gamla_diverse_lod
C0100704_00207.xml,44,fru_förmyndare_testamente_barn_arf
C0100704_00181.xml,46,transport_bord_gamla_diverse_lod
C0100704_00122.xml,46,transport_bord_gamla_diverse_lod
C0100704_00014.xml,46,transport_bord_gamla_diverse_lod
C0100704_00132.xml,44,fru_förmyndare_testamente_barn_arf
C0100704_00093.xml,7,hemman_hemmanet_ägor_jord_skatte
C0100704_00180.xml,46,transport_bord_gamla_diverse_lod
C0100704_00007.xml,16,riksdaler_daler_banco_twå_balken
C0100704_00236.xml,46,transport_bord_gamla_diverse_lod
C0100704_00160.xml,35,ränta_fordran_räkning_betalning_skuld
C0100704_00074.xml,26,bevis_vore_enkan_född_vite
C0100704_00198.xml,46,transport_bord_gamla_diverse_lod
C0100704_00149.xml,46,transport_bord_gamla_diverse_lod
C0100704_00111.xml,28,summa_betalt_interesse_specie_penningar
C0100704_00237.xml,44,fru_förmyndare_testamente_barn_arf
C0100704_00196.xml,46,transport_bord_gamla_diverse_lod
C0100704_00167.xml,46,transport_bord_gamla_diverse_lod
C0100704_00079.xml,46,transport_bord_gamla_diverse_lod
C0100704_00171.xml,35,ränta_fordran_räkning_betalning_skuld
C0100704_00156.xml,46,transport_bord_gamla_diverse_lod
C0100704_00165.xml,46,transport_bord_gamla_diverse_lod
C0100704_00223.xml,46,transport_bord_gamla_diverse_lod
C0100704_00038.xml,46,transport_bord_gamla_diverse_lod
C0100704_00046.xml,35,ränta_fordran_räkning_betalning_skuld
C0100704_00164.xml,46,transport_bord_gamla_diverse_lod
C0100704_00214.xml,44,fru_förmyndare_testamente_barn_arf
C0100704_00109.xml,46,transport_bord_gamla_diverse_lod
C0100704_00229.xml,46,transport_bord_gamla_diverse_lod
C0100704_00188.xml,46,transport_bord_gamla_diverse_lod
C0100704_00129.xml,35,ränta_fordran_räkning_betalning_skuld
C0100704_00043.xml,46,transport_bord_gamla_diverse_lod
C0100704_00127.xml,28,summa_betalt_interesse_specie_penningar
C0100704_00088.xml,46,transport_bord_gamla_diverse_lod
C0100704_00158.xml,46,transport_bord_gamla_diverse_lod
C0100704_00017.xml,46,transport_bord_gamla_diverse_lod
C0100704_00182.xml,46,transport_bord_gamla_diverse_lod
C0100704_00209.xml,46,transport_bord_gamla_diverse_lod
C0100704_00145.xml,46,transport_bord_gamla_diverse_lod
C0100704_00191.xml,46,transport_bord_gamla_diverse_lod
C0100704_00190.xml,46,transport_bord_gamla_diverse_lod
C0100704_00061.xml,46,transport_bord_gamla_diverse_lod
C0100704_00112.xml,44,fru_förmyndare_testamente_barn_arf
C0100704_00136.xml,46,transport_bord_gamla_diverse_lod
C0100704_00077.xml,46,transport_bord_gamla_diverse_lod
C0100704_00036.xml,46,transport_bord_gamla_diverse_lod
C0100704_00025.xml,46,transport_bord_gamla_diverse_lod
C0100704_00092.xml,44,fru_förmyndare_testamente_barn_arf
C0100704_00239.xml,26,bevis_vore_enkan_född_vite
C0100704_00201.xml,35,ränta_fordran_räkning_betalning_skuld
C0100704_00192.xml,46,transport_bord_gamla_diverse_lod
C0100704_00053.xml,46,transport_bord_gamla_diverse_lod
C0100704_00101.xml,44,fru_förmyndare_testamente_barn_arf
C0100704_00135.xml,46,transport_bord_gamla_diverse_lod
C0100704_00152.xml,42,berg_maii_aprill_dahl_ingifva
C0100704_00125.xml,46,transport_bord_gamla_diverse_lod
C0100704_00119.xml,46,transport_bord_gamla_diverse_lod
C0100704_00022.xml,46,transport_bord_gamla_diverse_lod
C0100704_00162.xml,46,transport_bord_gamla_diverse_lod
C0100704_00016.xml,46,transport_bord_gamla_diverse_lod
C0100704_00200.xml,35,ränta_fordran_räkning_betalning_skuld
C0100704_00204.xml,35,ränta_fordran_räkning_betalning_skuld
C0100704_00094.xml,7,hemman_hemmanet_ägor_jord_skatte
C0100704_00183.xml,46,transport_bord_gamla_diverse_lod
C0100704_00206.xml,12,häradshöfdingen_hofrätten_riddaren_mål_närwarande
C0100704_00106.xml,46,transport_bord_gamla_diverse_lod
C0100704_00008.xml,46,transport_bord_gamla_diverse_lod
C0100704_00114.xml,44,fru_förmyndare_testamente_barn_arf
C0100704_00010.xml,46,transport_bord_gamla_diverse_lod
C0100704_00045.xml,23,stycken_land_gammal_silfver_silfwer
C0100704_00084.xml,28,summa_betalt_interesse_specie_penningar
C0100704_00083.xml,35,ränta_fordran_räkning_betalning_skuld
C0100704_00220.xml,46,transport_bord_gamla_diverse_lod
C0100704_00107.xml,46,transport_bord_gamla_diverse_lod
C0100704_00009.xml,46,transport_bord_gamla_diverse_lod
C0100704_00121.xml,46,transport_bord_gamla_diverse_lod
C0100704_00055.xml,46,transport_bord_gamla_diverse_lod
C0100704_00133.xml,46,transport_bord_gamla_diverse_lod
C0100704_00210.xml,46,transport_bord_gamla_diverse_lod
C0100704_00115.xml,46,transport_bord_gamla_diverse_lod
C0100704_00232.xml,46,transport_bord_gamla_diverse_lod
C0100704_00172.xml,46,transport_bord_gamla_diverse_lod
C0100704_00147.xml,46,transport_bord_gamla_diverse_lod
C0100704_00202.xml,35,ränta_fordran_räkning_betalning_skuld
C0100704_00203.xml,35,ränta_fordran_räkning_betalning_skuld
C0100704_00195.xml,46,transport_bord_gamla_diverse_lod
C0100704_00175.xml,44,fru_förmyndare_testamente_barn_arf
C0100704_00057.xml,46,transport_bord_gamla_diverse_lod
C0100704_00020.xml,44,fru_förmyndare_testamente_barn_arf
C0100704_00091.xml,35,ränta_fordran_räkning_betalning_skuld
C0100704_00026.xml,46,transport_bord_gamla_diverse_lod
C0100704_00221.xml,46,transport_bord_gamla_diverse_lod
C0100704_00199.xml,46,transport_bord_gamla_diverse_lod
C0100704_00150.xml,46,transport_bord_gamla_diverse_lod
C0100704_00049.xml,35,ränta_fordran_räkning_betalning_skuld
C0100704_00148.xml,46,transport_bord_gamla_diverse_lod
C0100704_00151.xml,28,summa_betalt_interesse_specie_penningar
C0100704_00035.xml,25,hofrätten_rådstufwu_pröfwar_följe_anseende
C0100704_00139.xml,46,transport_bord_gamla_diverse_lod
C0100704_00104.xml,7,hemman_hemmanet_ägor_jord_skatte
C0100704_00238.xml,35,ränta_fordran_räkning_betalning_skuld
C0100704_00095.xml,44,fru_förmyndare_testamente_barn_arf
C0100704_00230.xml,46,transport_bord_gamla_diverse_lod
C0100704_00027.xml,46,transport_bord_gamla_diverse_lod
C0100704_00030.xml,46,transport_bord_gamla_diverse_lod
C0100704_00120.xml,46,transport_bord_gamla_diverse_lod
C0100704_00140.xml,7,hemman_hemmanet_ägor_jord_skatte
C0100704_00042.xml,46,transport_bord_gamla_diverse_lod
C0100704_00228.xml,46,transport_bord_gamla_diverse_lod
C0100704_00184.xml,46,transport_bord_gamla_diverse_lod
C0100704_00058.xml,46,transport_bord_gamla_diverse_lod
C0100704_00059.xml,46,transport_bord_gamla_diverse_lod
C0100704_00041.xml,46,transport_bord_gamla_diverse_lod
C0100704_00033.xml,26,bevis_vore_enkan_född_vite
C0100704_00063.xml,46,transport_bord_gamla_diverse_lod
C0100704_00037.xml,46,transport_bord_gamla_diverse_lod
C0100704_00103.xml,7,hemman_hemmanet_ägor_jord_skatte
C0100704_00031.xml,44,fru_förmyndare_testamente_barn_arf
C0100704_00218.xml,46,transport_bord_gamla_diverse_lod
C0100704_00234.xml,46,transport_bord_gamla_diverse_lod
C0100704_00240.xml,44,fru_förmyndare_testamente_barn_arf
C0100704_00051.xml,44,fru_förmyndare_testamente_barn_arf
C0100704_00015.xml,46,transport_bord_gamla_diverse_lod
C0100704_00076.xml,46,transport_bord_gamla_diverse_lod
C0100704_00143.xml,46,transport_bord_gamla_diverse_lod
C0100704_00173.xml,30,lieutenanten_capitainen_borgmästaren_enka_borgenärer
C0100704_00157.xml,46,transport_bord_gamla_diverse_lod
C0100704_00100.xml,46,transport_bord_gamla_diverse_lod
C0100704_00233.xml,46,transport_bord_gamla_diverse_lod
C0100704_00123.xml,46,transport_bord_gamla_diverse_lod
C0100704_00105.xml,46,transport_bord_gamla_diverse_lod
C0100704_00212.xml,46,transport_bord_gamla_diverse_lod
C0100704_00069.xml,46,transport_bord_gamla_diverse_lod
C0100704_00177.xml,46,transport_bord_gamla_diverse_lod
C0100704_00178.xml,46,transport_bord_gamla_diverse_lod
C0100704_00217.xml,46,transport_bord_gamla_diverse_lod
C0100704_00128.xml,35,ränta_fordran_räkning_betalning_skuld
C0100704_00052.xml,46,transport_bord_gamla_diverse_lod
C0100704_00013.xml,46,transport_bord_gamla_diverse_lod
C0100704_00141.xml,44,fru_förmyndare_testamente_barn_arf
C0100704_00142.xml,44,fru_förmyndare_testamente_barn_arf
C0100704_00062.xml,46,transport_bord_gamla_diverse_lod
C0100704_00113.xml,44,fru_förmyndare_testamente_barn_arf
C0100704_00050.xml,44,fru_förmyndare_testamente_barn_arf
C0100704_00060.xml,46,transport_bord_gamla_diverse_lod
C0100704_00102.xml,44,fru_förmyndare_testamente_barn_arf
C0100704_00097.xml,44,fru_förmyndare_testamente_barn_arf
C0100704_00087.xml,46,transport_bord_gamla_diverse_lod
C0100704_00032.xml,16,riksdaler_daler_banco_twå_balken
C0100704_00134.xml,46,transport_bord_gamla_diverse_lod
C0100704_00081.xml,46,transport_bord_gamla_diverse_lod
C0100704_00219.xml,46,transport_bord_gamla_diverse_lod
A0068590_00029.xml,10,will_willia_ähre_gudh_saken
A0068590_00163.xml,5,skal_sit_elr_domen_assessor
A0068590_00082.xml,10,will_willia_ähre_gudh_saken
A0068590_00136.xml,10,will_willia_ähre_gudh_saken
A0068590_00234.xml,5,skal_sit_elr_domen_assessor
A0068590_00211.xml,5,skal_sit_elr_domen_assessor
A0068590_00117.xml,10,will_willia_ähre_gudh_saken
A0068590_00227.xml,5,skal_sit_elr_domen_assessor
A0068590_00152.xml,10,will_willia_ähre_gudh_saken
A0068590_00078.xml,10,will_willia_ähre_gudh_saken
A0068590_00125.xml,5,skal_sit_elr_domen_assessor
A0068590_00193.xml,10,will_willia_ähre_gudh_saken
A0068590_00236.xml,33,hofrätten_saken_parterne_afträdde_ansökning
A0068590_00101.xml,5,skal_sit_elr_domen_assessor
A0068590_00252.xml,5,skal_sit_elr_domen_assessor
A0068590_00024.xml,10,will_willia_ähre_gudh_saken
A0068590_00108.xml,33,hofrätten_saken_parterne_afträdde_ansökning
A0068590_00244.xml,10,will_willia_ähre_gudh_saken
A0068590_00119.xml,5,skal_sit_elr_domen_assessor
A0068590_00069.xml,10,will_willia_ähre_gudh_saken
A0068590_00118.xml,5,skal_sit_elr_domen_assessor
A0068590_00135.xml,5,skal_sit_elr_domen_assessor
A0068590_00204.xml,10,will_willia_ähre_gudh_saken
A0068590_00226.xml,10,will_willia_ähre_gudh_saken
A0068590_00058.xml,10,will_willia_ähre_gudh_saken
A0068590_00172.xml,5,skal_sit_elr_domen_assessor
A0068590_00273.xml,10,will_willia_ähre_gudh_saken
A0068590_00219.xml,10,will_willia_ähre_gudh_saken
A0068590_00268.xml,5,skal_sit_elr_domen_assessor
A0068590_00158.xml,5,skal_sit_elr_domen_assessor
A0068590_00075.xml,5,skal_sit_elr_domen_assessor
A0068590_00014.xml,27,eder_for_etc_herman_wie
A0068590_00205.xml,10,will_willia_ähre_gudh_saken
A0068590_00026.xml,10,will_willia_ähre_gudh_saken
A0068590_00045.xml,5,skal_sit_elr_domen_assessor
A0068590_00272.xml,10,will_willia_ähre_gudh_saken
A0068590_00209.xml,5,skal_sit_elr_domen_assessor
A0068590_00053.xml,5,skal_sit_elr_domen_assessor
A0068590_00150.xml,5,skal_sit_elr_domen_assessor
A0068590_00263.xml,5,skal_sit_elr_domen_assessor
A0068590_00083.xml,5,skal_sit_elr_domen_assessor
A0068590_00174.xml,5,skal_sit_elr_domen_assessor
A0068590_00137.xml,5,skal_sit_elr_domen_assessor
A0068590_00055.xml,10,will_willia_ähre_gudh_saken
A0068590_00242.xml,5,skal_sit_elr_domen_assessor
A0068590_00221.xml,5,skal_sit_elr_domen_assessor
A0068590_00232.xml,5,skal_sit_elr_domen_assessor
A0068590_00277.xml,5,skal_sit_elr_domen_assessor
A0068590_00201.xml,10,will_willia_ähre_gudh_saken
A0068590_00038.xml,5,skal_sit_elr_domen_assessor
A0068590_00177.xml,10,will_willia_ähre_gudh_saken
A0068590_00018.xml,2,und_die_mit_abraham_capitain
A0068590_00111.xml,33,hofrätten_saken_parterne_afträdde_ansökning
A0068590_00160.xml,5,skal_sit_elr_domen_assessor
A0068590_00107.xml,10,will_willia_ähre_gudh_saken
A0068590_00030.xml,5,skal_sit_elr_domen_assessor
A0068590_00076.xml,10,will_willia_ähre_gudh_saken
A0068590_00249.xml,5,skal_sit_elr_domen_assessor
A0068590_00146.xml,10,will_willia_ähre_gudh_saken
A0068590_00220.xml,22,tid_års_tiden_utom_anseende
A0068590_00196.xml,5,skal_sit_elr_domen_assessor
A0068590_00275.xml,10,will_willia_ähre_gudh_saken
A0068590_00245.xml,5,skal_sit_elr_domen_assessor
A0068590_00102.xml,5,skal_sit_elr_domen_assessor
A0068590_00255.xml,5,skal_sit_elr_domen_assessor
A0068590_00097.xml,10,will_willia_ähre_gudh_saken
A0068590_00130.xml,5,skal_sit_elr_domen_assessor
A0068590_00104.xml,5,skal_sit_elr_domen_assessor
A0068590_00122.xml,10,will_willia_ähre_gudh_saken
A0068590_00138.xml,5,skal_sit_elr_domen_assessor
A0068590_00031.xml,10,will_willia_ähre_gudh_saken
A0068590_00116.xml,10,will_willia_ähre_gudh_saken
A0068590_00228.xml,5,skal_sit_elr_domen_assessor
A0068590_00066.xml,10,will_willia_ähre_gudh_saken
A0068590_00280.xml,10,will_willia_ähre_gudh_saken
A0068590_00238.xml,10,will_willia_ähre_gudh_saken
A0068590_00257.xml,5,skal_sit_elr_domen_assessor
A0068590_00233.xml,5,skal_sit_elr_domen_assessor
A0068590_00186.xml,10,will_willia_ähre_gudh_saken
A0068590_00120.xml,5,skal_sit_elr_domen_assessor
A0068590_00057.xml,5,skal_sit_elr_domen_assessor
A0068590_00175.xml,10,will_willia_ähre_gudh_saken
A0068590_00274.xml,22,tid_års_tiden_utom_anseende
A0068590_00060.xml,10,will_willia_ähre_gudh_saken
A0068590_00068.xml,10,will_willia_ähre_gudh_saken
A0068590_00241.xml,10,will_willia_ähre_gudh_saken
A0068590_00099.xml,10,will_willia_ähre_gudh_saken
A0068590_00040.xml,10,will_willia_ähre_gudh_saken
A0068590_00202.xml,5,skal_sit_elr_domen_assessor
A0068590_00250.xml,5,skal_sit_elr_domen_assessor
A0068590_00262.xml,5,skal_sit_elr_domen_assessor
A0068590_00147.xml,10,will_willia_ähre_gudh_saken
A0068590_00184.xml,5,skal_sit_elr_domen_assessor
A0068590_00267.xml,5,skal_sit_elr_domen_assessor
A0068590_00169.xml,10,will_willia_ähre_gudh_saken
A0068590_00157.xml,5,skal_sit_elr_domen_assessor
A0068590_00271.xml,10,will_willia_ähre_gudh_saken
A0068590_00154.xml,10,will_willia_ähre_gudh_saken
A0068590_00179.xml,10,will_willia_ähre_gudh_saken
A0068590_00161.xml,10,will_willia_ähre_gudh_saken
A0068590_00092.xml,10,will_willia_ähre_gudh_saken
A0068590_00254.xml,10,will_willia_ähre_gudh_saken
A0068590_00012.xml,42,berg_maii_aprill_dahl_ingifva
A0068590_00121.xml,10,will_willia_ähre_gudh_saken
A0068590_00200.xml,5,skal_sit_elr_domen_assessor
A0068590_00103.xml,5,skal_sit_elr_domen_assessor
A0068590_00199.xml,5,skal_sit_elr_domen_assessor
A0068590_00251.xml,5,skal_sit_elr_domen_assessor
A0068590_00042.xml,10,will_willia_ähre_gudh_saken
A0068590_00050.xml,5,skal_sit_elr_domen_assessor
A0068590_00181.xml,10,will_willia_ähre_gudh_saken
A0068590_00235.xml,5,skal_sit_elr_domen_assessor
A0068590_00143.xml,10,will_willia_ähre_gudh_saken
A0068590_00133.xml,5,skal_sit_elr_domen_assessor
A0068590_00243.xml,10,will_willia_ähre_gudh_saken
A0068590_00115.xml,5,skal_sit_elr_domen_assessor
A0068590_00098.xml,10,will_willia_ähre_gudh_saken
A0068590_00096.xml,10,will_willia_ähre_gudh_saken
A0068590_00162.xml,5,skal_sit_elr_domen_assessor
A0068590_00041.xml,10,will_willia_ähre_gudh_saken
A0068590_00168.xml,10,will_willia_ähre_gudh_saken
A0068590_00261.xml,5,skal_sit_elr_domen_assessor
A0068590_00222.xml,5,skal_sit_elr_domen_assessor
A0068590_00062.xml,10,will_willia_ähre_gudh_saken
A0068590_00180.xml,10,will_willia_ähre_gudh_saken
A0068590_00239.xml,10,will_willia_ähre_gudh_saken
A0068590_00278.xml,5,skal_sit_elr_domen_assessor
A0068590_00100.xml,10,will_willia_ähre_gudh_saken
A0068590_00212.xml,5,skal_sit_elr_domen_assessor
A0068590_00206.xml,33,hofrätten_saken_parterne_afträdde_ansökning
A0068590_00008.xml,42,berg_maii_aprill_dahl_ingifva
A0068590_00178.xml,5,skal_sit_elr_domen_assessor
A0068590_00088.xml,10,will_willia_ähre_gudh_saken
A0068590_00183.xml,5,skal_sit_elr_domen_assessor
A0068590_00223.xml,5,skal_sit_elr_domen_assessor
A0068590_00020.xml,5,skal_sit_elr_domen_assessor
A0068590_00149.xml,10,will_willia_ähre_gudh_saken
A0068590_00027.xml,5,skal_sit_elr_domen_assessor
A0068590_00144.xml,5,skal_sit_elr_domen_assessor
A0068590_00007.xml,42,berg_maii_aprill_dahl_ingifva
A0068590_00139.xml,5,skal_sit_elr_domen_assessor
A0068590_00265.xml,5,skal_sit_elr_domen_assessor
A0068590_00064.xml,10,will_willia_ähre_gudh_saken
A0068590_00230.xml,10,will_willia_ähre_gudh_saken
A0068590_00035.xml,10,will_willia_ähre_gudh_saken
A0068590_00213.xml,5,skal_sit_elr_domen_assessor
A0068590_00260.xml,5,skal_sit_elr_domen_assessor
A0068590_00159.xml,5,skal_sit_elr_domen_assessor
A0068590_00084.xml,5,skal_sit_elr_domen_assessor
A0068590_00253.xml,5,skal_sit_elr_domen_assessor
A0068590_00059.xml,10,will_willia_ähre_gudh_saken
A0068590_00074.xml,10,will_willia_ähre_gudh_saken
A0068590_00266.xml,5,skal_sit_elr_domen_assessor
A0068590_00140.xml,10,will_willia_ähre_gudh_saken
A0068590_00198.xml,10,will_willia_ähre_gudh_saken
A0068590_00129.xml,10,will_willia_ähre_gudh_saken
A0068590_00145.xml,10,will_willia_ähre_gudh_saken
A0068590_00039.xml,10,will_willia_ähre_gudh_saken
A0068590_00264.xml,5,skal_sit_elr_domen_assessor
A0068590_00010.xml,42,berg_maii_aprill_dahl_ingifva
A0068590_00048.xml,10,will_willia_ähre_gudh_saken
A0068590_00240.xml,10,will_willia_ähre_gudh_saken
A0068590_00170.xml,5,skal_sit_elr_domen_assessor
A0068590_00095.xml,10,will_willia_ähre_gudh_saken
A0068590_00056.xml,5,skal_sit_elr_domen_assessor
A0068590_00246.xml,5,skal_sit_elr_domen_assessor
A0068590_00028.xml,10,will_willia_ähre_gudh_saken
A0068590_00079.xml,5,skal_sit_elr_domen_assessor
A0068590_00071.xml,10,will_willia_ähre_gudh_saken
A0068590_00016.xml,15,tijdh_hindrich_compagnie_saaken_banquen
A0068590_00165.xml,10,will_willia_ähre_gudh_saken
A0068590_00134.xml,10,will_willia_ähre_gudh_saken
A0068590_00094.xml,10,will_willia_ähre_gudh_saken
A0068590_00171.xml,10,will_willia_ähre_gudh_saken
A0068590_00114.xml,5,skal_sit_elr_domen_assessor
A0068590_00208.xml,5,skal_sit_elr_domen_assessor
A0068590_00173.xml,10,will_willia_ähre_gudh_saken
A0068590_00166.xml,5,skal_sit_elr_domen_assessor
A0068590_00256.xml,5,skal_sit_elr_domen_assessor
A0068590_00052.xml,10,will_willia_ähre_gudh_saken
A0068590_00073.xml,5,skal_sit_elr_domen_assessor
A0068590_00023.xml,5,skal_sit_elr_domen_assessor
A0068590_00224.xml,33,hofrätten_saken_parterne_afträdde_ansökning
A0068590_00156.xml,5,skal_sit_elr_domen_assessor
A0068590_00207.xml,10,will_willia_ähre_gudh_saken
A0068590_00151.xml,5,skal_sit_elr_domen_assessor
A0068590_00091.xml,10,will_willia_ähre_gudh_saken
A0068590_00067.xml,5,skal_sit_elr_domen_assessor
A0068590_00203.xml,5,skal_sit_elr_domen_assessor
A0068590_00215.xml,10,will_willia_ähre_gudh_saken
A0068590_00187.xml,5,skal_sit_elr_domen_assessor
A0068590_00259.xml,10,will_willia_ähre_gudh_saken
A0068590_00276.xml,10,will_willia_ähre_gudh_saken
A0068590_00189.xml,5,skal_sit_elr_domen_assessor
A0068590_00214.xml,10,will_willia_ähre_gudh_saken
A0068590_00188.xml,10,will_willia_ähre_gudh_saken
A0068590_00049.xml,10,will_willia_ähre_gudh_saken
A0068590_00013.xml,33,hofrätten_saken_parterne_afträdde_ansökning
A0068590_00017.xml,21,måns_worden_samuel_bergz_smeden
A0068590_00216.xml,5,skal_sit_elr_domen_assessor
A0068590_00022.xml,10,will_willia_ähre_gudh_saken
A0068590_00025.xml,10,will_willia_ähre_gudh_saken
A0068590_00070.xml,5,skal_sit_elr_domen_assessor
A0068590_00142.xml,5,skal_sit_elr_domen_assessor
A0068590_00279.xml,5,skal_sit_elr_domen_assessor
A0068590_00164.xml,10,will_willia_ähre_gudh_saken
A0068590_00085.xml,5,skal_sit_elr_domen_assessor
A0068590_00054.xml,10,will_willia_ähre_gudh_saken
A0068590_00218.xml,33,hofrätten_saken_parterne_afträdde_ansökning
A0068590_00131.xml,10,will_willia_ähre_gudh_saken
A0068590_00089.xml,5,skal_sit_elr_domen_assessor
A0068590_00191.xml,33,hofrätten_saken_parterne_afträdde_ansökning
A0068590_00046.xml,10,will_willia_ähre_gudh_saken
A0068590_00063.xml,10,will_willia_ähre_gudh_saken
A0068590_00132.xml,10,will_willia_ähre_gudh_saken
A0068590_00217.xml,10,will_willia_ähre_gudh_saken
A0068590_00126.xml,10,will_willia_ähre_gudh_saken
A0068590_00210.xml,10,will_willia_ähre_gudh_saken
A0068590_00034.xml,5,skal_sit_elr_domen_assessor
A0068590_00061.xml,5,skal_sit_elr_domen_assessor
A0068590_00167.xml,5,skal_sit_elr_domen_assessor
A0068590_00185.xml,5,skal_sit_elr_domen_assessor
A0068590_00127.xml,10,will_willia_ähre_gudh_saken
A0068590_00081.xml,5,skal_sit_elr_domen_assessor
A0068590_00051.xml,10,will_willia_ähre_gudh_saken
A0068590_00044.xml,10,will_willia_ähre_gudh_saken
A0068590_00043.xml,5,skal_sit_elr_domen_assessor
A0068590_00109.xml,10,will_willia_ähre_gudh_saken
A0068590_00225.xml,10,will_willia_ähre_gudh_saken
A0068590_00047.xml,10,will_willia_ähre_gudh_saken
A0068590_00123.xml,10,will_willia_ähre_gudh_saken
A0068590_00229.xml,10,will_willia_ähre_gudh_saken
A0068590_00019.xml,5,skal_sit_elr_domen_assessor
A0068590_00077.xml,10,will_willia_ähre_gudh_saken
A0068590_00141.xml,5,skal_sit_elr_domen_assessor
A0068590_00113.xml,10,will_willia_ähre_gudh_saken
A0068590_00176.xml,10,will_willia_ähre_gudh_saken
A0068590_00015.xml,42,berg_maii_aprill_dahl_ingifva
A0068590_00153.xml,10,will_willia_ähre_gudh_saken
A0068590_00037.xml,10,will_willia_ähre_gudh_saken
A0068590_00194.xml,5,skal_sit_elr_domen_assessor
A0068590_00237.xml,5,skal_sit_elr_domen_assessor
A0068590_00190.xml,5,skal_sit_elr_domen_assessor
A0068590_00195.xml,5,skal_sit_elr_domen_assessor
A0068590_00197.xml,5,skal_sit_elr_domen_assessor
A0068590_00112.xml,10,will_willia_ähre_gudh_saken
A0068590_00080.xml,5,skal_sit_elr_domen_assessor
A0068590_00033.xml,5,skal_sit_elr_domen_assessor
A0068590_00231.xml,10,will_willia_ähre_gudh_saken
A0068590_00090.xml,5,skal_sit_elr_domen_assessor
A0068590_00032.xml,5,skal_sit_elr_domen_assessor
A0068590_00155.xml,10,will_willia_ähre_gudh_saken
A0068590_00011.xml,42,berg_maii_aprill_dahl_ingifva
A0068590_00105.xml,10,will_willia_ähre_gudh_saken
A0068590_00086.xml,10,will_willia_ähre_gudh_saken
A0068590_00072.xml,10,will_willia_ähre_gudh_saken
A0068590_00106.xml,5,skal_sit_elr_domen_assessor
A0068590_00009.xml,42,berg_maii_aprill_dahl_ingifva
A0068590_00110.xml,10,will_willia_ähre_gudh_saken
A0068590_00148.xml,5,skal_sit_elr_domen_assessor
A0068590_00258.xml,10,will_willia_ähre_gudh_saken
A0068590_00124.xml,10,will_willia_ähre_gudh_saken
A0068590_00247.xml,5,skal_sit_elr_domen_assessor
A0068590_00128.xml,5,skal_sit_elr_domen_assessor
A0068590_00093.xml,10,will_willia_ähre_gudh_saken
A0068590_00182.xml,5,skal_sit_elr_domen_assessor
A0068590_00192.xml,5,skal_sit_elr_domen_assessor
A0068590_00248.xml,10,will_willia_ähre_gudh_saken
A0068590_00065.xml,5,skal_sit_elr_domen_assessor
A0068590_00270.xml,10,will_willia_ähre_gudh_saken
A0068590_00036.xml,10,will_willia_ähre_gudh_saken
A0068590_00087.xml,5,skal_sit_elr_domen_assessor
A0068590_00021.xml,10,will_willia_ähre_gudh_saken
A0068590_00269.xml,10,will_willia_ähre_gudh_saken
A0067194_00178.xml,22,tid_års_tiden_utom_anseende
A0067194_00226.xml,10,will_willia_ähre_gudh_saken
A0067194_00210.xml,22,tid_års_tiden_utom_anseende
A0067194_00089.xml,22,tid_års_tiden_utom_anseende
A0067194_00125.xml,22,tid_års_tiden_utom_anseende
A0067194_00103.xml,22,tid_års_tiden_utom_anseende
A0067194_00217.xml,21,måns_worden_samuel_bergz_smeden
A0067194_00171.xml,19,åhrs_wedh_utj_wed_äre
A0067194_00192.xml,19,åhrs_wedh_utj_wed_äre
A0067194_00135.xml,19,åhrs_wedh_utj_wed_äre
A0067194_00224.xml,19,åhrs_wedh_utj_wed_äre
A0067194_00052.xml,22,tid_års_tiden_utom_anseende
A0067194_00118.xml,33,hofrätten_saken_parterne_afträdde_ansökning
A0067194_00214.xml,19,åhrs_wedh_utj_wed_äre
A0067194_00190.xml,35,ränta_fordran_räkning_betalning_skuld
A0067194_00070.xml,1,wittnen_wittnet_berättelse_tagit_sedt
A0067194_00043.xml,10,will_willia_ähre_gudh_saken
A0067194_00040.xml,6,gången_grufwe_wijd_decembr_nästkommande
A0067194_00010.xml,2,und_die_mit_abraham_capitain
A0067194_00134.xml,22,tid_års_tiden_utom_anseende
A0067194_00187.xml,22,tid_års_tiden_utom_anseende
A0067194_00101.xml,19,åhrs_wedh_utj_wed_äre
A0067194_00243.xml,19,åhrs_wedh_utj_wed_äre
A0067194_00050.xml,19,åhrs_wedh_utj_wed_äre
A0067194_00164.xml,22,tid_års_tiden_utom_anseende
A0067194_00136.xml,19,åhrs_wedh_utj_wed_äre
A0067194_00086.xml,19,åhrs_wedh_utj_wed_äre
A0067194_00099.xml,22,tid_års_tiden_utom_anseende
A0067194_00209.xml,10,will_willia_ähre_gudh_saken
A0067194_00098.xml,6,gången_grufwe_wijd_decembr_nästkommande
A0067194_00200.xml,19,åhrs_wedh_utj_wed_äre
A0067194_00151.xml,1,wittnen_wittnet_berättelse_tagit_sedt
A0067194_00184.xml,19,åhrs_wedh_utj_wed_äre
A0067194_00009.xml,21,måns_worden_samuel_bergz_smeden
A0067194_00130.xml,1,wittnen_wittnet_berättelse_tagit_sedt
A0067194_00085.xml,6,gången_grufwe_wijd_decembr_nästkommande
A0067194_00239.xml,21,måns_worden_samuel_bergz_smeden
A0067194_00199.xml,10,will_willia_ähre_gudh_saken
A0067194_00064.xml,6,gången_grufwe_wijd_decembr_nästkommande
A0067194_00198.xml,6,gången_grufwe_wijd_decembr_nästkommande
A0067194_00053.xml,10,will_willia_ähre_gudh_saken
A0067194_00021.xml,10,will_willia_ähre_gudh_saken
A0067194_00220.xml,19,åhrs_wedh_utj_wed_äre
A0067194_00186.xml,10,will_willia_ähre_gudh_saken
A0067194_00185.xml,22,tid_års_tiden_utom_anseende
A0067194_00107.xml,19,åhrs_wedh_utj_wed_äre
A0067194_00169.xml,22,tid_års_tiden_utom_anseende
A0067194_00208.xml,22,tid_års_tiden_utom_anseende
A0067194_00143.xml,6,gången_grufwe_wijd_decembr_nästkommande
A0067194_00104.xml,10,will_willia_ähre_gudh_saken
A0067194_00068.xml,6,gången_grufwe_wijd_decembr_nästkommande
A0067194_00188.xml,10,will_willia_ähre_gudh_saken
A0067194_00036.xml,19,åhrs_wedh_utj_wed_äre
A0067194_00231.xml,1,wittnen_wittnet_berättelse_tagit_sedt
A0067194_00076.xml,6,gången_grufwe_wijd_decembr_nästkommande
A0067194_00042.xml,0,rättens_lagmans_resolution_saken_måhl
A0067194_00194.xml,19,åhrs_wedh_utj_wed_äre
A0067194_00255.xml,6,gången_grufwe_wijd_decembr_nästkommande
A0067194_00117.xml,6,gången_grufwe_wijd_decembr_nästkommande
A0067194_00075.xml,19,åhrs_wedh_utj_wed_äre
A0067194_00079.xml,10,will_willia_ähre_gudh_saken
A0067194_00241.xml,34,fiscalen_advocat_rådmannen_rådman_riksens
A0067194_00058.xml,10,will_willia_ähre_gudh_saken
A0067194_00026.xml,34,fiscalen_advocat_rådmannen_rådman_riksens
A0067194_00015.xml,22,tid_års_tiden_utom_anseende
A0067194_00183.xml,22,tid_års_tiden_utom_anseende
A0067194_00145.xml,22,tid_års_tiden_utom_anseende
A0067194_00069.xml,6,gången_grufwe_wijd_decembr_nästkommande
A0067194_00227.xml,10,will_willia_ähre_gudh_saken
A0067194_00106.xml,10,will_willia_ähre_gudh_saken
A0067194_00066.xml,19,åhrs_wedh_utj_wed_äre
A0067194_00204.xml,19,åhrs_wedh_utj_wed_äre
A0067194_00078.xml,18,sahl_samme_hlr_sub_post
A0067194_00090.xml,19,åhrs_wedh_utj_wed_äre
A0067194_00163.xml,10,will_willia_ähre_gudh_saken
A0067194_00149.xml,10,will_willia_ähre_gudh_saken
A0067194_00055.xml,21,måns_worden_samuel_bergz_smeden
A0067194_00242.xml,18,sahl_samme_hlr_sub_post
A0067194_00045.xml,19,åhrs_wedh_utj_wed_äre
A0067194_00074.xml,19,åhrs_wedh_utj_wed_äre
A0067194_00013.xml,6,gången_grufwe_wijd_decembr_nästkommande
A0067194_00222.xml,10,will_willia_ähre_gudh_saken
A0067194_00093.xml,6,gången_grufwe_wijd_decembr_nästkommande
A0067194_00157.xml,19,åhrs_wedh_utj_wed_äre
A0067194_00073.xml,7,hemman_hemmanet_ägor_jord_skatte
A0067194_00251.xml,19,åhrs_wedh_utj_wed_äre
A0067194_00095.xml,0,rättens_lagmans_resolution_saken_måhl
A0067194_00034.xml,19,åhrs_wedh_utj_wed_äre
A0067194_00131.xml,6,gången_grufwe_wijd_decembr_nästkommande
A0067194_00048.xml,10,will_willia_ähre_gudh_saken
A0067194_00142.xml,10,will_willia_ähre_gudh_saken
A0067194_00160.xml,10,will_willia_ähre_gudh_saken
A0067194_00006.xml,18,sahl_samme_hlr_sub_post
A0067194_00030.xml,10,will_willia_ähre_gudh_saken
A0067194_00097.xml,19,åhrs_wedh_utj_wed_äre
A0067194_00138.xml,0,rättens_lagmans_resolution_saken_måhl
A0067194_00102.xml,36,nådiga_skillingar_collegium_underdånighet_majt
A0067194_00257.xml,6,gången_grufwe_wijd_decembr_nästkommande
A0067194_00230.xml,10,will_willia_ähre_gudh_saken
A0067194_00051.xml,1,wittnen_wittnet_berättelse_tagit_sedt
A0067194_00100.xml,0,rättens_lagmans_resolution_saken_måhl
A0067194_00017.xml,6,gången_grufwe_wijd_decembr_nästkommande
A0067194_00087.xml,22,tid_års_tiden_utom_anseende
A0067194_00223.xml,1,wittnen_wittnet_berättelse_tagit_sedt
A0067194_00137.xml,22,tid_års_tiden_utom_anseende
A0067194_00116.xml,19,åhrs_wedh_utj_wed_äre
A0067194_00127.xml,10,will_willia_ähre_gudh_saken
A0067194_00031.xml,9,öre_may_nembl_hustro_breff
A0067194_00092.xml,22,tid_års_tiden_utom_anseende
A0067194_00229.xml,6,gången_grufwe_wijd_decembr_nästkommande
A0067194_00172.xml,19,åhrs_wedh_utj_wed_äre
A0067194_00162.xml,6,gången_grufwe_wijd_decembr_nästkommande
A0067194_00181.xml,22,tid_års_tiden_utom_anseende
A0067194_00129.xml,17,bergs_ting_påstående_bruks_käranden
A0067194_00191.xml,10,will_willia_ähre_gudh_saken
A0067194_00179.xml,10,will_willia_ähre_gudh_saken
A0067194_00139.xml,0,rättens_lagmans_resolution_saken_måhl
A0067194_00180.xml,19,åhrs_wedh_utj_wed_äre
A0067194_00225.xml,22,tid_års_tiden_utom_anseende
A0067194_00121.xml,10,will_willia_ähre_gudh_saken
A0067194_00096.xml,19,åhrs_wedh_utj_wed_äre
A0067194_00120.xml,6,gången_grufwe_wijd_decembr_nästkommande
A0067194_00154.xml,0,rättens_lagmans_resolution_saken_måhl
A0067194_00108.xml,19,åhrs_wedh_utj_wed_äre
A0067194_00094.xml,19,åhrs_wedh_utj_wed_äre
A0067194_00250.xml,6,gången_grufwe_wijd_decembr_nästkommande
A0067194_00258.xml,19,åhrs_wedh_utj_wed_äre
A0067194_00207.xml,19,åhrs_wedh_utj_wed_äre
A0067194_00063.xml,19,åhrs_wedh_utj_wed_äre
A0067194_00113.xml,29,swarade_domb_inspectoren_dehl_straxt
A0067194_00024.xml,19,åhrs_wedh_utj_wed_äre
A0067194_00234.xml,28,summa_betalt_interesse_specie_penningar
A0067194_00067.xml,22,tid_års_tiden_utom_anseende
A0067194_00249.xml,19,åhrs_wedh_utj_wed_äre
A0067194_00167.xml,22,tid_års_tiden_utom_anseende
A0067194_00111.xml,19,åhrs_wedh_utj_wed_äre
A0067194_00123.xml,19,åhrs_wedh_utj_wed_äre
A0067194_00065.xml,22,tid_års_tiden_utom_anseende
A0067194_00110.xml,19,åhrs_wedh_utj_wed_äre
A0067194_00071.xml,25,hofrätten_rådstufwu_pröfwar_följe_anseende
A0067194_00215.xml,6,gången_grufwe_wijd_decembr_nästkommande
A0067194_00012.xml,10,will_willia_ähre_gudh_saken
A0067194_00128.xml,19,åhrs_wedh_utj_wed_äre
A0067194_00203.xml,6,gången_grufwe_wijd_decembr_nästkommande
A0067194_00109.xml,10,will_willia_ähre_gudh_saken
A0067194_00233.xml,1,wittnen_wittnet_berättelse_tagit_sedt
A0067194_00235.xml,10,will_willia_ähre_gudh_saken
A0067194_00156.xml,10,will_willia_ähre_gudh_saken
A0067194_00140.xml,10,will_willia_ähre_gudh_saken
A0067194_00081.xml,33,hofrätten_saken_parterne_afträdde_ansökning
A0067194_00202.xml,19,åhrs_wedh_utj_wed_äre
A0067194_00150.xml,1,wittnen_wittnet_berättelse_tagit_sedt
A0067194_00061.xml,6,gången_grufwe_wijd_decembr_nästkommande
A0067194_00124.xml,6,gången_grufwe_wijd_decembr_nästkommande
A0067194_00168.xml,19,åhrs_wedh_utj_wed_äre
A0067194_00262.xml,6,gången_grufwe_wijd_decembr_nästkommande
A0067194_00046.xml,18,sahl_samme_hlr_sub_post
A0067194_00213.xml,10,will_willia_ähre_gudh_saken
A0067194_00019.xml,29,swarade_domb_inspectoren_dehl_straxt
A0067194_00056.xml,10,will_willia_ähre_gudh_saken
A0067194_00238.xml,39,contract_grufwan_contractet_sökia_hafwande
A0067194_00054.xml,22,tid_års_tiden_utom_anseende
A0067194_00016.xml,28,summa_betalt_interesse_specie_penningar
A0067194_00173.xml,0,rättens_lagmans_resolution_saken_måhl
A0067194_00084.xml,10,will_willia_ähre_gudh_saken
A0067194_00082.xml,6,gången_grufwe_wijd_decembr_nästkommande
A0067194_00041.xml,18,sahl_samme_hlr_sub_post
A0067194_00211.xml,19,åhrs_wedh_utj_wed_äre
A0067194_00044.xml,49,gården_malm_gård_mårten_gårdh
A0067194_00221.xml,19,åhrs_wedh_utj_wed_äre
A0067194_00228.xml,10,will_willia_ähre_gudh_saken
A0067194_00141.xml,19,åhrs_wedh_utj_wed_äre
A0067194_00029.xml,19,åhrs_wedh_utj_wed_äre
A0067194_00025.xml,19,åhrs_wedh_utj_wed_äre
A0067194_00212.xml,10,will_willia_ähre_gudh_saken
A0067194_00112.xml,19,åhrs_wedh_utj_wed_äre
A0067194_00216.xml,21,måns_worden_samuel_bergz_smeden
A0067194_00261.xml,6,gången_grufwe_wijd_decembr_nästkommande
A0067194_00014.xml,10,will_willia_ähre_gudh_saken
A0067194_00077.xml,26,bevis_vore_enkan_född_vite
A0067194_00256.xml,19,åhrs_wedh_utj_wed_äre
A0067194_00144.xml,10,will_willia_ähre_gudh_saken
A0067194_00091.xml,28,summa_betalt_interesse_specie_penningar
A0067194_00253.xml,19,åhrs_wedh_utj_wed_äre
A0067194_00148.xml,22,tid_års_tiden_utom_anseende
A0067194_00007.xml,24,banco_rst_sedlar_rsr_rsd
A0067194_00023.xml,19,åhrs_wedh_utj_wed_äre
A0067194_00176.xml,6,gången_grufwe_wijd_decembr_nästkommande
A0067194_00039.xml,6,gången_grufwe_wijd_decembr_nästkommande
A0067194_00252.xml,6,gången_grufwe_wijd_decembr_nästkommande
A0067194_00161.xml,11,namn_undergå_fängelse_bröd_dagars
A0067194_00027.xml,6,gången_grufwe_wijd_decembr_nästkommande
A0067194_00083.xml,10,will_willia_ähre_gudh_saken
A0067194_00197.xml,19,åhrs_wedh_utj_wed_äre
A0067194_00022.xml,19,åhrs_wedh_utj_wed_äre
A0067194_00195.xml,10,will_willia_ähre_gudh_saken
A0067194_00057.xml,35,ränta_fordran_räkning_betalning_skuld
A0067194_00166.xml,19,åhrs_wedh_utj_wed_äre
A0067194_00033.xml,19,åhrs_wedh_utj_wed_äre
A0067194_00236.xml,6,gången_grufwe_wijd_decembr_nästkommande
A0067194_00028.xml,17,bergs_ting_påstående_bruks_käranden
A0067194_00088.xml,22,tid_års_tiden_utom_anseende
A0067194_00219.xml,10,will_willia_ähre_gudh_saken
A0067194_00147.xml,10,will_willia_ähre_gudh_saken
A0067194_00259.xml,6,gången_grufwe_wijd_decembr_nästkommande
A0067194_00059.xml,19,åhrs_wedh_utj_wed_äre
A0067194_00245.xml,19,åhrs_wedh_utj_wed_äre
A0067194_00193.xml,10,will_willia_ähre_gudh_saken
A0067194_00254.xml,6,gången_grufwe_wijd_decembr_nästkommande
A0067194_00206.xml,19,åhrs_wedh_utj_wed_äre
A0067194_00072.xml,19,åhrs_wedh_utj_wed_äre
A0067194_00020.xml,19,åhrs_wedh_utj_wed_äre
A0067194_00122.xml,21,måns_worden_samuel_bergz_smeden
A0067194_00232.xml,19,åhrs_wedh_utj_wed_äre
A0067194_00035.xml,19,åhrs_wedh_utj_wed_äre
A0067194_00038.xml,22,tid_års_tiden_utom_anseende
A0067194_00115.xml,1,wittnen_wittnet_berättelse_tagit_sedt
A0067194_00155.xml,22,tid_års_tiden_utom_anseende
A0067194_00201.xml,19,åhrs_wedh_utj_wed_äre
A0067194_00146.xml,22,tid_års_tiden_utom_anseende
A0067194_00008.xml,49,gården_malm_gård_mårten_gårdh
A0067194_00174.xml,19,åhrs_wedh_utj_wed_äre
A0067194_00196.xml,19,åhrs_wedh_utj_wed_äre
A0067194_00260.xml,6,gången_grufwe_wijd_decembr_nästkommande
A0067194_00189.xml,10,will_willia_ähre_gudh_saken
A0067194_00170.xml,29,swarade_domb_inspectoren_dehl_straxt
A0067194_00032.xml,28,summa_betalt_interesse_specie_penningar
A0067194_00218.xml,10,will_willia_ähre_gudh_saken
A0067194_00060.xml,1,wittnen_wittnet_berättelse_tagit_sedt
A0067194_00080.xml,19,åhrs_wedh_utj_wed_äre
A0067194_00037.xml,22,tid_års_tiden_utom_anseende
A0067194_00132.xml,22,tid_års_tiden_utom_anseende
A0067194_00152.xml,1,wittnen_wittnet_berättelse_tagit_sedt
A0067194_00158.xml,33,hofrätten_saken_parterne_afträdde_ansökning
A0067194_00240.xml,6,gången_grufwe_wijd_decembr_nästkommande
A0067194_00175.xml,22,tid_års_tiden_utom_anseende
A0067194_00114.xml,10,will_willia_ähre_gudh_saken
A0067194_00153.xml,10,will_willia_ähre_gudh_saken
A0067194_00248.xml,6,gången_grufwe_wijd_decembr_nästkommande
A0067194_00049.xml,19,åhrs_wedh_utj_wed_äre
A0067194_00133.xml,22,tid_års_tiden_utom_anseende
A0067194_00177.xml,22,tid_års_tiden_utom_anseende
A0067194_00159.xml,33,hofrätten_saken_parterne_afträdde_ansökning
A0067194_00165.xml,10,will_willia_ähre_gudh_saken
A0067194_00247.xml,6,gången_grufwe_wijd_decembr_nästkommande
A0067194_00062.xml,1,wittnen_wittnet_berättelse_tagit_sedt
A0067194_00182.xml,19,åhrs_wedh_utj_wed_äre
A0067194_00244.xml,6,gången_grufwe_wijd_decembr_nästkommande
A0067194_00047.xml,29,swarade_domb_inspectoren_dehl_straxt
A0067194_00205.xml,19,åhrs_wedh_utj_wed_äre
A0067194_00246.xml,19,åhrs_wedh_utj_wed_äre
A0067194_00018.xml,5,skal_sit_elr_domen_assessor
A0067194_00237.xml,28,summa_betalt_interesse_specie_penningar
A0067194_00119.xml,10,will_willia_ähre_gudh_saken
A0067194_00105.xml,10,will_willia_ähre_gudh_saken
A0067194_00126.xml,22,tid_års_tiden_utom_anseende
C0100718_00176.xml,46,transport_bord_gamla_diverse_lod
C0100718_00172.xml,46,transport_bord_gamla_diverse_lod
C0100718_00061.xml,44,fru_förmyndare_testamente_barn_arf
C0100718_00175.xml,46,transport_bord_gamla_diverse_lod
C0100718_00374.xml,46,transport_bord_gamla_diverse_lod
C0100718_00146.xml,30,lieutenanten_capitainen_borgmästaren_enka_borgenärer
C0100718_00104.xml,33,hofrätten_saken_parterne_afträdde_ansökning
C0100718_00454.xml,46,transport_bord_gamla_diverse_lod
C0100718_00474.xml,46,transport_bord_gamla_diverse_lod
C0100718_00057.xml,46,transport_bord_gamla_diverse_lod
C0100718_00149.xml,46,transport_bord_gamla_diverse_lod
C0100718_00103.xml,46,transport_bord_gamla_diverse_lod
C0100718_00366.xml,46,transport_bord_gamla_diverse_lod
C0100718_00182.xml,46,transport_bord_gamla_diverse_lod
C0100718_00141.xml,31,härads_rättens_målet_utslaget_dömd
C0100718_00094.xml,44,fru_förmyndare_testamente_barn_arf
C0100718_00201.xml,46,transport_bord_gamla_diverse_lod
C0100718_00099.xml,44,fru_förmyndare_testamente_barn_arf
C0100718_00040.xml,35,ränta_fordran_räkning_betalning_skuld
C0100718_00081.xml,46,transport_bord_gamla_diverse_lod
C0100718_00419.xml,46,transport_bord_gamla_diverse_lod
C0100718_00247.xml,35,ränta_fordran_räkning_betalning_skuld
C0100718_00159.xml,35,ränta_fordran_räkning_betalning_skuld
C0100718_00284.xml,49,gården_malm_gård_mårten_gårdh
C0100718_00066.xml,46,transport_bord_gamla_diverse_lod
C0100718_00124.xml,46,transport_bord_gamla_diverse_lod
C0100718_00320.xml,46,transport_bord_gamla_diverse_lod
C0100718_00123.xml,46,transport_bord_gamla_diverse_lod
C0100718_00279.xml,46,transport_bord_gamla_diverse_lod
C0100718_00093.xml,35,ränta_fordran_räkning_betalning_skuld
C0100718_00212.xml,46,transport_bord_gamla_diverse_lod
C0100718_00356.xml,46,transport_bord_gamla_diverse_lod
C0100718_00412.xml,46,transport_bord_gamla_diverse_lod
C0100718_00228.xml,46,transport_bord_gamla_diverse_lod
C0100718_00054.xml,48,person_karl_thomas_fattige_isaac
C0100718_00203.xml,46,transport_bord_gamla_diverse_lod
C0100718_00360.xml,46,transport_bord_gamla_diverse_lod
C0100718_00349.xml,7,hemman_hemmanet_ägor_jord_skatte
C0100718_00326.xml,28,summa_betalt_interesse_specie_penningar
C0100718_00426.xml,46,transport_bord_gamla_diverse_lod
C0100718_00020.xml,46,transport_bord_gamla_diverse_lod
C0100718_00262.xml,46,transport_bord_gamla_diverse_lod
C0100718_00069.xml,46,transport_bord_gamla_diverse_lod
C0100718_00209.xml,46,transport_bord_gamla_diverse_lod
C0100718_00059.xml,12,häradshöfdingen_hofrätten_riddaren_mål_närwarande
C0100718_00427.xml,46,transport_bord_gamla_diverse_lod
C0100718_00196.xml,46,transport_bord_gamla_diverse_lod
C0100718_00164.xml,46,transport_bord_gamla_diverse_lod
C0100718_00026.xml,46,transport_bord_gamla_diverse_lod
C0100718_00254.xml,46,transport_bord_gamla_diverse_lod
C0100718_00255.xml,46,transport_bord_gamla_diverse_lod
C0100718_00227.xml,46,transport_bord_gamla_diverse_lod
C0100718_00386.xml,44,fru_förmyndare_testamente_barn_arf
C0100718_00079.xml,46,transport_bord_gamla_diverse_lod
C0100718_00125.xml,46,transport_bord_gamla_diverse_lod
C0100718_00083.xml,46,transport_bord_gamla_diverse_lod
C0100718_00222.xml,46,transport_bord_gamla_diverse_lod
C0100718_00458.xml,46,transport_bord_gamla_diverse_lod
C0100718_00463.xml,44,fru_förmyndare_testamente_barn_arf
C0100718_00323.xml,41,män_emoot_huus_haar_tienare
C0100718_00333.xml,46,transport_bord_gamla_diverse_lod
C0100718_00087.xml,46,transport_bord_gamla_diverse_lod
C0100718_00316.xml,46,transport_bord_gamla_diverse_lod
C0100718_00265.xml,35,ränta_fordran_räkning_betalning_skuld
C0100718_00298.xml,46,transport_bord_gamla_diverse_lod
C0100718_00097.xml,44,fru_förmyndare_testamente_barn_arf
C0100718_00271.xml,46,transport_bord_gamla_diverse_lod
C0100718_00287.xml,44,fru_förmyndare_testamente_barn_arf
C0100718_00461.xml,35,ränta_fordran_räkning_betalning_skuld
C0100718_00369.xml,46,transport_bord_gamla_diverse_lod
C0100718_00275.xml,44,fru_förmyndare_testamente_barn_arf
C0100718_00179.xml,46,transport_bord_gamla_diverse_lod
C0100718_00095.xml,44,fru_förmyndare_testamente_barn_arf
C0100718_00152.xml,46,transport_bord_gamla_diverse_lod
C0100718_00472.xml,46,transport_bord_gamla_diverse_lod
C0100718_00258.xml,46,transport_bord_gamla_diverse_lod
C0100718_00432.xml,35,ränta_fordran_räkning_betalning_skuld
C0100718_00221.xml,46,transport_bord_gamla_diverse_lod
C0100718_00455.xml,46,transport_bord_gamla_diverse_lod
C0100718_00012.xml,44,fru_förmyndare_testamente_barn_arf
C0100718_00307.xml,46,transport_bord_gamla_diverse_lod
C0100718_00370.xml,46,transport_bord_gamla_diverse_lod
C0100718_00062.xml,46,transport_bord_gamla_diverse_lod
C0100718_00050.xml,22,tid_års_tiden_utom_anseende
C0100718_00446.xml,22,tid_års_tiden_utom_anseende
C0100718_00371.xml,46,transport_bord_gamla_diverse_lod
C0100718_00355.xml,46,transport_bord_gamla_diverse_lod
C0100718_00245.xml,35,ränta_fordran_räkning_betalning_skuld
C0100718_00046.xml,46,transport_bord_gamla_diverse_lod
C0100718_00246.xml,35,ränta_fordran_räkning_betalning_skuld
C0100718_00259.xml,46,transport_bord_gamla_diverse_lod
C0100718_00041.xml,35,ränta_fordran_räkning_betalning_skuld
C0100718_00109.xml,46,transport_bord_gamla_diverse_lod
C0100718_00075.xml,4,majoren_general_sal_godz_öfwersten
C0100718_00096.xml,13,slag_arbete_slagit_doctor_lif
C0100718_00390.xml,46,transport_bord_gamla_diverse_lod
C0100718_00009.xml,28,summa_betalt_interesse_specie_penningar
C0100718_00439.xml,46,transport_bord_gamla_diverse_lod
C0100718_00220.xml,46,transport_bord_gamla_diverse_lod
C0100718_00013.xml,46,transport_bord_gamla_diverse_lod
C0100718_00174.xml,46,transport_bord_gamla_diverse_lod
C0100718_00348.xml,44,fru_förmyndare_testamente_barn_arf
C0100718_00435.xml,35,ränta_fordran_räkning_betalning_skuld
C0100718_00295.xml,46,transport_bord_gamla_diverse_lod
C0100718_00200.xml,46,transport_bord_gamla_diverse_lod
C0100718_00297.xml,46,transport_bord_gamla_diverse_lod
C0100718_00226.xml,46,transport_bord_gamla_diverse_lod
C0100718_00236.xml,46,transport_bord_gamla_diverse_lod
C0100718_00098.xml,46,transport_bord_gamla_diverse_lod
C0100718_00346.xml,28,summa_betalt_interesse_specie_penningar
C0100718_00445.xml,14,skog_skogen_mark_grefve_östra
C0100718_00027.xml,46,transport_bord_gamla_diverse_lod
C0100718_00438.xml,46,transport_bord_gamla_diverse_lod
C0100718_00380.xml,46,transport_bord_gamla_diverse_lod
C0100718_00021.xml,46,transport_bord_gamla_diverse_lod
C0100718_00283.xml,44,fru_förmyndare_testamente_barn_arf
C0100718_00031.xml,46,transport_bord_gamla_diverse_lod
C0100718_00251.xml,46,transport_bord_gamla_diverse_lod
C0100718_00110.xml,46,transport_bord_gamla_diverse_lod
C0100718_00368.xml,46,transport_bord_gamla_diverse_lod
C0100718_00313.xml,46,transport_bord_gamla_diverse_lod
C0100718_00343.xml,46,transport_bord_gamla_diverse_lod
C0100718_00126.xml,46,transport_bord_gamla_diverse_lod
C0100718_00147.xml,44,fru_förmyndare_testamente_barn_arf
C0100718_00101.xml,46,transport_bord_gamla_diverse_lod
C0100718_00402.xml,6,gången_grufwe_wijd_decembr_nästkommande
C0100718_00288.xml,7,hemman_hemmanet_ägor_jord_skatte
C0100718_00482.xml,46,transport_bord_gamla_diverse_lod
C0100718_00416.xml,46,transport_bord_gamla_diverse_lod
C0100718_00350.xml,46,transport_bord_gamla_diverse_lod
C0100718_00205.xml,46,transport_bord_gamla_diverse_lod
C0100718_00132.xml,46,transport_bord_gamla_diverse_lod
C0100718_00065.xml,46,transport_bord_gamla_diverse_lod
C0100718_00188.xml,22,tid_års_tiden_utom_anseende
C0100718_00398.xml,46,transport_bord_gamla_diverse_lod
C0100718_00305.xml,46,transport_bord_gamla_diverse_lod
C0100718_00447.xml,46,transport_bord_gamla_diverse_lod
C0100718_00328.xml,35,ränta_fordran_räkning_betalning_skuld
C0100718_00381.xml,46,transport_bord_gamla_diverse_lod
C0100718_00158.xml,46,transport_bord_gamla_diverse_lod
C0100718_00379.xml,46,transport_bord_gamla_diverse_lod
C0100718_00048.xml,22,tid_års_tiden_utom_anseende
C0100718_00363.xml,8,sidan_ena_handlingarne_sak_saken
C0100718_00155.xml,44,fru_förmyndare_testamente_barn_arf
C0100718_00276.xml,46,transport_bord_gamla_diverse_lod
C0100718_00358.xml,46,transport_bord_gamla_diverse_lod
C0100718_00449.xml,46,transport_bord_gamla_diverse_lod
C0100718_00229.xml,46,transport_bord_gamla_diverse_lod
C0100718_00178.xml,46,transport_bord_gamla_diverse_lod
C0100718_00192.xml,46,transport_bord_gamla_diverse_lod
C0100718_00068.xml,35,ränta_fordran_räkning_betalning_skuld
C0100718_00038.xml,43,hustru_dotter_hustrus_barn_christina
C0100718_00078.xml,46,transport_bord_gamla_diverse_lod
C0100718_00407.xml,46,transport_bord_gamla_diverse_lod
C0100718_00335.xml,28,summa_betalt_interesse_specie_penningar
C0100718_00444.xml,22,tid_års_tiden_utom_anseende
C0100718_00051.xml,30,lieutenanten_capitainen_borgmästaren_enka_borgenärer
C0100718_00029.xml,46,transport_bord_gamla_diverse_lod
C0100718_00086.xml,46,transport_bord_gamla_diverse_lod
C0100718_00415.xml,46,transport_bord_gamla_diverse_lod
C0100718_00440.xml,46,transport_bord_gamla_diverse_lod
C0100718_00072.xml,44,fru_förmyndare_testamente_barn_arf
C0100718_00173.xml,46,transport_bord_gamla_diverse_lod
C0100718_00016.xml,35,ränta_fordran_räkning_betalning_skuld
C0100718_00151.xml,46,transport_bord_gamla_diverse_lod
C0100718_00191.xml,7,hemman_hemmanet_ägor_jord_skatte
C0100718_00354.xml,46,transport_bord_gamla_diverse_lod
C0100718_00401.xml,22,tid_års_tiden_utom_anseende
C0100718_00135.xml,35,ränta_fordran_räkning_betalning_skuld
C0100718_00400.xml,28,summa_betalt_interesse_specie_penningar
C0100718_00028.xml,46,transport_bord_gamla_diverse_lod
C0100718_00357.xml,46,transport_bord_gamla_diverse_lod
C0100718_00480.xml,46,transport_bord_gamla_diverse_lod
C0100718_00137.xml,35,ränta_fordran_räkning_betalning_skuld
C0100718_00030.xml,46,transport_bord_gamla_diverse_lod
C0100718_00237.xml,46,transport_bord_gamla_diverse_lod
C0100718_00216.xml,46,transport_bord_gamla_diverse_lod
C0100718_00361.xml,46,transport_bord_gamla_diverse_lod
C0100718_00100.xml,46,transport_bord_gamla_diverse_lod
C0100718_00256.xml,46,transport_bord_gamla_diverse_lod
C0100718_00471.xml,46,transport_bord_gamla_diverse_lod
C0100718_00129.xml,46,transport_bord_gamla_diverse_lod
C0100718_00351.xml,46,transport_bord_gamla_diverse_lod
C0100718_00122.xml,46,transport_bord_gamla_diverse_lod
C0100718_00352.xml,46,transport_bord_gamla_diverse_lod
C0100718_00052.xml,44,fru_förmyndare_testamente_barn_arf
C0100718_00035.xml,35,ränta_fordran_räkning_betalning_skuld
C0100718_00092.xml,35,ränta_fordran_räkning_betalning_skuld
C0100718_00334.xml,46,transport_bord_gamla_diverse_lod
C0100718_00166.xml,7,hemman_hemmanet_ägor_jord_skatte
C0100718_00327.xml,35,ränta_fordran_räkning_betalning_skuld
C0100718_00464.xml,44,fru_förmyndare_testamente_barn_arf
C0100718_00233.xml,46,transport_bord_gamla_diverse_lod
C0100718_00217.xml,46,transport_bord_gamla_diverse_lod
C0100718_00387.xml,44,fru_förmyndare_testamente_barn_arf
C0100718_00160.xml,35,ränta_fordran_räkning_betalning_skuld
C0100718_00434.xml,22,tid_års_tiden_utom_anseende
C0100718_00272.xml,46,transport_bord_gamla_diverse_lod
C0100718_00202.xml,46,transport_bord_gamla_diverse_lod
C0100718_00359.xml,46,transport_bord_gamla_diverse_lod
C0100718_00317.xml,46,transport_bord_gamla_diverse_lod
C0100718_00134.xml,46,transport_bord_gamla_diverse_lod
C0100718_00302.xml,46,transport_bord_gamla_diverse_lod
C0100718_00388.xml,44,fru_förmyndare_testamente_barn_arf
C0100718_00162.xml,44,fru_förmyndare_testamente_barn_arf
C0100718_00139.xml,35,ränta_fordran_räkning_betalning_skuld
C0100718_00128.xml,46,transport_bord_gamla_diverse_lod
C0100718_00117.xml,22,tid_års_tiden_utom_anseende
C0100718_00347.xml,44,fru_förmyndare_testamente_barn_arf
C0100718_00194.xml,46,transport_bord_gamla_diverse_lod
C0100718_00025.xml,46,transport_bord_gamla_diverse_lod
C0100718_00367.xml,46,transport_bord_gamla_diverse_lod
C0100718_00169.xml,12,häradshöfdingen_hofrätten_riddaren_mål_närwarande
C0100718_00277.xml,46,transport_bord_gamla_diverse_lod
C0100718_00108.xml,46,transport_bord_gamla_diverse_lod
C0100718_00163.xml,46,transport_bord_gamla_diverse_lod
C0100718_00309.xml,46,transport_bord_gamla_diverse_lod
C0100718_00280.xml,46,transport_bord_gamla_diverse_lod
C0100718_00431.xml,35,ränta_fordran_räkning_betalning_skuld
C0100718_00484.xml,35,ränta_fordran_räkning_betalning_skuld
C0100718_00406.xml,46,transport_bord_gamla_diverse_lod
C0100718_00423.xml,46,transport_bord_gamla_diverse_lod
C0100718_00453.xml,46,transport_bord_gamla_diverse_lod
C0100718_00376.xml,46,transport_bord_gamla_diverse_lod
C0100718_00408.xml,46,transport_bord_gamla_diverse_lod
C0100718_00303.xml,46,transport_bord_gamla_diverse_lod
C0100718_00215.xml,46,transport_bord_gamla_diverse_lod
C0100718_00210.xml,46,transport_bord_gamla_diverse_lod
C0100718_00032.xml,22,tid_års_tiden_utom_anseende
C0100718_00344.xml,46,transport_bord_gamla_diverse_lod
C0100718_00489.xml,44,fru_förmyndare_testamente_barn_arf
C0100718_00240.xml,46,transport_bord_gamla_diverse_lod
C0100718_00450.xml,46,transport_bord_gamla_diverse_lod
C0100718_00156.xml,44,fru_förmyndare_testamente_barn_arf
C0100718_00299.xml,46,transport_bord_gamla_diverse_lod
C0100718_00291.xml,23,stycken_land_gammal_silfver_silfwer
C0100718_00211.xml,46,transport_bord_gamla_diverse_lod
C0100718_00024.xml,46,transport_bord_gamla_diverse_lod
C0100718_00171.xml,46,transport_bord_gamla_diverse_lod
C0100718_00145.xml,1,wittnen_wittnet_berättelse_tagit_sedt
C0100718_00235.xml,46,transport_bord_gamla_diverse_lod
C0100718_00261.xml,46,transport_bord_gamla_diverse_lod
C0100718_00373.xml,22,tid_års_tiden_utom_anseende
C0100718_00331.xml,46,transport_bord_gamla_diverse_lod
C0100718_00195.xml,46,transport_bord_gamla_diverse_lod
C0100718_00047.xml,7,hemman_hemmanet_ägor_jord_skatte
C0100718_00102.xml,46,transport_bord_gamla_diverse_lod
C0100718_00170.xml,44,fru_förmyndare_testamente_barn_arf
C0100718_00325.xml,41,män_emoot_huus_haar_tienare
C0100718_00448.xml,46,transport_bord_gamla_diverse_lod
C0100718_00253.xml,46,transport_bord_gamla_diverse_lod
C0100718_00394.xml,46,transport_bord_gamla_diverse_lod
C0100718_00089.xml,46,transport_bord_gamla_diverse_lod
C0100718_00382.xml,46,transport_bord_gamla_diverse_lod
C0100718_00225.xml,46,transport_bord_gamla_diverse_lod
C0100718_00213.xml,46,transport_bord_gamla_diverse_lod
C0100718_00339.xml,46,transport_bord_gamla_diverse_lod
C0100718_00329.xml,35,ränta_fordran_räkning_betalning_skuld
C0100718_00273.xml,46,transport_bord_gamla_diverse_lod
C0100718_00282.xml,46,transport_bord_gamla_diverse_lod
C0100718_00243.xml,46,transport_bord_gamla_diverse_lod
C0100718_00231.xml,46,transport_bord_gamla_diverse_lod
C0100718_00466.xml,35,ränta_fordran_räkning_betalning_skuld
C0100718_00111.xml,28,summa_betalt_interesse_specie_penningar
C0100718_00076.xml,44,fru_förmyndare_testamente_barn_arf
C0100718_00223.xml,46,transport_bord_gamla_diverse_lod
C0100718_00475.xml,46,transport_bord_gamla_diverse_lod
C0100718_00071.xml,44,fru_förmyndare_testamente_barn_arf
C0100718_00090.xml,35,ränta_fordran_räkning_betalning_skuld
C0100718_00411.xml,46,transport_bord_gamla_diverse_lod
C0100718_00250.xml,46,transport_bord_gamla_diverse_lod
C0100718_00310.xml,46,transport_bord_gamla_diverse_lod
C0100718_00219.xml,46,transport_bord_gamla_diverse_lod
C0100718_00074.xml,28,summa_betalt_interesse_specie_penningar
C0100718_00120.xml,23,stycken_land_gammal_silfver_silfwer
C0100718_00208.xml,46,transport_bord_gamla_diverse_lod
C0100718_00034.xml,12,häradshöfdingen_hofrätten_riddaren_mål_närwarande
C0100718_00260.xml,46,transport_bord_gamla_diverse_lod
C0100718_00154.xml,35,ränta_fordran_räkning_betalning_skuld
C0100718_00312.xml,46,transport_bord_gamla_diverse_lod
C0100718_00414.xml,46,transport_bord_gamla_diverse_lod
C0100718_00266.xml,35,ränta_fordran_räkning_betalning_skuld
C0100718_00080.xml,46,transport_bord_gamla_diverse_lod
C0100718_00324.xml,41,män_emoot_huus_haar_tienare
C0100718_00459.xml,46,transport_bord_gamla_diverse_lod
C0100718_00183.xml,46,transport_bord_gamla_diverse_lod
C0100718_00144.xml,31,härads_rättens_målet_utslaget_dömd
C0100718_00292.xml,23,stycken_land_gammal_silfver_silfwer
C0100718_00321.xml,46,transport_bord_gamla_diverse_lod
C0100718_00290.xml,7,hemman_hemmanet_ägor_jord_skatte
C0100718_00241.xml,46,transport_bord_gamla_diverse_lod
C0100718_00436.xml,23,stycken_land_gammal_silfver_silfwer
C0100718_00488.xml,35,ränta_fordran_räkning_betalning_skuld
C0100718_00184.xml,46,transport_bord_gamla_diverse_lod
C0100718_00397.xml,46,transport_bord_gamla_diverse_lod
C0100718_00385.xml,44,fru_förmyndare_testamente_barn_arf
C0100718_00267.xml,12,häradshöfdingen_hofrätten_riddaren_mål_närwarande
C0100718_00441.xml,35,ränta_fordran_räkning_betalning_skuld
C0100718_00378.xml,46,transport_bord_gamla_diverse_lod
C0100718_00019.xml,33,hofrätten_saken_parterne_afträdde_ansökning
C0100718_00023.xml,46,transport_bord_gamla_diverse_lod
C0100718_00133.xml,46,transport_bord_gamla_diverse_lod
C0100718_00008.xml,44,fru_förmyndare_testamente_barn_arf
C0100718_00293.xml,23,stycken_land_gammal_silfver_silfwer
C0100718_00460.xml,44,fru_förmyndare_testamente_barn_arf
C0100718_00248.xml,44,fru_förmyndare_testamente_barn_arf
C0100718_00136.xml,35,ränta_fordran_räkning_betalning_skuld
C0100718_00043.xml,44,fru_förmyndare_testamente_barn_arf
C0100718_00417.xml,46,transport_bord_gamla_diverse_lod
C0100718_00190.xml,44,fru_förmyndare_testamente_barn_arf
C0100718_00456.xml,46,transport_bord_gamla_diverse_lod
C0100718_00301.xml,46,transport_bord_gamla_diverse_lod
C0100718_00187.xml,7,hemman_hemmanet_ägor_jord_skatte
C0100718_00018.xml,44,fru_förmyndare_testamente_barn_arf
C0100718_00442.xml,35,ränta_fordran_räkning_betalning_skuld
C0100718_00470.xml,46,transport_bord_gamla_diverse_lod
C0100718_00045.xml,46,transport_bord_gamla_diverse_lod
C0100718_00105.xml,44,fru_förmyndare_testamente_barn_arf
C0100718_00268.xml,30,lieutenanten_capitainen_borgmästaren_enka_borgenärer
C0100718_00395.xml,46,transport_bord_gamla_diverse_lod
C0100718_00322.xml,28,summa_betalt_interesse_specie_penningar
C0100718_00468.xml,46,transport_bord_gamla_diverse_lod
C0100718_00420.xml,46,transport_bord_gamla_diverse_lod
C0100718_00198.xml,46,transport_bord_gamla_diverse_lod
C0100718_00060.xml,35,ränta_fordran_räkning_betalning_skuld
C0100718_00405.xml,46,transport_bord_gamla_diverse_lod
C0100718_00199.xml,46,transport_bord_gamla_diverse_lod
C0100718_00428.xml,25,hofrätten_rådstufwu_pröfwar_följe_anseende
C0100718_00318.xml,46,transport_bord_gamla_diverse_lod
C0100718_00319.xml,46,transport_bord_gamla_diverse_lod
C0100718_00281.xml,46,transport_bord_gamla_diverse_lod
C0100718_00389.xml,44,fru_förmyndare_testamente_barn_arf
C0100718_00377.xml,46,transport_bord_gamla_diverse_lod
C0100718_00150.xml,46,transport_bord_gamla_diverse_lod
C0100718_00022.xml,46,transport_bord_gamla_diverse_lod
C0100718_00433.xml,35,ränta_fordran_räkning_betalning_skuld
C0100718_00477.xml,46,transport_bord_gamla_diverse_lod
C0100718_00161.xml,12,häradshöfdingen_hofrätten_riddaren_mål_närwarande
C0100718_00181.xml,46,transport_bord_gamla_diverse_lod
C0100718_00336.xml,28,summa_betalt_interesse_specie_penningar
C0100718_00204.xml,46,transport_bord_gamla_diverse_lod
C0100718_00214.xml,46,transport_bord_gamla_diverse_lod
C0100718_00375.xml,22,tid_års_tiden_utom_anseende
C0100718_00063.xml,46,transport_bord_gamla_diverse_lod
C0100718_00055.xml,46,transport_bord_gamla_diverse_lod
C0100718_00304.xml,46,transport_bord_gamla_diverse_lod
C0100718_00044.xml,22,tid_års_tiden_utom_anseende
C0100718_00383.xml,46,transport_bord_gamla_diverse_lod
C0100718_00167.xml,35,ränta_fordran_räkning_betalning_skuld
C0100718_00244.xml,46,transport_bord_gamla_diverse_lod
C0100718_00486.xml,35,ränta_fordran_räkning_betalning_skuld
C0100718_00143.xml,7,hemman_hemmanet_ägor_jord_skatte
C0100718_00269.xml,44,fru_förmyndare_testamente_barn_arf
C0100718_00138.xml,35,ränta_fordran_räkning_betalning_skuld
C0100718_00168.xml,46,transport_bord_gamla_diverse_lod
C0100718_00232.xml,46,transport_bord_gamla_diverse_lod
C0100718_00314.xml,46,transport_bord_gamla_diverse_lod
C0100718_00362.xml,35,ränta_fordran_räkning_betalning_skuld
C0100718_00473.xml,46,transport_bord_gamla_diverse_lod
C0100718_00467.xml,23,stycken_land_gammal_silfver_silfwer
C0100718_00252.xml,46,transport_bord_gamla_diverse_lod
C0100718_00399.xml,35,ränta_fordran_räkning_betalning_skuld
C0100718_00437.xml,46,transport_bord_gamla_diverse_lod
C0100718_00478.xml,46,transport_bord_gamla_diverse_lod
C0100718_00345.xml,46,transport_bord_gamla_diverse_lod
C0100718_00270.xml,46,transport_bord_gamla_diverse_lod
C0100718_00197.xml,46,transport_bord_gamla_diverse_lod
C0100718_00257.xml,46,transport_bord_gamla_diverse_lod
C0100718_00469.xml,46,transport_bord_gamla_diverse_lod
C0100718_00300.xml,46,transport_bord_gamla_diverse_lod
C0100718_00332.xml,46,transport_bord_gamla_diverse_lod
C0100718_00064.xml,46,transport_bord_gamla_diverse_lod
C0100718_00421.xml,46,transport_bord_gamla_diverse_lod
C0100718_00404.xml,46,transport_bord_gamla_diverse_lod
C0100718_00042.xml,30,lieutenanten_capitainen_borgmästaren_enka_borgenärer
C0100718_00409.xml,46,transport_bord_gamla_diverse_lod
C0100718_00462.xml,35,ränta_fordran_räkning_betalning_skuld
C0100718_00483.xml,35,ränta_fordran_räkning_betalning_skuld
C0100718_00393.xml,46,transport_bord_gamla_diverse_lod
C0100718_00067.xml,46,transport_bord_gamla_diverse_lod
C0100718_00053.xml,46,transport_bord_gamla_diverse_lod
C0100718_00230.xml,46,transport_bord_gamla_diverse_lod
C0100718_00084.xml,46,transport_bord_gamla_diverse_lod
C0100718_00308.xml,46,transport_bord_gamla_diverse_lod
C0100718_00130.xml,46,transport_bord_gamla_diverse_lod
C0100718_00278.xml,46,transport_bord_gamla_diverse_lod
C0100718_00396.xml,46,transport_bord_gamla_diverse_lod
C0100718_00142.xml,12,häradshöfdingen_hofrätten_riddaren_mål_närwarande
C0100718_00106.xml,22,tid_års_tiden_utom_anseende
C0100718_00430.xml,35,ränta_fordran_räkning_betalning_skuld
C0100718_00039.xml,44,fru_förmyndare_testamente_barn_arf
C0100718_00091.xml,28,summa_betalt_interesse_specie_penningar
C0100718_00116.xml,35,ränta_fordran_räkning_betalning_skuld
C0100718_00365.xml,44,fru_förmyndare_testamente_barn_arf
C0100718_00073.xml,44,fru_förmyndare_testamente_barn_arf
C0100718_00422.xml,46,transport_bord_gamla_diverse_lod
C0100718_00177.xml,46,transport_bord_gamla_diverse_lod
C0100718_00242.xml,46,transport_bord_gamla_diverse_lod
C0100718_00140.xml,35,ränta_fordran_räkning_betalning_skuld
C0100718_00224.xml,46,transport_bord_gamla_diverse_lod
C0100718_00264.xml,7,hemman_hemmanet_ägor_jord_skatte
C0100718_00353.xml,46,transport_bord_gamla_diverse_lod
C0100718_00465.xml,7,hemman_hemmanet_ägor_jord_skatte
C0100718_00238.xml,46,transport_bord_gamla_diverse_lod
C0100718_00036.xml,35,ränta_fordran_räkning_betalning_skuld
C0100718_00010.xml,44,fru_förmyndare_testamente_barn_arf
C0100718_00037.xml,22,tid_års_tiden_utom_anseende
C0100718_00315.xml,22,tid_års_tiden_utom_anseende
C0100718_00121.xml,46,transport_bord_gamla_diverse_lod
C0100718_00391.xml,46,transport_bord_gamla_diverse_lod
C0100718_00077.xml,46,transport_bord_gamla_diverse_lod
C0100718_00341.xml,46,transport_bord_gamla_diverse_lod
C0100718_00403.xml,44,fru_förmyndare_testamente_barn_arf
C0100718_00410.xml,46,transport_bord_gamla_diverse_lod
C0100718_00487.xml,35,ränta_fordran_räkning_betalning_skuld
C0100718_00070.xml,35,ränta_fordran_räkning_betalning_skuld
C0100718_00157.xml,46,transport_bord_gamla_diverse_lod
C0100718_00481.xml,46,transport_bord_gamla_diverse_lod
C0100718_00085.xml,46,transport_bord_gamla_diverse_lod
C0100718_00049.xml,22,tid_års_tiden_utom_anseende
C0100718_00418.xml,46,transport_bord_gamla_diverse_lod
C0100718_00294.xml,46,transport_bord_gamla_diverse_lod
C0100718_00088.xml,46,transport_bord_gamla_diverse_lod
C0100718_00193.xml,46,transport_bord_gamla_diverse_lod
C0100718_00186.xml,46,transport_bord_gamla_diverse_lod
C0100718_00306.xml,46,transport_bord_gamla_diverse_lod
C0100718_00263.xml,46,transport_bord_gamla_diverse_lod
C0100718_00119.xml,7,hemman_hemmanet_ägor_jord_skatte
C0100718_00479.xml,46,transport_bord_gamla_diverse_lod
C0100718_00296.xml,46,transport_bord_gamla_diverse_lod
C0100718_00056.xml,46,transport_bord_gamla_diverse_lod
C0100718_00384.xml,44,fru_förmyndare_testamente_barn_arf
C0100718_00107.xml,46,transport_bord_gamla_diverse_lod
C0100718_00014.xml,46,transport_bord_gamla_diverse_lod
C0100718_00429.xml,35,ränta_fordran_räkning_betalning_skuld
C0100718_00082.xml,46,transport_bord_gamla_diverse_lod
C0100718_00239.xml,46,transport_bord_gamla_diverse_lod
C0100718_00033.xml,46,transport_bord_gamla_diverse_lod
C0100718_00207.xml,46,transport_bord_gamla_diverse_lod
C0100718_00015.xml,46,transport_bord_gamla_diverse_lod
C0100718_00113.xml,44,fru_förmyndare_testamente_barn_arf
C0100718_00425.xml,46,transport_bord_gamla_diverse_lod
C0100718_00115.xml,46,transport_bord_gamla_diverse_lod
C0100718_00206.xml,46,transport_bord_gamla_diverse_lod
C0100718_00372.xml,46,transport_bord_gamla_diverse_lod
C0100718_00443.xml,28,summa_betalt_interesse_specie_penningar
C0100718_00342.xml,46,transport_bord_gamla_diverse_lod
C0100718_00218.xml,46,transport_bord_gamla_diverse_lod
C0100718_00127.xml,46,transport_bord_gamla_diverse_lod
C0100718_00485.xml,35,ränta_fordran_räkning_betalning_skuld
C0100718_00311.xml,46,transport_bord_gamla_diverse_lod
C0100718_00457.xml,46,transport_bord_gamla_diverse_lod
C0100718_00289.xml,46,transport_bord_gamla_diverse_lod
C0100718_00274.xml,46,transport_bord_gamla_diverse_lod
C0100718_00058.xml,46,transport_bord_gamla_diverse_lod
C0100718_00330.xml,46,transport_bord_gamla_diverse_lod
C0100718_00340.xml,46,transport_bord_gamla_diverse_lod
C0100718_00451.xml,46,transport_bord_gamla_diverse_lod
C0100718_00234.xml,46,transport_bord_gamla_diverse_lod
C0100718_00452.xml,46,transport_bord_gamla_diverse_lod
C0100718_00476.xml,46,transport_bord_gamla_diverse_lod
C0100718_00131.xml,46,transport_bord_gamla_diverse_lod
C0100718_00180.xml,46,transport_bord_gamla_diverse_lod
C0100718_00185.xml,46,transport_bord_gamla_diverse_lod
C0100718_00114.xml,46,transport_bord_gamla_diverse_lod
C0100718_00424.xml,46,transport_bord_gamla_diverse_lod
C0100718_00338.xml,46,transport_bord_gamla_diverse_lod
C0100718_00413.xml,46,transport_bord_gamla_diverse_lod
C0100718_00364.xml,44,fru_förmyndare_testamente_barn_arf
C0100718_00112.xml,28,summa_betalt_interesse_specie_penningar
C0100718_00165.xml,46,transport_bord_gamla_diverse_lod
C0100718_00392.xml,46,transport_bord_gamla_diverse_lod
C0100718_00118.xml,33,hofrätten_saken_parterne_afträdde_ansökning
A0067127_00175.xml,19,åhrs_wedh_utj_wed_äre
A0067127_00031.xml,10,will_willia_ähre_gudh_saken
A0067127_00098.xml,19,åhrs_wedh_utj_wed_äre
A0067127_00033.xml,10,will_willia_ähre_gudh_saken
A0067127_00066.xml,19,åhrs_wedh_utj_wed_äre
A0067127_00128.xml,19,åhrs_wedh_utj_wed_äre
A0067127_00106.xml,1,wittnen_wittnet_berättelse_tagit_sedt
A0067127_00080.xml,19,åhrs_wedh_utj_wed_äre
A0067127_00183.xml,19,åhrs_wedh_utj_wed_äre
A0067127_00135.xml,10,will_willia_ähre_gudh_saken
A0067127_00012.xml,22,tid_års_tiden_utom_anseende
A0067127_00048.xml,10,will_willia_ähre_gudh_saken
A0067127_00091.xml,10,will_willia_ähre_gudh_saken
A0067127_00037.xml,10,will_willia_ähre_gudh_saken
A0067127_00102.xml,19,åhrs_wedh_utj_wed_äre
A0067127_00083.xml,10,will_willia_ähre_gudh_saken
A0067127_00186.xml,10,will_willia_ähre_gudh_saken
A0067127_00034.xml,10,will_willia_ähre_gudh_saken
A0067127_00090.xml,29,swarade_domb_inspectoren_dehl_straxt
A0067127_00113.xml,10,will_willia_ähre_gudh_saken
A0067127_00132.xml,19,åhrs_wedh_utj_wed_äre
A0067127_00176.xml,19,åhrs_wedh_utj_wed_äre
A0067127_00154.xml,10,will_willia_ähre_gudh_saken
A0067127_00116.xml,10,will_willia_ähre_gudh_saken
A0067127_00168.xml,26,bevis_vore_enkan_född_vite
A0067127_00075.xml,10,will_willia_ähre_gudh_saken
A0067127_00164.xml,10,will_willia_ähre_gudh_saken
A0067127_00060.xml,10,will_willia_ähre_gudh_saken
A0067127_00167.xml,10,will_willia_ähre_gudh_saken
A0067127_00107.xml,19,åhrs_wedh_utj_wed_äre
A0067127_00103.xml,19,åhrs_wedh_utj_wed_äre
A0067127_00053.xml,19,åhrs_wedh_utj_wed_äre
A0067127_00114.xml,19,åhrs_wedh_utj_wed_äre
A0067127_00161.xml,19,åhrs_wedh_utj_wed_äre
A0067127_00194.xml,29,swarade_domb_inspectoren_dehl_straxt
A0067127_00122.xml,20,dhem_christian_åth_alldeles_septemb
A0067127_00087.xml,19,åhrs_wedh_utj_wed_äre
A0067127_00025.xml,19,åhrs_wedh_utj_wed_äre
A0067127_00191.xml,10,will_willia_ähre_gudh_saken
A0067127_00109.xml,29,swarade_domb_inspectoren_dehl_straxt
A0067127_00024.xml,10,will_willia_ähre_gudh_saken
A0067127_00145.xml,10,will_willia_ähre_gudh_saken
A0067127_00162.xml,19,åhrs_wedh_utj_wed_äre
A0067127_00136.xml,10,will_willia_ähre_gudh_saken
A0067127_00038.xml,10,will_willia_ähre_gudh_saken
A0067127_00108.xml,41,män_emoot_huus_haar_tienare
A0067127_00099.xml,19,åhrs_wedh_utj_wed_äre
A0067127_00065.xml,10,will_willia_ähre_gudh_saken
A0067127_00173.xml,22,tid_års_tiden_utom_anseende
A0067127_00110.xml,19,åhrs_wedh_utj_wed_äre
A0067127_00014.xml,10,will_willia_ähre_gudh_saken
A0067127_00118.xml,28,summa_betalt_interesse_specie_penningar
A0067127_00041.xml,19,åhrs_wedh_utj_wed_äre
A0067127_00028.xml,19,åhrs_wedh_utj_wed_äre
A0067127_00115.xml,19,åhrs_wedh_utj_wed_äre
A0067127_00158.xml,19,åhrs_wedh_utj_wed_äre
A0067127_00078.xml,10,will_willia_ähre_gudh_saken
A0067127_00139.xml,19,åhrs_wedh_utj_wed_äre
A0067127_00042.xml,19,åhrs_wedh_utj_wed_äre
A0067127_00015.xml,19,åhrs_wedh_utj_wed_äre
A0067127_00059.xml,10,will_willia_ähre_gudh_saken
A0067127_00021.xml,10,will_willia_ähre_gudh_saken
A0067127_00169.xml,19,åhrs_wedh_utj_wed_äre
A0067127_00008.xml,10,will_willia_ähre_gudh_saken
A0067127_00058.xml,10,will_willia_ähre_gudh_saken
A0067127_00043.xml,10,will_willia_ähre_gudh_saken
A0067127_00097.xml,19,åhrs_wedh_utj_wed_äre
A0067127_00077.xml,29,swarade_domb_inspectoren_dehl_straxt
A0067127_00035.xml,29,swarade_domb_inspectoren_dehl_straxt
A0067127_00068.xml,10,will_willia_ähre_gudh_saken
A0067127_00157.xml,19,åhrs_wedh_utj_wed_äre
A0067127_00185.xml,19,åhrs_wedh_utj_wed_äre
A0067127_00105.xml,15,tijdh_hindrich_compagnie_saaken_banquen
A0067127_00188.xml,19,åhrs_wedh_utj_wed_äre
A0067127_00054.xml,19,åhrs_wedh_utj_wed_äre
A0067127_00166.xml,19,åhrs_wedh_utj_wed_äre
A0067127_00018.xml,10,will_willia_ähre_gudh_saken
A0067127_00165.xml,29,swarade_domb_inspectoren_dehl_straxt
A0067127_00124.xml,19,åhrs_wedh_utj_wed_äre
A0067127_00130.xml,19,åhrs_wedh_utj_wed_äre
A0067127_00177.xml,22,tid_års_tiden_utom_anseende
A0067127_00023.xml,19,åhrs_wedh_utj_wed_äre
A0067127_00117.xml,10,will_willia_ähre_gudh_saken
A0067127_00088.xml,19,åhrs_wedh_utj_wed_äre
A0067127_00125.xml,10,will_willia_ähre_gudh_saken
A0067127_00153.xml,17,bergs_ting_påstående_bruks_käranden
A0067127_00100.xml,10,will_willia_ähre_gudh_saken
A0067127_00094.xml,10,will_willia_ähre_gudh_saken
A0067127_00044.xml,19,åhrs_wedh_utj_wed_äre
A0067127_00052.xml,19,åhrs_wedh_utj_wed_äre
A0067127_00093.xml,19,åhrs_wedh_utj_wed_äre
A0067127_00046.xml,10,will_willia_ähre_gudh_saken
A0067127_00181.xml,19,åhrs_wedh_utj_wed_äre
A0067127_00189.xml,10,will_willia_ähre_gudh_saken
A0067127_00062.xml,19,åhrs_wedh_utj_wed_äre
A0067127_00133.xml,19,åhrs_wedh_utj_wed_äre
A0067127_00095.xml,10,will_willia_ähre_gudh_saken
A0067127_00019.xml,19,åhrs_wedh_utj_wed_äre
A0067127_00174.xml,10,will_willia_ähre_gudh_saken
A0067127_00195.xml,10,will_willia_ähre_gudh_saken
A0067127_00160.xml,19,åhrs_wedh_utj_wed_äre
A0067127_00011.xml,10,will_willia_ähre_gudh_saken
A0067127_00129.xml,19,åhrs_wedh_utj_wed_äre
A0067127_00069.xml,1,wittnen_wittnet_berättelse_tagit_sedt
A0067127_00016.xml,19,åhrs_wedh_utj_wed_äre
A0067127_00092.xml,19,åhrs_wedh_utj_wed_äre
A0067127_00144.xml,19,åhrs_wedh_utj_wed_äre
A0067127_00017.xml,10,will_willia_ähre_gudh_saken
A0067127_00057.xml,19,åhrs_wedh_utj_wed_äre
A0067127_00007.xml,17,bergs_ting_påstående_bruks_käranden
A0067127_00009.xml,19,åhrs_wedh_utj_wed_äre
A0067127_00170.xml,19,åhrs_wedh_utj_wed_äre
A0067127_00179.xml,10,will_willia_ähre_gudh_saken
A0067127_00072.xml,19,åhrs_wedh_utj_wed_äre
A0067127_00140.xml,19,åhrs_wedh_utj_wed_äre
A0067127_00112.xml,19,åhrs_wedh_utj_wed_äre
A0067127_00143.xml,19,åhrs_wedh_utj_wed_äre
A0067127_00063.xml,19,åhrs_wedh_utj_wed_äre
A0067127_00150.xml,19,åhrs_wedh_utj_wed_äre
A0067127_00026.xml,10,will_willia_ähre_gudh_saken
A0067127_00152.xml,19,åhrs_wedh_utj_wed_äre
A0067127_00142.xml,10,will_willia_ähre_gudh_saken
A0067127_00149.xml,10,will_willia_ähre_gudh_saken
A0067127_00085.xml,10,will_willia_ähre_gudh_saken
A0067127_00049.xml,19,åhrs_wedh_utj_wed_äre
A0067127_00156.xml,19,åhrs_wedh_utj_wed_äre
A0067127_00086.xml,19,åhrs_wedh_utj_wed_äre
A0067127_00073.xml,10,will_willia_ähre_gudh_saken
A0067127_00171.xml,10,will_willia_ähre_gudh_saken
A0067127_00182.xml,19,åhrs_wedh_utj_wed_äre
A0067127_00192.xml,10,will_willia_ähre_gudh_saken
A0067127_00127.xml,10,will_willia_ähre_gudh_saken
A0067127_00040.xml,19,åhrs_wedh_utj_wed_äre
A0067127_00050.xml,19,åhrs_wedh_utj_wed_äre
A0067127_00032.xml,1,wittnen_wittnet_berättelse_tagit_sedt
A0067127_00064.xml,19,åhrs_wedh_utj_wed_äre
A0067127_00131.xml,19,åhrs_wedh_utj_wed_äre
A0067127_00184.xml,19,åhrs_wedh_utj_wed_äre
A0067127_00120.xml,43,hustru_dotter_hustrus_barn_christina
A0067127_00056.xml,10,will_willia_ähre_gudh_saken
A0067127_00121.xml,10,will_willia_ähre_gudh_saken
A0067127_00193.xml,10,will_willia_ähre_gudh_saken
A0067127_00079.xml,19,åhrs_wedh_utj_wed_äre
A0067127_00030.xml,10,will_willia_ähre_gudh_saken
A0067127_00074.xml,10,will_willia_ähre_gudh_saken
A0067127_00141.xml,19,åhrs_wedh_utj_wed_äre
A0067127_00082.xml,10,will_willia_ähre_gudh_saken
A0067127_00137.xml,10,will_willia_ähre_gudh_saken
A0067127_00089.xml,29,swarade_domb_inspectoren_dehl_straxt
A0067127_00151.xml,19,åhrs_wedh_utj_wed_äre
A0067127_00061.xml,19,åhrs_wedh_utj_wed_äre
A0067127_00155.xml,43,hustru_dotter_hustrus_barn_christina
A0067127_00013.xml,19,åhrs_wedh_utj_wed_äre
A0067127_00036.xml,10,will_willia_ähre_gudh_saken
A0067127_00071.xml,19,åhrs_wedh_utj_wed_äre
A0067127_00081.xml,29,swarade_domb_inspectoren_dehl_straxt
A0067127_00159.xml,10,will_willia_ähre_gudh_saken
A0067127_00070.xml,19,åhrs_wedh_utj_wed_äre
A0067127_00022.xml,19,åhrs_wedh_utj_wed_äre
A0067127_00067.xml,19,åhrs_wedh_utj_wed_äre
A0067127_00055.xml,10,will_willia_ähre_gudh_saken
A0067127_00039.xml,10,will_willia_ähre_gudh_saken
A0067127_00029.xml,20,dhem_christian_åth_alldeles_septemb
A0067127_00178.xml,22,tid_års_tiden_utom_anseende
A0067127_00104.xml,19,åhrs_wedh_utj_wed_äre
A0067127_00138.xml,19,åhrs_wedh_utj_wed_äre
A0067127_00180.xml,19,åhrs_wedh_utj_wed_äre
A0067127_00045.xml,10,will_willia_ähre_gudh_saken
A0067127_00020.xml,10,will_willia_ähre_gudh_saken
A0067127_00051.xml,19,åhrs_wedh_utj_wed_äre
A0067127_00076.xml,19,åhrs_wedh_utj_wed_äre
A0067127_00101.xml,10,will_willia_ähre_gudh_saken
A0067127_00146.xml,19,åhrs_wedh_utj_wed_äre
A0067127_00047.xml,19,åhrs_wedh_utj_wed_äre
A0067127_00027.xml,19,åhrs_wedh_utj_wed_äre
A0067127_00096.xml,10,will_willia_ähre_gudh_saken
A0067127_00190.xml,19,åhrs_wedh_utj_wed_äre
A0067127_00163.xml,19,åhrs_wedh_utj_wed_äre
A0067127_00123.xml,10,will_willia_ähre_gudh_saken
A0067127_00147.xml,19,åhrs_wedh_utj_wed_äre
A0067127_00084.xml,10,will_willia_ähre_gudh_saken
A0067127_00126.xml,20,dhem_christian_åth_alldeles_septemb
A0067127_00010.xml,17,bergs_ting_påstående_bruks_käranden
A0067127_00148.xml,19,åhrs_wedh_utj_wed_äre
A0067127_00134.xml,10,will_willia_ähre_gudh_saken
A0067127_00111.xml,19,åhrs_wedh_utj_wed_äre
A0067127_00187.xml,19,åhrs_wedh_utj_wed_äre
A0068111_00290.xml,19,åhrs_wedh_utj_wed_äre
A0068111_00530.xml,20,dhem_christian_åth_alldeles_septemb
A0068111_00543.xml,10,will_willia_ähre_gudh_saken
A0068111_00359.xml,19,åhrs_wedh_utj_wed_äre
A0068111_00480.xml,10,will_willia_ähre_gudh_saken
A0068111_00776.xml,10,will_willia_ähre_gudh_saken
A0068111_00262.xml,19,åhrs_wedh_utj_wed_äre
A0068111_00334.xml,10,will_willia_ähre_gudh_saken
A0068111_00827.xml,2,und_die_mit_abraham_capitain
A0068111_00607.xml,10,will_willia_ähre_gudh_saken
A0068111_00282.xml,10,will_willia_ähre_gudh_saken
A0068111_00793.xml,2,und_die_mit_abraham_capitain
A0068111_00749.xml,19,åhrs_wedh_utj_wed_äre
A0068111_00715.xml,10,will_willia_ähre_gudh_saken
A0068111_00128.xml,10,will_willia_ähre_gudh_saken
A0068111_00580.xml,46,transport_bord_gamla_diverse_lod
A0068111_00099.xml,19,åhrs_wedh_utj_wed_äre
A0068111_00651.xml,10,will_willia_ähre_gudh_saken
A0068111_00767.xml,0,rättens_lagmans_resolution_saken_måhl
A0068111_00366.xml,10,will_willia_ähre_gudh_saken
A0068111_00819.xml,2,und_die_mit_abraham_capitain
A0068111_00012.xml,10,will_willia_ähre_gudh_saken
A0068111_00854.xml,2,und_die_mit_abraham_capitain
A0068111_00796.xml,27,eder_for_etc_herman_wie
A0068111_00409.xml,15,tijdh_hindrich_compagnie_saaken_banquen
A0068111_00085.xml,2,und_die_mit_abraham_capitain
A0068111_00326.xml,10,will_willia_ähre_gudh_saken
A0068111_00177.xml,18,sahl_samme_hlr_sub_post
A0068111_00140.xml,19,åhrs_wedh_utj_wed_äre
A0068111_00336.xml,10,will_willia_ähre_gudh_saken
A0068111_00788.xml,21,måns_worden_samuel_bergz_smeden
A0068111_00696.xml,19,åhrs_wedh_utj_wed_äre
A0068111_00846.xml,19,åhrs_wedh_utj_wed_äre
A0068111_00586.xml,19,åhrs_wedh_utj_wed_äre
A0068111_00098.xml,10,will_willia_ähre_gudh_saken
A0068111_00353.xml,20,dhem_christian_åth_alldeles_septemb
A0068111_00466.xml,28,summa_betalt_interesse_specie_penningar
A0068111_00825.xml,2,und_die_mit_abraham_capitain
A0068111_00614.xml,31,härads_rättens_målet_utslaget_dömd
A0068111_00032.xml,10,will_willia_ähre_gudh_saken
A0068111_00432.xml,10,will_willia_ähre_gudh_saken
A0068111_00127.xml,0,rättens_lagmans_resolution_saken_måhl
A0068111_00123.xml,19,åhrs_wedh_utj_wed_äre
A0068111_00196.xml,2,und_die_mit_abraham_capitain
A0068111_00215.xml,10,will_willia_ähre_gudh_saken
A0068111_00513.xml,10,will_willia_ähre_gudh_saken
A0068111_00468.xml,2,und_die_mit_abraham_capitain
A0068111_00327.xml,19,åhrs_wedh_utj_wed_äre
A0068111_00019.xml,10,will_willia_ähre_gudh_saken
A0068111_00300.xml,10,will_willia_ähre_gudh_saken
A0068111_00280.xml,10,will_willia_ähre_gudh_saken
A0068111_00452.xml,28,summa_betalt_interesse_specie_penningar
A0068111_00789.xml,18,sahl_samme_hlr_sub_post
A0068111_00067.xml,10,will_willia_ähre_gudh_saken
A0068111_00311.xml,10,will_willia_ähre_gudh_saken
A0068111_00608.xml,10,will_willia_ähre_gudh_saken
A0068111_00664.xml,2,und_die_mit_abraham_capitain
A0068111_00219.xml,17,bergs_ting_påstående_bruks_käranden
A0068111_00287.xml,10,will_willia_ähre_gudh_saken
A0068111_00826.xml,2,und_die_mit_abraham_capitain
A0068111_00489.xml,15,tijdh_hindrich_compagnie_saaken_banquen
A0068111_00132.xml,28,summa_betalt_interesse_specie_penningar
A0068111_00533.xml,19,åhrs_wedh_utj_wed_äre
A0068111_00206.xml,10,will_willia_ähre_gudh_saken
A0068111_00319.xml,44,fru_förmyndare_testamente_barn_arf
A0068111_00276.xml,19,åhrs_wedh_utj_wed_äre
A0068111_00211.xml,10,will_willia_ähre_gudh_saken
A0068111_00034.xml,10,will_willia_ähre_gudh_saken
A0068111_00729.xml,10,will_willia_ähre_gudh_saken
A0068111_00756.xml,10,will_willia_ähre_gudh_saken
A0068111_00770.xml,38,grefwe_hoffrätten_herre_sweriges_råd
A0068111_00096.xml,10,will_willia_ähre_gudh_saken
A0068111_00341.xml,10,will_willia_ähre_gudh_saken
A0068111_00060.xml,10,will_willia_ähre_gudh_saken
A0068111_00237.xml,10,will_willia_ähre_gudh_saken
A0068111_00522.xml,18,sahl_samme_hlr_sub_post
A0068111_00567.xml,19,åhrs_wedh_utj_wed_äre
A0068111_00467.xml,28,summa_betalt_interesse_specie_penningar
A0068111_00253.xml,38,grefwe_hoffrätten_herre_sweriges_råd
A0068111_00296.xml,19,åhrs_wedh_utj_wed_äre
A0068111_00662.xml,10,will_willia_ähre_gudh_saken
A0068111_00494.xml,10,will_willia_ähre_gudh_saken
A0068111_00312.xml,10,will_willia_ähre_gudh_saken
A0068111_00582.xml,10,will_willia_ähre_gudh_saken
A0068111_00787.xml,27,eder_for_etc_herman_wie
A0068111_00234.xml,46,transport_bord_gamla_diverse_lod
A0068111_00540.xml,17,bergs_ting_påstående_bruks_käranden
A0068111_00471.xml,47,jern_koppar_tunnor_kohl_tunna
A0068111_00242.xml,10,will_willia_ähre_gudh_saken
A0068111_00714.xml,19,åhrs_wedh_utj_wed_äre
A0068111_00383.xml,10,will_willia_ähre_gudh_saken
A0068111_00016.xml,19,åhrs_wedh_utj_wed_äre
A0068111_00324.xml,18,sahl_samme_hlr_sub_post
A0068111_00218.xml,10,will_willia_ähre_gudh_saken
A0068111_00413.xml,0,rättens_lagmans_resolution_saken_måhl
A0068111_00451.xml,28,summa_betalt_interesse_specie_penningar
A0068111_00423.xml,19,åhrs_wedh_utj_wed_äre
A0068111_00364.xml,29,swarade_domb_inspectoren_dehl_straxt
A0068111_00061.xml,19,åhrs_wedh_utj_wed_äre
A0068111_00812.xml,40,kronor_kommen_mehr_bemelte_neder
A0068111_00198.xml,2,und_die_mit_abraham_capitain
A0068111_00447.xml,10,will_willia_ähre_gudh_saken
A0068111_00592.xml,0,rättens_lagmans_resolution_saken_måhl
A0068111_00351.xml,10,will_willia_ähre_gudh_saken
A0068111_00235.xml,10,will_willia_ähre_gudh_saken
A0068111_00488.xml,27,eder_for_etc_herman_wie
A0068111_00693.xml,29,swarade_domb_inspectoren_dehl_straxt
A0068111_00088.xml,10,will_willia_ähre_gudh_saken
A0068111_00616.xml,44,fru_förmyndare_testamente_barn_arf
A0068111_00164.xml,18,sahl_samme_hlr_sub_post
A0068111_00698.xml,19,åhrs_wedh_utj_wed_äre
A0068111_00783.xml,10,will_willia_ähre_gudh_saken
A0068111_00163.xml,18,sahl_samme_hlr_sub_post
A0068111_00193.xml,2,und_die_mit_abraham_capitain
A0068111_00316.xml,10,will_willia_ähre_gudh_saken
A0068111_00856.xml,10,will_willia_ähre_gudh_saken
A0068111_00571.xml,28,summa_betalt_interesse_specie_penningar
A0068111_00426.xml,19,åhrs_wedh_utj_wed_äre
A0068111_00204.xml,19,åhrs_wedh_utj_wed_äre
A0068111_00378.xml,10,will_willia_ähre_gudh_saken
A0068111_00035.xml,18,sahl_samme_hlr_sub_post
A0068111_00629.xml,19,åhrs_wedh_utj_wed_äre
A0068111_00641.xml,19,åhrs_wedh_utj_wed_äre
A0068111_00820.xml,2,und_die_mit_abraham_capitain
A0068111_00313.xml,10,will_willia_ähre_gudh_saken
A0068111_00753.xml,19,åhrs_wedh_utj_wed_äre
A0068111_00610.xml,10,will_willia_ähre_gudh_saken
A0068111_00410.xml,18,sahl_samme_hlr_sub_post
A0068111_00340.xml,10,will_willia_ähre_gudh_saken
A0068111_00230.xml,10,will_willia_ähre_gudh_saken
A0068111_00076.xml,18,sahl_samme_hlr_sub_post
A0068111_00627.xml,29,swarade_domb_inspectoren_dehl_straxt
A0068111_00630.xml,15,tijdh_hindrich_compagnie_saaken_banquen
A0068111_00786.xml,15,tijdh_hindrich_compagnie_saaken_banquen
A0068111_00395.xml,47,jern_koppar_tunnor_kohl_tunna
A0068111_00670.xml,10,will_willia_ähre_gudh_saken
A0068111_00217.xml,10,will_willia_ähre_gudh_saken
A0068111_00672.xml,10,will_willia_ähre_gudh_saken
A0068111_00200.xml,10,will_willia_ähre_gudh_saken
A0068111_00843.xml,2,und_die_mit_abraham_capitain
A0068111_00713.xml,10,will_willia_ähre_gudh_saken
A0068111_00350.xml,20,dhem_christian_åth_alldeles_septemb
A0068111_00194.xml,27,eder_for_etc_herman_wie
A0068111_00243.xml,10,will_willia_ähre_gudh_saken
A0068111_00176.xml,2,und_die_mit_abraham_capitain
A0068111_00015.xml,10,will_willia_ähre_gudh_saken
A0068111_00412.xml,10,will_willia_ähre_gudh_saken
A0068111_00505.xml,15,tijdh_hindrich_compagnie_saaken_banquen
A0068111_00518.xml,10,will_willia_ähre_gudh_saken
A0068111_00445.xml,16,riksdaler_daler_banco_twå_balken
A0068111_00264.xml,10,will_willia_ähre_gudh_saken
A0068111_00078.xml,10,will_willia_ähre_gudh_saken
A0068111_00301.xml,10,will_willia_ähre_gudh_saken
A0068111_00463.xml,0,rättens_lagmans_resolution_saken_måhl
A0068111_00411.xml,10,will_willia_ähre_gudh_saken
A0068111_00597.xml,37,talan_afseende_målet_fråga_mål
A0068111_00335.xml,10,will_willia_ähre_gudh_saken
A0068111_00600.xml,10,will_willia_ähre_gudh_saken
A0068111_00735.xml,10,will_willia_ähre_gudh_saken
A0068111_00089.xml,38,grefwe_hoffrätten_herre_sweriges_råd
A0068111_00429.xml,10,will_willia_ähre_gudh_saken
A0068111_00188.xml,2,und_die_mit_abraham_capitain
A0068111_00258.xml,0,rättens_lagmans_resolution_saken_måhl
A0068111_00484.xml,10,will_willia_ähre_gudh_saken
A0068111_00797.xml,2,und_die_mit_abraham_capitain
A0068111_00210.xml,0,rättens_lagmans_resolution_saken_måhl
A0068111_00137.xml,18,sahl_samme_hlr_sub_post
A0068111_00544.xml,19,åhrs_wedh_utj_wed_äre
A0068111_00506.xml,18,sahl_samme_hlr_sub_post
A0068111_00152.xml,18,sahl_samme_hlr_sub_post
A0068111_00747.xml,19,åhrs_wedh_utj_wed_äre
A0068111_00598.xml,10,will_willia_ähre_gudh_saken
A0068111_00454.xml,10,will_willia_ähre_gudh_saken
A0068111_00104.xml,18,sahl_samme_hlr_sub_post
A0068111_00201.xml,31,härads_rättens_målet_utslaget_dömd
A0068111_00222.xml,10,will_willia_ähre_gudh_saken
A0068111_00270.xml,19,åhrs_wedh_utj_wed_äre
A0068111_00023.xml,19,åhrs_wedh_utj_wed_äre
A0068111_00156.xml,2,und_die_mit_abraham_capitain
A0068111_00007.xml,44,fru_förmyndare_testamente_barn_arf
A0068111_00535.xml,38,grefwe_hoffrätten_herre_sweriges_råd
A0068111_00024.xml,19,åhrs_wedh_utj_wed_äre
A0068111_00636.xml,10,will_willia_ähre_gudh_saken
A0068111_00677.xml,10,will_willia_ähre_gudh_saken
A0068111_00669.xml,2,und_die_mit_abraham_capitain
A0068111_00184.xml,2,und_die_mit_abraham_capitain
A0068111_00337.xml,10,will_willia_ähre_gudh_saken
A0068111_00650.xml,19,åhrs_wedh_utj_wed_äre
A0068111_00404.xml,10,will_willia_ähre_gudh_saken
A0068111_00596.xml,19,åhrs_wedh_utj_wed_äre
A0068111_00071.xml,10,will_willia_ähre_gudh_saken
A0068111_00490.xml,18,sahl_samme_hlr_sub_post
A0068111_00181.xml,2,und_die_mit_abraham_capitain
A0068111_00306.xml,10,will_willia_ähre_gudh_saken
A0068111_00595.xml,10,will_willia_ähre_gudh_saken
A0068111_00138.xml,18,sahl_samme_hlr_sub_post
A0068111_00318.xml,10,will_willia_ähre_gudh_saken
A0068111_00844.xml,19,åhrs_wedh_utj_wed_äre
A0068111_00736.xml,19,åhrs_wedh_utj_wed_äre
A0068111_00503.xml,0,rättens_lagmans_resolution_saken_måhl
A0068111_00634.xml,38,grefwe_hoffrätten_herre_sweriges_råd
A0068111_00575.xml,27,eder_for_etc_herman_wie
A0068111_00457.xml,15,tijdh_hindrich_compagnie_saaken_banquen
A0068111_00361.xml,19,åhrs_wedh_utj_wed_äre
A0068111_00822.xml,2,und_die_mit_abraham_capitain
A0068111_00493.xml,28,summa_betalt_interesse_specie_penningar
A0068111_00813.xml,29,swarade_domb_inspectoren_dehl_straxt
A0068111_00615.xml,38,grefwe_hoffrätten_herre_sweriges_råd
A0068111_00792.xml,10,will_willia_ähre_gudh_saken
A0068111_00349.xml,10,will_willia_ähre_gudh_saken
A0068111_00663.xml,10,will_willia_ähre_gudh_saken
A0068111_00719.xml,23,stycken_land_gammal_silfver_silfwer
A0068111_00427.xml,28,summa_betalt_interesse_specie_penningar
A0068111_00039.xml,10,will_willia_ähre_gudh_saken
A0068111_00475.xml,4,majoren_general_sal_godz_öfwersten
A0068111_00558.xml,10,will_willia_ähre_gudh_saken
A0068111_00166.xml,18,sahl_samme_hlr_sub_post
A0068111_00146.xml,2,und_die_mit_abraham_capitain
A0068111_00695.xml,0,rättens_lagmans_resolution_saken_måhl
A0068111_00523.xml,28,summa_betalt_interesse_specie_penningar
A0068111_00093.xml,10,will_willia_ähre_gudh_saken
A0068111_00135.xml,18,sahl_samme_hlr_sub_post
A0068111_00511.xml,0,rättens_lagmans_resolution_saken_måhl
A0068111_00775.xml,2,und_die_mit_abraham_capitain
A0068111_00355.xml,19,åhrs_wedh_utj_wed_äre
A0068111_00803.xml,28,summa_betalt_interesse_specie_penningar
A0068111_00807.xml,44,fru_förmyndare_testamente_barn_arf
A0068111_00119.xml,18,sahl_samme_hlr_sub_post
A0068111_00720.xml,2,und_die_mit_abraham_capitain
A0068111_00731.xml,10,will_willia_ähre_gudh_saken
A0068111_00142.xml,38,grefwe_hoffrätten_herre_sweriges_råd
A0068111_00281.xml,26,bevis_vore_enkan_född_vite
A0068111_00653.xml,19,åhrs_wedh_utj_wed_äre
A0068111_00179.xml,2,und_die_mit_abraham_capitain
A0068111_00058.xml,10,will_willia_ähre_gudh_saken
A0068111_00587.xml,33,hofrätten_saken_parterne_afträdde_ansökning
A0068111_00117.xml,2,und_die_mit_abraham_capitain
A0068111_00799.xml,2,und_die_mit_abraham_capitain
A0068111_00509.xml,10,will_willia_ähre_gudh_saken
A0068111_00379.xml,19,åhrs_wedh_utj_wed_äre
A0068111_00821.xml,2,und_die_mit_abraham_capitain
A0068111_00393.xml,10,will_willia_ähre_gudh_saken
A0068111_00818.xml,2,und_die_mit_abraham_capitain
A0068111_00469.xml,18,sahl_samme_hlr_sub_post
A0068111_00402.xml,10,will_willia_ähre_gudh_saken
A0068111_00727.xml,14,skog_skogen_mark_grefve_östra
A0068111_00310.xml,10,will_willia_ähre_gudh_saken
A0068111_00369.xml,10,will_willia_ähre_gudh_saken
A0068111_00434.xml,19,åhrs_wedh_utj_wed_äre
A0068111_00358.xml,10,will_willia_ähre_gudh_saken
A0068111_00577.xml,28,summa_betalt_interesse_specie_penningar
A0068111_00307.xml,10,will_willia_ähre_gudh_saken
A0068111_00278.xml,10,will_willia_ähre_gudh_saken
A0068111_00443.xml,28,summa_betalt_interesse_specie_penningar
A0068111_00690.xml,10,will_willia_ähre_gudh_saken
A0068111_00286.xml,10,will_willia_ähre_gudh_saken
A0068111_00080.xml,2,und_die_mit_abraham_capitain
A0068111_00011.xml,10,will_willia_ähre_gudh_saken
A0068111_00103.xml,18,sahl_samme_hlr_sub_post
A0068111_00524.xml,15,tijdh_hindrich_compagnie_saaken_banquen
A0068111_00470.xml,19,åhrs_wedh_utj_wed_äre
A0068111_00590.xml,18,sahl_samme_hlr_sub_post
A0068111_00083.xml,38,grefwe_hoffrätten_herre_sweriges_råd
A0068111_00322.xml,18,sahl_samme_hlr_sub_post
A0068111_00809.xml,2,und_die_mit_abraham_capitain
A0068111_00758.xml,10,will_willia_ähre_gudh_saken
A0068111_00097.xml,10,will_willia_ähre_gudh_saken
A0068111_00025.xml,44,fru_förmyndare_testamente_barn_arf
A0068111_00347.xml,20,dhem_christian_åth_alldeles_septemb
A0068111_00057.xml,19,åhrs_wedh_utj_wed_äre
A0068111_00857.xml,10,will_willia_ähre_gudh_saken
A0068111_00476.xml,19,åhrs_wedh_utj_wed_äre
A0068111_00704.xml,6,gången_grufwe_wijd_decembr_nästkommande
A0068111_00245.xml,10,will_willia_ähre_gudh_saken
A0068111_00546.xml,0,rättens_lagmans_resolution_saken_måhl
A0068111_00205.xml,10,will_willia_ähre_gudh_saken
A0068111_00658.xml,15,tijdh_hindrich_compagnie_saaken_banquen
A0068111_00609.xml,19,åhrs_wedh_utj_wed_äre
A0068111_00065.xml,18,sahl_samme_hlr_sub_post
A0068111_00472.xml,15,tijdh_hindrich_compagnie_saaken_banquen
A0068111_00806.xml,2,und_die_mit_abraham_capitain
A0068111_00661.xml,10,will_willia_ähre_gudh_saken
A0068111_00584.xml,19,åhrs_wedh_utj_wed_äre
A0068111_00403.xml,10,will_willia_ähre_gudh_saken
A0068111_00072.xml,10,will_willia_ähre_gudh_saken
A0068111_00155.xml,2,und_die_mit_abraham_capitain
A0068111_00718.xml,10,will_willia_ähre_gudh_saken
A0068111_00515.xml,9,öre_may_nembl_hustro_breff
A0068111_00438.xml,19,åhrs_wedh_utj_wed_äre
A0068111_00343.xml,10,will_willia_ähre_gudh_saken
A0068111_00611.xml,10,will_willia_ähre_gudh_saken
A0068111_00170.xml,2,und_die_mit_abraham_capitain
A0068111_00782.xml,10,will_willia_ähre_gudh_saken
A0068111_00108.xml,0,rättens_lagmans_resolution_saken_måhl
A0068111_00259.xml,1,wittnen_wittnet_berättelse_tagit_sedt
A0068111_00559.xml,10,will_willia_ähre_gudh_saken
A0068111_00545.xml,38,grefwe_hoffrätten_herre_sweriges_råd
A0068111_00051.xml,10,will_willia_ähre_gudh_saken
A0068111_00031.xml,10,will_willia_ähre_gudh_saken
A0068111_00626.xml,0,rättens_lagmans_resolution_saken_måhl
A0068111_00375.xml,19,åhrs_wedh_utj_wed_äre
A0068111_00263.xml,10,will_willia_ähre_gudh_saken
A0068111_00167.xml,2,und_die_mit_abraham_capitain
A0068111_00791.xml,2,und_die_mit_abraham_capitain
A0068111_00656.xml,19,åhrs_wedh_utj_wed_äre
A0068111_00638.xml,19,åhrs_wedh_utj_wed_äre
A0068111_00435.xml,19,åhrs_wedh_utj_wed_äre
A0068111_00462.xml,38,grefwe_hoffrätten_herre_sweriges_råd
A0068111_00009.xml,15,tijdh_hindrich_compagnie_saaken_banquen
A0068111_00171.xml,2,und_die_mit_abraham_capitain
A0068111_00297.xml,1,wittnen_wittnet_berättelse_tagit_sedt
A0068111_00568.xml,28,summa_betalt_interesse_specie_penningar
A0068111_00733.xml,10,will_willia_ähre_gudh_saken
A0068111_00804.xml,15,tijdh_hindrich_compagnie_saaken_banquen
A0068111_00840.xml,2,und_die_mit_abraham_capitain
A0068111_00841.xml,2,und_die_mit_abraham_capitain
A0068111_00158.xml,2,und_die_mit_abraham_capitain
A0068111_00458.xml,15,tijdh_hindrich_compagnie_saaken_banquen
A0068111_00141.xml,10,will_willia_ähre_gudh_saken
A0068111_00352.xml,10,will_willia_ähre_gudh_saken
A0068111_00317.xml,10,will_willia_ähre_gudh_saken
A0068111_00858.xml,19,åhrs_wedh_utj_wed_äre
A0068111_00676.xml,10,will_willia_ähre_gudh_saken
A0068111_00539.xml,41,män_emoot_huus_haar_tienare
A0068111_00689.xml,2,und_die_mit_abraham_capitain
A0068111_00130.xml,19,åhrs_wedh_utj_wed_äre
A0068111_00038.xml,18,sahl_samme_hlr_sub_post
A0068111_00109.xml,44,fru_förmyndare_testamente_barn_arf
A0068111_00643.xml,27,eder_for_etc_herman_wie
A0068111_00811.xml,2,und_die_mit_abraham_capitain
A0068111_00273.xml,9,öre_may_nembl_hustro_breff
A0068111_00323.xml,18,sahl_samme_hlr_sub_post
A0068111_00500.xml,10,will_willia_ähre_gudh_saken
A0068111_00682.xml,10,will_willia_ähre_gudh_saken
A0068111_00092.xml,38,grefwe_hoffrätten_herre_sweriges_råd
A0068111_00028.xml,10,will_willia_ähre_gudh_saken
A0068111_00464.xml,19,åhrs_wedh_utj_wed_äre
A0068111_00700.xml,10,will_willia_ähre_gudh_saken
A0068111_00510.xml,38,grefwe_hoffrätten_herre_sweriges_råd
A0068111_00172.xml,2,und_die_mit_abraham_capitain
A0068111_00255.xml,10,will_willia_ähre_gudh_saken
A0068111_00082.xml,19,åhrs_wedh_utj_wed_äre
A0068111_00386.xml,0,rättens_lagmans_resolution_saken_måhl
A0068111_00624.xml,10,will_willia_ähre_gudh_saken
A0068111_00017.xml,10,will_willia_ähre_gudh_saken
A0068111_00557.xml,10,will_willia_ähre_gudh_saken
A0068111_00784.xml,10,will_willia_ähre_gudh_saken
A0068111_00675.xml,10,will_willia_ähre_gudh_saken
A0068111_00228.xml,10,will_willia_ähre_gudh_saken
A0068111_00074.xml,10,will_willia_ähre_gudh_saken
A0068111_00041.xml,19,åhrs_wedh_utj_wed_äre
A0068111_00033.xml,10,will_willia_ähre_gudh_saken
A0068111_00174.xml,2,und_die_mit_abraham_capitain
A0068111_00639.xml,10,will_willia_ähre_gudh_saken
A0068111_00552.xml,28,summa_betalt_interesse_specie_penningar
A0068111_00839.xml,2,und_die_mit_abraham_capitain
A0068111_00680.xml,2,und_die_mit_abraham_capitain
A0068111_00052.xml,10,will_willia_ähre_gudh_saken
A0068111_00420.xml,15,tijdh_hindrich_compagnie_saaken_banquen
A0068111_00299.xml,10,will_willia_ähre_gudh_saken
A0068111_00711.xml,10,will_willia_ähre_gudh_saken
A0068111_00149.xml,27,eder_for_etc_herman_wie
A0068111_00605.xml,19,åhrs_wedh_utj_wed_äre
A0068111_00173.xml,2,und_die_mit_abraham_capitain
A0068111_00134.xml,10,will_willia_ähre_gudh_saken
A0068111_00094.xml,19,åhrs_wedh_utj_wed_äre
A0068111_00834.xml,2,und_die_mit_abraham_capitain
A0068111_00532.xml,10,will_willia_ähre_gudh_saken
A0068111_00315.xml,10,will_willia_ähre_gudh_saken
A0068111_00178.xml,28,summa_betalt_interesse_specie_penningar
A0068111_00779.xml,23,stycken_land_gammal_silfver_silfwer
A0068111_00606.xml,10,will_willia_ähre_gudh_saken
A0068111_00212.xml,10,will_willia_ähre_gudh_saken
A0068111_00441.xml,19,åhrs_wedh_utj_wed_äre
A0068111_00612.xml,19,åhrs_wedh_utj_wed_äre
A0068111_00750.xml,10,will_willia_ähre_gudh_saken
A0068111_00723.xml,2,und_die_mit_abraham_capitain
A0068111_00398.xml,19,åhrs_wedh_utj_wed_äre
A0068111_00363.xml,10,will_willia_ähre_gudh_saken
A0068111_00394.xml,19,åhrs_wedh_utj_wed_äre
A0068111_00087.xml,18,sahl_samme_hlr_sub_post
A0068111_00401.xml,19,åhrs_wedh_utj_wed_äre
A0068111_00289.xml,19,åhrs_wedh_utj_wed_äre
A0068111_00008.xml,44,fru_förmyndare_testamente_barn_arf
A0068111_00043.xml,19,åhrs_wedh_utj_wed_äre
A0068111_00026.xml,18,sahl_samme_hlr_sub_post
A0068111_00755.xml,19,åhrs_wedh_utj_wed_äre
A0068111_00547.xml,19,åhrs_wedh_utj_wed_äre
A0068111_00512.xml,10,will_willia_ähre_gudh_saken
A0068111_00721.xml,10,will_willia_ähre_gudh_saken
A0068111_00815.xml,28,summa_betalt_interesse_specie_penningar
A0068111_00645.xml,15,tijdh_hindrich_compagnie_saaken_banquen
A0068111_00020.xml,10,will_willia_ähre_gudh_saken
A0068111_00679.xml,2,und_die_mit_abraham_capitain
A0068111_00817.xml,2,und_die_mit_abraham_capitain
A0068111_00422.xml,10,will_willia_ähre_gudh_saken
A0068111_00330.xml,19,åhrs_wedh_utj_wed_äre
A0068111_00357.xml,10,will_willia_ähre_gudh_saken
A0068111_00356.xml,10,will_willia_ähre_gudh_saken
A0068111_00191.xml,2,und_die_mit_abraham_capitain
A0068111_00666.xml,2,und_die_mit_abraham_capitain
A0068111_00392.xml,10,will_willia_ähre_gudh_saken
A0068111_00534.xml,10,will_willia_ähre_gudh_saken
A0068111_00046.xml,6,gången_grufwe_wijd_decembr_nästkommande
A0068111_00157.xml,2,und_die_mit_abraham_capitain
A0068111_00254.xml,25,hofrätten_rådstufwu_pröfwar_följe_anseende
A0068111_00734.xml,10,will_willia_ähre_gudh_saken
A0068111_00794.xml,2,und_die_mit_abraham_capitain
A0068111_00517.xml,10,will_willia_ähre_gudh_saken
A0068111_00628.xml,29,swarade_domb_inspectoren_dehl_straxt
A0068111_00332.xml,38,grefwe_hoffrätten_herre_sweriges_råd
A0068111_00640.xml,19,åhrs_wedh_utj_wed_äre
A0068111_00308.xml,10,will_willia_ähre_gudh_saken
A0068111_00144.xml,2,und_die_mit_abraham_capitain
A0068111_00168.xml,2,und_die_mit_abraham_capitain
A0068111_00684.xml,10,will_willia_ähre_gudh_saken
A0068111_00709.xml,2,und_die_mit_abraham_capitain
A0068111_00006.xml,18,sahl_samme_hlr_sub_post
A0068111_00086.xml,15,tijdh_hindrich_compagnie_saaken_banquen
A0068111_00795.xml,19,åhrs_wedh_utj_wed_äre
A0068111_00421.xml,41,män_emoot_huus_haar_tienare
A0068111_00501.xml,10,will_willia_ähre_gudh_saken
A0068111_00525.xml,0,rättens_lagmans_resolution_saken_måhl
A0068111_00837.xml,2,und_die_mit_abraham_capitain
A0068111_00112.xml,28,summa_betalt_interesse_specie_penningar
A0068111_00752.xml,19,åhrs_wedh_utj_wed_äre
A0068111_00448.xml,19,åhrs_wedh_utj_wed_äre
A0068111_00079.xml,10,will_willia_ähre_gudh_saken
A0068111_00399.xml,10,will_willia_ähre_gudh_saken
A0068111_00095.xml,10,will_willia_ähre_gudh_saken
A0068111_00487.xml,15,tijdh_hindrich_compagnie_saaken_banquen
A0068111_00321.xml,18,sahl_samme_hlr_sub_post
A0068111_00562.xml,19,åhrs_wedh_utj_wed_äre
A0068111_00542.xml,0,rättens_lagmans_resolution_saken_måhl
A0068111_00226.xml,10,will_willia_ähre_gudh_saken
A0068111_00648.xml,18,sahl_samme_hlr_sub_post
A0068111_00430.xml,19,åhrs_wedh_utj_wed_äre
A0068111_00725.xml,1,wittnen_wittnet_berättelse_tagit_sedt
A0068111_00823.xml,2,und_die_mit_abraham_capitain
A0068111_00183.xml,2,und_die_mit_abraham_capitain
A0068111_00257.xml,0,rättens_lagmans_resolution_saken_måhl
A0068111_00436.xml,28,summa_betalt_interesse_specie_penningar
A0068111_00133.xml,19,åhrs_wedh_utj_wed_äre
A0068111_00021.xml,10,will_willia_ähre_gudh_saken
A0068111_00161.xml,2,und_die_mit_abraham_capitain
A0068111_00105.xml,18,sahl_samme_hlr_sub_post
A0068111_00769.xml,10,will_willia_ähre_gudh_saken
A0068111_00111.xml,28,summa_betalt_interesse_specie_penningar
A0068111_00239.xml,19,åhrs_wedh_utj_wed_äre
A0068111_00160.xml,2,und_die_mit_abraham_capitain
A0068111_00348.xml,10,will_willia_ähre_gudh_saken
A0068111_00405.xml,10,will_willia_ähre_gudh_saken
A0068111_00192.xml,2,und_die_mit_abraham_capitain
A0068111_00474.xml,10,will_willia_ähre_gudh_saken
A0068111_00302.xml,10,will_willia_ähre_gudh_saken
A0068111_00482.xml,10,will_willia_ähre_gudh_saken
A0068111_00599.xml,10,will_willia_ähre_gudh_saken
A0068111_00285.xml,38,grefwe_hoffrätten_herre_sweriges_råd
A0068111_00647.xml,18,sahl_samme_hlr_sub_post
A0068111_00049.xml,10,will_willia_ähre_gudh_saken
A0068111_00381.xml,10,will_willia_ähre_gudh_saken
A0068111_00702.xml,19,åhrs_wedh_utj_wed_äre
A0068111_00180.xml,2,und_die_mit_abraham_capitain
A0068111_00207.xml,10,will_willia_ähre_gudh_saken
A0068111_00554.xml,41,män_emoot_huus_haar_tienare
A0068111_00251.xml,10,will_willia_ähre_gudh_saken
A0068111_00202.xml,38,grefwe_hoffrätten_herre_sweriges_råd
A0068111_00740.xml,10,will_willia_ähre_gudh_saken
A0068111_00030.xml,19,åhrs_wedh_utj_wed_äre
A0068111_00416.xml,10,will_willia_ähre_gudh_saken
A0068111_00835.xml,2,und_die_mit_abraham_capitain
A0068111_00757.xml,10,will_willia_ähre_gudh_saken
A0068111_00659.xml,10,will_willia_ähre_gudh_saken
A0068111_00400.xml,32,augusti_stockholms_stads_september_bonden
A0068111_00602.xml,10,will_willia_ähre_gudh_saken
A0068111_00585.xml,10,will_willia_ähre_gudh_saken
A0068111_00064.xml,44,fru_förmyndare_testamente_barn_arf
A0068111_00760.xml,10,will_willia_ähre_gudh_saken
A0068111_00560.xml,10,will_willia_ähre_gudh_saken
A0068111_00492.xml,19,åhrs_wedh_utj_wed_äre
A0068111_00275.xml,10,will_willia_ähre_gudh_saken
A0068111_00362.xml,47,jern_koppar_tunnor_kohl_tunna
A0068111_00777.xml,10,will_willia_ähre_gudh_saken
A0068111_00018.xml,10,will_willia_ähre_gudh_saken
A0068111_00231.xml,2,und_die_mit_abraham_capitain
A0068111_00165.xml,2,und_die_mit_abraham_capitain
A0068111_00406.xml,10,will_willia_ähre_gudh_saken
A0068111_00040.xml,38,grefwe_hoffrätten_herre_sweriges_råd
A0068111_00145.xml,2,und_die_mit_abraham_capitain
A0068111_00604.xml,19,åhrs_wedh_utj_wed_äre
A0068111_00294.xml,10,will_willia_ähre_gudh_saken
A0068111_00382.xml,10,will_willia_ähre_gudh_saken
A0068111_00055.xml,19,åhrs_wedh_utj_wed_äre
A0068111_00415.xml,0,rättens_lagmans_resolution_saken_måhl
A0068111_00147.xml,38,grefwe_hoffrätten_herre_sweriges_råd
A0068111_00555.xml,29,swarade_domb_inspectoren_dehl_straxt
A0068111_00768.xml,16,riksdaler_daler_banco_twå_balken
A0068111_00763.xml,10,will_willia_ähre_gudh_saken
A0068111_00256.xml,10,will_willia_ähre_gudh_saken
A0068111_00838.xml,2,und_die_mit_abraham_capitain
A0068111_00632.xml,10,will_willia_ähre_gudh_saken
A0068111_00623.xml,10,will_willia_ähre_gudh_saken
A0068111_00688.xml,2,und_die_mit_abraham_capitain
A0068111_00801.xml,2,und_die_mit_abraham_capitain
A0068111_00536.xml,10,will_willia_ähre_gudh_saken
A0068111_00732.xml,28,summa_betalt_interesse_specie_penningar
A0068111_00694.xml,19,åhrs_wedh_utj_wed_äre
A0068111_00384.xml,10,will_willia_ähre_gudh_saken
A0068111_00110.xml,18,sahl_samme_hlr_sub_post
A0068111_00444.xml,10,will_willia_ähre_gudh_saken
A0068111_00531.xml,10,will_willia_ähre_gudh_saken
A0068111_00692.xml,19,åhrs_wedh_utj_wed_äre
A0068111_00685.xml,10,will_willia_ähre_gudh_saken
A0068111_00453.xml,1,wittnen_wittnet_berättelse_tagit_sedt
A0068111_00380.xml,19,åhrs_wedh_utj_wed_äre
A0068111_00345.xml,20,dhem_christian_åth_alldeles_septemb
A0068111_00339.xml,10,will_willia_ähre_gudh_saken
A0068111_00048.xml,19,åhrs_wedh_utj_wed_äre
A0068111_00591.xml,18,sahl_samme_hlr_sub_post
A0068111_00169.xml,2,und_die_mit_abraham_capitain
A0068111_00491.xml,38,grefwe_hoffrätten_herre_sweriges_råd
A0068111_00620.xml,10,will_willia_ähre_gudh_saken
A0068111_00115.xml,18,sahl_samme_hlr_sub_post
A0068111_00667.xml,10,will_willia_ähre_gudh_saken
A0068111_00371.xml,10,will_willia_ähre_gudh_saken
A0068111_00764.xml,10,will_willia_ähre_gudh_saken
A0068111_00241.xml,19,åhrs_wedh_utj_wed_äre
A0068111_00790.xml,10,will_willia_ähre_gudh_saken
A0068111_00549.xml,10,will_willia_ähre_gudh_saken
A0068111_00354.xml,19,åhrs_wedh_utj_wed_äre
A0068111_00625.xml,10,will_willia_ähre_gudh_saken
A0068111_00388.xml,19,åhrs_wedh_utj_wed_äre
A0068111_00106.xml,18,sahl_samme_hlr_sub_post
A0068111_00373.xml,19,åhrs_wedh_utj_wed_äre
A0068111_00248.xml,15,tijdh_hindrich_compagnie_saaken_banquen
A0068111_00328.xml,10,will_willia_ähre_gudh_saken
A0068111_00107.xml,10,will_willia_ähre_gudh_saken
A0068111_00227.xml,19,åhrs_wedh_utj_wed_äre
A0068111_00497.xml,0,rättens_lagmans_resolution_saken_måhl
A0068111_00556.xml,19,åhrs_wedh_utj_wed_äre
A0068111_00773.xml,19,åhrs_wedh_utj_wed_äre
A0068111_00473.xml,28,summa_betalt_interesse_specie_penningar
A0068111_00408.xml,6,gången_grufwe_wijd_decembr_nästkommande
A0068111_00706.xml,2,und_die_mit_abraham_capitain
A0068111_00277.xml,10,will_willia_ähre_gudh_saken
A0068111_00537.xml,28,summa_betalt_interesse_specie_penningar
A0068111_00182.xml,2,und_die_mit_abraham_capitain
A0068111_00833.xml,2,und_die_mit_abraham_capitain
A0068111_00246.xml,10,will_willia_ähre_gudh_saken
A0068111_00372.xml,10,will_willia_ähre_gudh_saken
A0068111_00136.xml,19,åhrs_wedh_utj_wed_äre
A0068111_00765.xml,10,will_willia_ähre_gudh_saken
A0068111_00365.xml,10,will_willia_ähre_gudh_saken
A0068111_00808.xml,2,und_die_mit_abraham_capitain
A0068111_00190.xml,2,und_die_mit_abraham_capitain
A0068111_00102.xml,45,huset_lagmannen_jöran_boende_doom
A0068111_00739.xml,10,will_willia_ähre_gudh_saken
A0068111_00707.xml,2,und_die_mit_abraham_capitain
A0068111_00460.xml,10,will_willia_ähre_gudh_saken
A0068111_00407.xml,10,will_willia_ähre_gudh_saken
A0068111_00342.xml,10,will_willia_ähre_gudh_saken
A0068111_00151.xml,18,sahl_samme_hlr_sub_post
A0068111_00077.xml,10,will_willia_ähre_gudh_saken
A0068111_00637.xml,38,grefwe_hoffrätten_herre_sweriges_råd
A0068111_00842.xml,2,und_die_mit_abraham_capitain
A0068111_00120.xml,10,will_willia_ähre_gudh_saken
A0068111_00374.xml,10,will_willia_ähre_gudh_saken
A0068111_00563.xml,19,åhrs_wedh_utj_wed_äre
A0068111_00100.xml,28,summa_betalt_interesse_specie_penningar
A0068111_00816.xml,2,und_die_mit_abraham_capitain
A0068111_00175.xml,2,und_die_mit_abraham_capitain
A0068111_00519.xml,10,will_willia_ähre_gudh_saken
A0068111_00573.xml,19,åhrs_wedh_utj_wed_äre
A0068111_00397.xml,10,will_willia_ähre_gudh_saken
A0068111_00502.xml,28,summa_betalt_interesse_specie_penningar
A0068111_00845.xml,19,åhrs_wedh_utj_wed_äre
A0068111_00154.xml,2,und_die_mit_abraham_capitain
A0068111_00824.xml,2,und_die_mit_abraham_capitain
A0068111_00044.xml,19,åhrs_wedh_utj_wed_äre
A0068111_00646.xml,18,sahl_samme_hlr_sub_post
A0068111_00564.xml,10,will_willia_ähre_gudh_saken
A0068111_00143.xml,2,und_die_mit_abraham_capitain
A0068111_00387.xml,10,will_willia_ähre_gudh_saken
A0068111_00553.xml,28,summa_betalt_interesse_specie_penningar
A0068111_00368.xml,10,will_willia_ähre_gudh_saken
A0068111_00389.xml,12,häradshöfdingen_hofrätten_riddaren_mål_närwarande
A0068111_00187.xml,2,und_die_mit_abraham_capitain
A0068111_00203.xml,10,will_willia_ähre_gudh_saken
A0068111_00414.xml,19,åhrs_wedh_utj_wed_äre
A0068111_00197.xml,2,und_die_mit_abraham_capitain
A0068111_00268.xml,10,will_willia_ähre_gudh_saken
A0068111_00070.xml,10,will_willia_ähre_gudh_saken
A0068111_00122.xml,4,majoren_general_sal_godz_öfwersten
A0068111_00056.xml,10,will_willia_ähre_gudh_saken
A0068111_00853.xml,40,kronor_kommen_mehr_bemelte_neder
A0068111_00754.xml,2,und_die_mit_abraham_capitain
A0068111_00516.xml,19,åhrs_wedh_utj_wed_äre
A0068111_00305.xml,29,swarade_domb_inspectoren_dehl_straxt
A0068111_00588.xml,38,grefwe_hoffrätten_herre_sweriges_råd
A0068111_00221.xml,10,will_willia_ähre_gudh_saken
A0068111_00686.xml,10,will_willia_ähre_gudh_saken
A0068111_00272.xml,9,öre_may_nembl_hustro_breff
A0068111_00798.xml,2,und_die_mit_abraham_capitain
A0068111_00116.xml,28,summa_betalt_interesse_specie_penningar
A0068111_00249.xml,10,will_willia_ähre_gudh_saken
A0068111_00014.xml,10,will_willia_ähre_gudh_saken
A0068111_00859.xml,10,will_willia_ähre_gudh_saken
A0068111_00526.xml,0,rättens_lagmans_resolution_saken_måhl
A0068111_00566.xml,0,rättens_lagmans_resolution_saken_måhl
A0068111_00728.xml,22,tid_års_tiden_utom_anseende
A0068111_00419.xml,0,rättens_lagmans_resolution_saken_måhl
A0068111_00073.xml,10,will_willia_ähre_gudh_saken
A0068111_00153.xml,2,und_die_mit_abraham_capitain
A0068111_00209.xml,33,hofrätten_saken_parterne_afträdde_ansökning
A0068111_00433.xml,19,åhrs_wedh_utj_wed_äre
A0068111_00126.xml,18,sahl_samme_hlr_sub_post
A0068111_00738.xml,10,will_willia_ähre_gudh_saken
A0068111_00385.xml,19,åhrs_wedh_utj_wed_äre
A0068111_00346.xml,15,tijdh_hindrich_compagnie_saaken_banquen
A0068111_00054.xml,19,åhrs_wedh_utj_wed_äre
A0068111_00800.xml,2,und_die_mit_abraham_capitain
A0068111_00761.xml,10,will_willia_ähre_gudh_saken
A0068111_00309.xml,29,swarade_domb_inspectoren_dehl_straxt
A0068111_00162.xml,2,und_die_mit_abraham_capitain
A0068111_00370.xml,39,contract_grufwan_contractet_sökia_hafwande
A0068111_00710.xml,2,und_die_mit_abraham_capitain
A0068111_00774.xml,19,åhrs_wedh_utj_wed_äre
A0068111_00705.xml,2,und_die_mit_abraham_capitain
A0068111_00550.xml,10,will_willia_ähre_gudh_saken
A0068111_00521.xml,19,åhrs_wedh_utj_wed_äre
A0068111_00778.xml,10,will_willia_ähre_gudh_saken
A0068111_00507.xml,19,åhrs_wedh_utj_wed_äre
A0068111_00252.xml,10,will_willia_ähre_gudh_saken
A0068111_00417.xml,42,berg_maii_aprill_dahl_ingifva
A0068111_00367.xml,19,åhrs_wedh_utj_wed_äre
A0068111_00622.xml,10,will_willia_ähre_gudh_saken
A0068111_00508.xml,10,will_willia_ähre_gudh_saken
A0068111_00456.xml,35,ränta_fordran_räkning_betalning_skuld
A0068111_00450.xml,19,åhrs_wedh_utj_wed_äre
A0068111_00528.xml,32,augusti_stockholms_stads_september_bonden
A0068111_00059.xml,10,will_willia_ähre_gudh_saken
A0068111_00548.xml,10,will_willia_ähre_gudh_saken
A0068111_00766.xml,19,åhrs_wedh_utj_wed_äre
A0068111_00780.xml,24,banco_rst_sedlar_rsr_rsd
A0068111_00851.xml,10,will_willia_ähre_gudh_saken
A0068111_00576.xml,9,öre_may_nembl_hustro_breff
A0068111_00425.xml,49,gården_malm_gård_mårten_gårdh
A0068111_00496.xml,28,summa_betalt_interesse_specie_penningar
A0068111_00644.xml,27,eder_for_etc_herman_wie
A0068111_00250.xml,10,will_willia_ähre_gudh_saken
A0068111_00699.xml,10,will_willia_ähre_gudh_saken
A0068111_00485.xml,10,will_willia_ähre_gudh_saken
A0068111_00678.xml,28,summa_betalt_interesse_specie_penningar
A0068111_00479.xml,10,will_willia_ähre_gudh_saken
A0068111_00805.xml,2,und_die_mit_abraham_capitain
A0068111_00635.xml,0,rättens_lagmans_resolution_saken_måhl
A0068111_00772.xml,10,will_willia_ähre_gudh_saken
A0068111_00551.xml,10,will_willia_ähre_gudh_saken
A0068111_00220.xml,10,will_willia_ähre_gudh_saken
A0068111_00291.xml,10,will_willia_ähre_gudh_saken
A0068111_00047.xml,10,will_willia_ähre_gudh_saken
A0068111_00125.xml,28,summa_betalt_interesse_specie_penningar
A0068111_00461.xml,15,tijdh_hindrich_compagnie_saaken_banquen
A0068111_00114.xml,18,sahl_samme_hlr_sub_post
A0068111_00730.xml,10,will_willia_ähre_gudh_saken
A0068111_00654.xml,10,will_willia_ähre_gudh_saken
A0068111_00267.xml,1,wittnen_wittnet_berättelse_tagit_sedt
A0068111_00748.xml,10,will_willia_ähre_gudh_saken
A0068111_00066.xml,10,will_willia_ähre_gudh_saken
A0068111_00724.xml,10,will_willia_ähre_gudh_saken
A0068111_00541.xml,15,tijdh_hindrich_compagnie_saaken_banquen
A0068111_00722.xml,2,und_die_mit_abraham_capitain
A0068111_00578.xml,47,jern_koppar_tunnor_kohl_tunna
A0068111_00691.xml,2,und_die_mit_abraham_capitain
A0068111_00741.xml,10,will_willia_ähre_gudh_saken
A0068111_00499.xml,24,banco_rst_sedlar_rsr_rsd
A0068111_00631.xml,18,sahl_samme_hlr_sub_post
A0068111_00329.xml,19,åhrs_wedh_utj_wed_äre
A0068111_00244.xml,10,will_willia_ähre_gudh_saken
A0068111_00229.xml,10,will_willia_ähre_gudh_saken
A0068111_00486.xml,2,und_die_mit_abraham_capitain
A0068111_00069.xml,10,will_willia_ähre_gudh_saken
A0068111_00802.xml,18,sahl_samme_hlr_sub_post
A0068111_00520.xml,10,will_willia_ähre_gudh_saken
A0068111_00683.xml,10,will_willia_ähre_gudh_saken
A0068111_00674.xml,10,will_willia_ähre_gudh_saken
A0068111_00504.xml,15,tijdh_hindrich_compagnie_saaken_banquen
A0068111_00045.xml,10,will_willia_ähre_gudh_saken
A0068111_00810.xml,2,und_die_mit_abraham_capitain
A0068111_00717.xml,47,jern_koppar_tunnor_kohl_tunna
A0068111_00081.xml,10,will_willia_ähre_gudh_saken
A0068111_00391.xml,10,will_willia_ähre_gudh_saken
A0068111_00062.xml,10,will_willia_ähre_gudh_saken
A0068111_00657.xml,10,will_willia_ähre_gudh_saken
A0068111_00850.xml,2,und_die_mit_abraham_capitain
A0068111_00649.xml,10,will_willia_ähre_gudh_saken
A0068111_00159.xml,2,und_die_mit_abraham_capitain
A0068111_00618.xml,15,tijdh_hindrich_compagnie_saaken_banquen
A0068111_00687.xml,2,und_die_mit_abraham_capitain
A0068111_00814.xml,10,will_willia_ähre_gudh_saken
A0068111_00223.xml,36,nådiga_skillingar_collegium_underdånighet_majt
A0068111_00027.xml,0,rättens_lagmans_resolution_saken_måhl
A0068111_00681.xml,10,will_willia_ähre_gudh_saken
A0068111_00697.xml,19,åhrs_wedh_utj_wed_äre
A0068111_00613.xml,10,will_willia_ähre_gudh_saken
A0068111_00660.xml,10,will_willia_ähre_gudh_saken
A0068111_00390.xml,19,åhrs_wedh_utj_wed_äre
A0068111_00185.xml,28,summa_betalt_interesse_specie_penningar
A0068111_00338.xml,10,will_willia_ähre_gudh_saken
A0068111_00726.xml,13,slag_arbete_slagit_doctor_lif
A0068111_00617.xml,10,will_willia_ähre_gudh_saken
A0068111_00655.xml,10,will_willia_ähre_gudh_saken
A0068111_00029.xml,18,sahl_samme_hlr_sub_post
A0068111_00344.xml,20,dhem_christian_åth_alldeles_septemb
A0068111_00483.xml,19,åhrs_wedh_utj_wed_äre
A0068111_00068.xml,18,sahl_samme_hlr_sub_post
A0068111_00293.xml,10,will_willia_ähre_gudh_saken
A0068111_00113.xml,10,will_willia_ähre_gudh_saken
A0068111_00279.xml,10,will_willia_ähre_gudh_saken
A0068111_00495.xml,2,und_die_mit_abraham_capitain
A0068111_00836.xml,2,und_die_mit_abraham_capitain
A0068111_00424.xml,19,åhrs_wedh_utj_wed_äre
A0068111_00303.xml,43,hustru_dotter_hustrus_barn_christina
A0068111_00428.xml,28,summa_betalt_interesse_specie_penningar
A0068111_00376.xml,19,åhrs_wedh_utj_wed_äre
A0068111_00260.xml,19,åhrs_wedh_utj_wed_äre
A0068111_00581.xml,10,will_willia_ähre_gudh_saken
A0068111_00053.xml,10,will_willia_ähre_gudh_saken
A0068111_00442.xml,28,summa_betalt_interesse_specie_penningar
A0068111_00199.xml,10,will_willia_ähre_gudh_saken
A0068111_00652.xml,10,will_willia_ähre_gudh_saken
A0068111_00189.xml,2,und_die_mit_abraham_capitain
A0068111_00333.xml,10,will_willia_ähre_gudh_saken
A0068111_00075.xml,33,hofrätten_saken_parterne_afträdde_ansökning
A0068111_00673.xml,10,will_willia_ähre_gudh_saken
A0068111_00269.xml,10,will_willia_ähre_gudh_saken
A0068111_00265.xml,10,will_willia_ähre_gudh_saken
A0068111_00118.xml,4,majoren_general_sal_godz_öfwersten
A0068111_00668.xml,2,und_die_mit_abraham_capitain
A0068111_00855.xml,28,summa_betalt_interesse_specie_penningar
A0068111_00514.xml,38,grefwe_hoffrätten_herre_sweriges_råd
A0068111_00292.xml,19,åhrs_wedh_utj_wed_äre
A0068111_00477.xml,15,tijdh_hindrich_compagnie_saaken_banquen
A0068111_00431.xml,10,will_willia_ähre_gudh_saken
A0068111_00593.xml,28,summa_betalt_interesse_specie_penningar
A0068111_00266.xml,10,will_willia_ähre_gudh_saken
A0068111_00121.xml,19,åhrs_wedh_utj_wed_äre
A0068111_00601.xml,0,rättens_lagmans_resolution_saken_måhl
A0068111_00751.xml,19,åhrs_wedh_utj_wed_äre
A0068111_00247.xml,15,tijdh_hindrich_compagnie_saaken_banquen
A0068111_00084.xml,10,will_willia_ähre_gudh_saken
A0068111_00304.xml,10,will_willia_ähre_gudh_saken
A0068111_00746.xml,43,hustru_dotter_hustrus_barn_christina
A0068111_00481.xml,10,will_willia_ähre_gudh_saken
A0068111_00236.xml,10,will_willia_ähre_gudh_saken
A0068111_00759.xml,10,will_willia_ähre_gudh_saken
A0068111_00139.xml,18,sahl_samme_hlr_sub_post
A0068111_00314.xml,10,will_willia_ähre_gudh_saken
A0068111_00010.xml,18,sahl_samme_hlr_sub_post
A0068111_00633.xml,10,will_willia_ähre_gudh_saken
A0068111_00331.xml,23,stycken_land_gammal_silfver_silfwer
A0068111_00360.xml,6,gången_grufwe_wijd_decembr_nästkommande
A0068111_00042.xml,38,grefwe_hoffrätten_herre_sweriges_råd
A0068111_00208.xml,18,sahl_samme_hlr_sub_post
A0068111_00129.xml,19,åhrs_wedh_utj_wed_äre
A0068111_00852.xml,10,will_willia_ähre_gudh_saken
A0068111_00050.xml,10,will_willia_ähre_gudh_saken
A0068111_00762.xml,19,åhrs_wedh_utj_wed_äre
A0068111_00449.xml,19,åhrs_wedh_utj_wed_äre
A0068111_00271.xml,20,dhem_christian_åth_alldeles_septemb
A0068111_00583.xml,10,will_willia_ähre_gudh_saken
A0068111_00090.xml,17,bergs_ting_påstående_bruks_käranden
A0068111_00396.xml,20,dhem_christian_åth_alldeles_septemb
A0068111_00621.xml,10,will_willia_ähre_gudh_saken
A0068111_00712.xml,22,tid_års_tiden_utom_anseende
A0068111_00224.xml,10,will_willia_ähre_gudh_saken
A0068111_00439.xml,19,åhrs_wedh_utj_wed_äre
A0068111_00240.xml,19,åhrs_wedh_utj_wed_äre
A0068111_00022.xml,10,will_willia_ähre_gudh_saken
A0068111_00465.xml,15,tijdh_hindrich_compagnie_saaken_banquen
A0068111_00737.xml,19,åhrs_wedh_utj_wed_äre
A0068111_00320.xml,6,gången_grufwe_wijd_decembr_nästkommande
A0068111_00459.xml,18,sahl_samme_hlr_sub_post
A0068111_00091.xml,10,will_willia_ähre_gudh_saken
A0068111_00619.xml,6,gången_grufwe_wijd_decembr_nästkommande
A0068111_00377.xml,47,jern_koppar_tunnor_kohl_tunna
A0068111_00703.xml,10,will_willia_ähre_gudh_saken
A0068111_00572.xml,10,will_willia_ähre_gudh_saken
A0068111_00455.xml,10,will_willia_ähre_gudh_saken
A0068111_00216.xml,10,will_willia_ähre_gudh_saken
A0068111_00325.xml,38,grefwe_hoffrätten_herre_sweriges_råd
A0068111_00771.xml,10,will_willia_ähre_gudh_saken
40008126_00113.xml,12,häradshöfdingen_hofrätten_riddaren_mål_närwarande
40008126_00012.xml,30,lieutenanten_capitainen_borgmästaren_enka_borgenärer
40008126_00185.xml,31,härads_rättens_målet_utslaget_dömd
40008126_00104.xml,31,härads_rättens_målet_utslaget_dömd
40008126_00064.xml,31,härads_rättens_målet_utslaget_dömd
40008126_00152.xml,32,augusti_stockholms_stads_september_bonden
40008126_00018.xml,32,augusti_stockholms_stads_september_bonden
40008126_00048.xml,31,härads_rättens_målet_utslaget_dömd
40008126_00059.xml,31,härads_rättens_målet_utslaget_dömd
40008126_00175.xml,31,härads_rättens_målet_utslaget_dömd
40008126_00044.xml,31,härads_rättens_målet_utslaget_dömd
40008126_00087.xml,31,härads_rättens_målet_utslaget_dömd
40008126_00101.xml,31,härads_rättens_målet_utslaget_dömd
40008126_00052.xml,31,härads_rättens_målet_utslaget_dömd
40008126_00176.xml,31,härads_rättens_målet_utslaget_dömd
40008126_00050.xml,31,härads_rättens_målet_utslaget_dömd
40008126_00017.xml,31,härads_rättens_målet_utslaget_dömd
40008126_00071.xml,31,härads_rättens_målet_utslaget_dömd
40008126_00122.xml,31,härads_rättens_målet_utslaget_dömd
40008126_00160.xml,31,härads_rättens_målet_utslaget_dömd
40008126_00021.xml,44,fru_förmyndare_testamente_barn_arf
40008126_00124.xml,12,häradshöfdingen_hofrätten_riddaren_mål_närwarande
40008126_00010.xml,32,augusti_stockholms_stads_september_bonden
40008126_00153.xml,31,härads_rättens_målet_utslaget_dömd
40008126_00107.xml,32,augusti_stockholms_stads_september_bonden
40008126_00117.xml,31,härads_rättens_målet_utslaget_dömd
40008126_00040.xml,12,häradshöfdingen_hofrätten_riddaren_mål_närwarande
40008126_00121.xml,22,tid_års_tiden_utom_anseende
40008126_00004.xml,44,fru_förmyndare_testamente_barn_arf
40008126_00154.xml,32,augusti_stockholms_stads_september_bonden
40008126_00098.xml,31,härads_rättens_målet_utslaget_dömd
40008126_00068.xml,31,härads_rättens_målet_utslaget_dömd
40008126_00198.xml,26,bevis_vore_enkan_född_vite
40008126_00171.xml,31,härads_rättens_målet_utslaget_dömd
40008126_00073.xml,31,härads_rättens_målet_utslaget_dömd
40008126_00141.xml,12,häradshöfdingen_hofrätten_riddaren_mål_närwarande
40008126_00115.xml,32,augusti_stockholms_stads_september_bonden
40008126_00033.xml,31,härads_rättens_målet_utslaget_dömd
40008126_00075.xml,12,häradshöfdingen_hofrätten_riddaren_mål_närwarande
40008126_00082.xml,31,härads_rättens_målet_utslaget_dömd
40008126_00013.xml,31,härads_rättens_målet_utslaget_dömd
40008126_00181.xml,31,härads_rättens_målet_utslaget_dömd
40008126_00095.xml,31,härads_rättens_målet_utslaget_dömd
40008126_00192.xml,12,häradshöfdingen_hofrätten_riddaren_mål_närwarande
40008126_00149.xml,31,härads_rättens_målet_utslaget_dömd
40008126_00007.xml,32,augusti_stockholms_stads_september_bonden
40008126_00182.xml,31,härads_rättens_målet_utslaget_dömd
40008126_00180.xml,31,härads_rättens_målet_utslaget_dömd
40008126_00054.xml,31,härads_rättens_målet_utslaget_dömd
40008126_00128.xml,31,härads_rättens_målet_utslaget_dömd
40008126_00037.xml,12,häradshöfdingen_hofrätten_riddaren_mål_närwarande
40008126_00194.xml,31,härads_rättens_målet_utslaget_dömd
40008126_00143.xml,32,augusti_stockholms_stads_september_bonden
40008126_00060.xml,31,härads_rättens_målet_utslaget_dömd
40008126_00009.xml,32,augusti_stockholms_stads_september_bonden
40008126_00032.xml,31,härads_rättens_målet_utslaget_dömd
40008126_00047.xml,31,härads_rättens_målet_utslaget_dömd
40008126_00053.xml,12,häradshöfdingen_hofrätten_riddaren_mål_närwarande
40008126_00067.xml,31,härads_rättens_målet_utslaget_dömd
40008126_00086.xml,31,härads_rättens_målet_utslaget_dömd
40008126_00063.xml,31,härads_rättens_målet_utslaget_dömd
40008126_00163.xml,31,härads_rättens_målet_utslaget_dömd
40008126_00148.xml,12,häradshöfdingen_hofrätten_riddaren_mål_närwarande
40008126_00142.xml,31,härads_rättens_målet_utslaget_dömd
40008126_00187.xml,31,härads_rättens_målet_utslaget_dömd
40008126_00126.xml,31,härads_rättens_målet_utslaget_dömd
40008126_00156.xml,31,härads_rättens_målet_utslaget_dömd
40008126_00125.xml,31,härads_rättens_målet_utslaget_dömd
40008126_00196.xml,31,härads_rättens_målet_utslaget_dömd
40008126_00105.xml,31,härads_rättens_målet_utslaget_dömd
40008126_00074.xml,31,härads_rättens_målet_utslaget_dömd
40008126_00159.xml,31,härads_rättens_målet_utslaget_dömd
40008126_00083.xml,31,härads_rättens_målet_utslaget_dömd
40008126_00006.xml,43,hustru_dotter_hustrus_barn_christina
40008126_00174.xml,12,häradshöfdingen_hofrätten_riddaren_mål_närwarande
40008126_00166.xml,31,härads_rättens_målet_utslaget_dömd
40008126_00030.xml,32,augusti_stockholms_stads_september_bonden
40008126_00102.xml,27,eder_for_etc_herman_wie
40008126_00123.xml,31,härads_rättens_målet_utslaget_dömd
40008126_00076.xml,31,härads_rättens_målet_utslaget_dömd
40008126_00066.xml,31,härads_rättens_målet_utslaget_dömd
40008126_00158.xml,12,häradshöfdingen_hofrätten_riddaren_mål_närwarande
40008126_00008.xml,42,berg_maii_aprill_dahl_ingifva
40008126_00170.xml,31,härads_rättens_målet_utslaget_dömd
40008126_00130.xml,31,härads_rättens_målet_utslaget_dömd
40008126_00190.xml,31,härads_rättens_målet_utslaget_dömd
40008126_00078.xml,12,häradshöfdingen_hofrätten_riddaren_mål_närwarande
40008126_00197.xml,31,härads_rättens_målet_utslaget_dömd
40008126_00168.xml,31,härads_rättens_målet_utslaget_dömd
40008126_00191.xml,31,härads_rättens_målet_utslaget_dömd
40008126_00056.xml,31,härads_rättens_målet_utslaget_dömd
40008126_00178.xml,31,härads_rättens_målet_utslaget_dömd
40008126_00088.xml,31,härads_rättens_målet_utslaget_dömd
40008126_00106.xml,12,häradshöfdingen_hofrätten_riddaren_mål_närwarande
40008126_00136.xml,32,augusti_stockholms_stads_september_bonden
40008126_00184.xml,31,härads_rättens_målet_utslaget_dömd
40008126_00042.xml,31,härads_rättens_målet_utslaget_dömd
40008126_00118.xml,31,härads_rättens_målet_utslaget_dömd
40008126_00015.xml,31,härads_rättens_målet_utslaget_dömd
40008126_00129.xml,31,härads_rättens_målet_utslaget_dömd
40008126_00046.xml,33,hofrätten_saken_parterne_afträdde_ansökning
40008126_00055.xml,31,härads_rättens_målet_utslaget_dömd
40008126_00051.xml,31,härads_rättens_målet_utslaget_dömd
40008126_00025.xml,44,fru_förmyndare_testamente_barn_arf
40008126_00014.xml,31,härads_rättens_målet_utslaget_dömd
40008126_00167.xml,31,härads_rättens_målet_utslaget_dömd
40008126_00034.xml,31,härads_rättens_målet_utslaget_dömd
40008126_00089.xml,31,härads_rättens_målet_utslaget_dömd
40008126_00016.xml,32,augusti_stockholms_stads_september_bonden
40008126_00138.xml,12,häradshöfdingen_hofrätten_riddaren_mål_närwarande
40008126_00029.xml,32,augusti_stockholms_stads_september_bonden
40008126_00109.xml,31,härads_rättens_målet_utslaget_dömd
40008126_00011.xml,8,sidan_ena_handlingarne_sak_saken
40008126_00049.xml,31,härads_rättens_målet_utslaget_dömd
40008126_00097.xml,31,härads_rättens_målet_utslaget_dömd
40008126_00035.xml,31,härads_rättens_målet_utslaget_dömd
40008126_00162.xml,31,härads_rättens_målet_utslaget_dömd
40008126_00039.xml,31,härads_rättens_målet_utslaget_dömd
40008126_00079.xml,31,härads_rättens_målet_utslaget_dömd
40008126_00161.xml,31,härads_rättens_målet_utslaget_dömd
40008126_00092.xml,31,härads_rättens_målet_utslaget_dömd
40008126_00169.xml,31,härads_rättens_målet_utslaget_dömd
40008126_00193.xml,31,härads_rättens_målet_utslaget_dömd
40008126_00157.xml,32,augusti_stockholms_stads_september_bonden
40008126_00155.xml,31,härads_rättens_målet_utslaget_dömd
40008126_00188.xml,31,härads_rättens_målet_utslaget_dömd
40008126_00072.xml,26,bevis_vore_enkan_född_vite
40008126_00151.xml,31,härads_rättens_målet_utslaget_dömd
40008126_00022.xml,21,måns_worden_samuel_bergz_smeden
40008126_00183.xml,31,härads_rättens_målet_utslaget_dömd
40008126_00080.xml,12,häradshöfdingen_hofrätten_riddaren_mål_närwarande
40008126_00091.xml,31,härads_rättens_målet_utslaget_dömd
40008126_00038.xml,12,häradshöfdingen_hofrätten_riddaren_mål_närwarande
40008126_00144.xml,32,augusti_stockholms_stads_september_bonden
40008126_00041.xml,32,augusti_stockholms_stads_september_bonden
40008126_00057.xml,31,härads_rättens_målet_utslaget_dömd
40008126_00023.xml,31,härads_rättens_målet_utslaget_dömd
40008126_00019.xml,18,sahl_samme_hlr_sub_post
40008126_00005.xml,44,fru_förmyndare_testamente_barn_arf
40008126_00081.xml,31,härads_rättens_målet_utslaget_dömd
40008126_00077.xml,31,härads_rättens_målet_utslaget_dömd
40008126_00177.xml,31,härads_rättens_målet_utslaget_dömd
40008126_00100.xml,31,härads_rättens_målet_utslaget_dömd
A0054803_00156.xml,19,åhrs_wedh_utj_wed_äre
A0054803_00022.xml,40,kronor_kommen_mehr_bemelte_neder
A0054803_00133.xml,10,will_willia_ähre_gudh_saken
A0054803_00086.xml,43,hustru_dotter_hustrus_barn_christina
A0054803_00110.xml,43,hustru_dotter_hustrus_barn_christina
A0054803_00053.xml,19,åhrs_wedh_utj_wed_äre
A0054803_00044.xml,19,åhrs_wedh_utj_wed_äre
A0054803_00124.xml,29,swarade_domb_inspectoren_dehl_straxt
A0054803_00158.xml,19,åhrs_wedh_utj_wed_äre
A0054803_00014.xml,10,will_willia_ähre_gudh_saken
A0054803_00165.xml,43,hustru_dotter_hustrus_barn_christina
A0054803_00113.xml,19,åhrs_wedh_utj_wed_äre
A0054803_00121.xml,19,åhrs_wedh_utj_wed_äre
A0054803_00160.xml,19,åhrs_wedh_utj_wed_äre
A0054803_00142.xml,19,åhrs_wedh_utj_wed_äre
A0054803_00115.xml,10,will_willia_ähre_gudh_saken
A0054803_00070.xml,19,åhrs_wedh_utj_wed_äre
A0054803_00041.xml,40,kronor_kommen_mehr_bemelte_neder
A0054803_00038.xml,43,hustru_dotter_hustrus_barn_christina
A0054803_00098.xml,29,swarade_domb_inspectoren_dehl_straxt
A0054803_00047.xml,19,åhrs_wedh_utj_wed_äre
A0054803_00042.xml,10,will_willia_ähre_gudh_saken
A0054803_00058.xml,19,åhrs_wedh_utj_wed_äre
A0054803_00059.xml,10,will_willia_ähre_gudh_saken
A0054803_00089.xml,19,åhrs_wedh_utj_wed_äre
A0054803_00137.xml,19,åhrs_wedh_utj_wed_äre
A0054803_00150.xml,43,hustru_dotter_hustrus_barn_christina
A0054803_00049.xml,19,åhrs_wedh_utj_wed_äre
A0054803_00154.xml,10,will_willia_ähre_gudh_saken
A0054803_00131.xml,43,hustru_dotter_hustrus_barn_christina
A0054803_00104.xml,19,åhrs_wedh_utj_wed_äre
A0054803_00161.xml,19,åhrs_wedh_utj_wed_äre
A0054803_00021.xml,43,hustru_dotter_hustrus_barn_christina
A0054803_00069.xml,19,åhrs_wedh_utj_wed_äre
A0054803_00019.xml,19,åhrs_wedh_utj_wed_äre
A0054803_00149.xml,19,åhrs_wedh_utj_wed_äre
A0054803_00011.xml,10,will_willia_ähre_gudh_saken
A0054803_00087.xml,29,swarade_domb_inspectoren_dehl_straxt
A0054803_00073.xml,19,åhrs_wedh_utj_wed_äre
A0054803_00116.xml,10,will_willia_ähre_gudh_saken
A0054803_00067.xml,19,åhrs_wedh_utj_wed_äre
A0054803_00094.xml,0,rättens_lagmans_resolution_saken_måhl
A0054803_00065.xml,10,will_willia_ähre_gudh_saken
A0054803_00074.xml,19,åhrs_wedh_utj_wed_äre
A0054803_00037.xml,0,rättens_lagmans_resolution_saken_måhl
A0054803_00125.xml,29,swarade_domb_inspectoren_dehl_straxt
A0054803_00146.xml,10,will_willia_ähre_gudh_saken
A0054803_00092.xml,19,åhrs_wedh_utj_wed_äre
A0054803_00051.xml,29,swarade_domb_inspectoren_dehl_straxt
A0054803_00085.xml,19,åhrs_wedh_utj_wed_äre
A0054803_00028.xml,0,rättens_lagmans_resolution_saken_måhl
A0054803_00026.xml,43,hustru_dotter_hustrus_barn_christina
A0054803_00166.xml,10,will_willia_ähre_gudh_saken
A0054803_00151.xml,19,åhrs_wedh_utj_wed_äre
A0054803_00164.xml,31,härads_rättens_målet_utslaget_dömd
A0054803_00050.xml,1,wittnen_wittnet_berättelse_tagit_sedt
A0054803_00143.xml,19,åhrs_wedh_utj_wed_äre
A0054803_00005.xml,19,åhrs_wedh_utj_wed_äre
A0054803_00048.xml,10,will_willia_ähre_gudh_saken
A0054803_00063.xml,10,will_willia_ähre_gudh_saken
A0054803_00075.xml,19,åhrs_wedh_utj_wed_äre
A0054803_00017.xml,0,rättens_lagmans_resolution_saken_måhl
A0054803_00128.xml,19,åhrs_wedh_utj_wed_äre
A0054803_00162.xml,19,åhrs_wedh_utj_wed_äre
A0054803_00135.xml,10,will_willia_ähre_gudh_saken
A0054803_00129.xml,19,åhrs_wedh_utj_wed_äre
A0054803_00130.xml,19,åhrs_wedh_utj_wed_äre
A0054803_00068.xml,10,will_willia_ähre_gudh_saken
A0054803_00032.xml,43,hustru_dotter_hustrus_barn_christina
A0054803_00078.xml,0,rättens_lagmans_resolution_saken_måhl
A0054803_00088.xml,19,åhrs_wedh_utj_wed_äre
A0054803_00163.xml,13,slag_arbete_slagit_doctor_lif
A0054803_00159.xml,19,åhrs_wedh_utj_wed_äre
A0054803_00120.xml,19,åhrs_wedh_utj_wed_äre
A0054803_00046.xml,10,will_willia_ähre_gudh_saken
A0054803_00105.xml,6,gången_grufwe_wijd_decembr_nästkommande
A0054803_00119.xml,19,åhrs_wedh_utj_wed_äre
A0054803_00034.xml,19,åhrs_wedh_utj_wed_äre
A0054803_00101.xml,10,will_willia_ähre_gudh_saken
A0054803_00140.xml,10,will_willia_ähre_gudh_saken
A0054803_00118.xml,10,will_willia_ähre_gudh_saken
A0054803_00097.xml,19,åhrs_wedh_utj_wed_äre
A0054803_00035.xml,43,hustru_dotter_hustrus_barn_christina
A0054803_00023.xml,10,will_willia_ähre_gudh_saken
A0054803_00108.xml,43,hustru_dotter_hustrus_barn_christina
A0054803_00031.xml,43,hustru_dotter_hustrus_barn_christina
A0054803_00090.xml,10,will_willia_ähre_gudh_saken
A0054803_00057.xml,19,åhrs_wedh_utj_wed_äre
A0054803_00054.xml,40,kronor_kommen_mehr_bemelte_neder
A0054803_00148.xml,10,will_willia_ähre_gudh_saken
A0054803_00006.xml,43,hustru_dotter_hustrus_barn_christina
A0054803_00112.xml,19,åhrs_wedh_utj_wed_äre
A0054803_00056.xml,10,will_willia_ähre_gudh_saken
A0054803_00102.xml,19,åhrs_wedh_utj_wed_äre
A0054803_00096.xml,19,åhrs_wedh_utj_wed_äre
A0054803_00009.xml,0,rättens_lagmans_resolution_saken_måhl
A0054803_00039.xml,19,åhrs_wedh_utj_wed_äre
A0054803_00064.xml,19,åhrs_wedh_utj_wed_äre
A0054803_00061.xml,43,hustru_dotter_hustrus_barn_christina
A0054803_00036.xml,19,åhrs_wedh_utj_wed_äre
A0054803_00093.xml,19,åhrs_wedh_utj_wed_äre
A0054803_00155.xml,10,will_willia_ähre_gudh_saken
A0054803_00077.xml,19,åhrs_wedh_utj_wed_äre
A0054803_00081.xml,1,wittnen_wittnet_berättelse_tagit_sedt
A0054803_00013.xml,19,åhrs_wedh_utj_wed_äre
A0054803_00134.xml,19,åhrs_wedh_utj_wed_äre
A0054803_00091.xml,19,åhrs_wedh_utj_wed_äre
A0054803_00139.xml,19,åhrs_wedh_utj_wed_äre
A0054803_00030.xml,19,åhrs_wedh_utj_wed_äre
A0054803_00076.xml,19,åhrs_wedh_utj_wed_äre
A0054803_00029.xml,43,hustru_dotter_hustrus_barn_christina
A0054803_00117.xml,1,wittnen_wittnet_berättelse_tagit_sedt
A0054803_00157.xml,19,åhrs_wedh_utj_wed_äre
A0054803_00066.xml,19,åhrs_wedh_utj_wed_äre
A0054803_00168.xml,31,härads_rättens_målet_utslaget_dömd
A0054803_00100.xml,43,hustru_dotter_hustrus_barn_christina
A0054803_00127.xml,43,hustru_dotter_hustrus_barn_christina
A0054803_00152.xml,0,rättens_lagmans_resolution_saken_måhl
A0054803_00008.xml,19,åhrs_wedh_utj_wed_äre
A0054803_00144.xml,10,will_willia_ähre_gudh_saken
A0054803_00147.xml,20,dhem_christian_åth_alldeles_septemb
A0054803_00107.xml,43,hustru_dotter_hustrus_barn_christina
A0054803_00153.xml,10,will_willia_ähre_gudh_saken
A0054803_00040.xml,19,åhrs_wedh_utj_wed_äre
A0054803_00141.xml,10,will_willia_ähre_gudh_saken
A0054803_00138.xml,43,hustru_dotter_hustrus_barn_christina
A0054803_00007.xml,19,åhrs_wedh_utj_wed_äre
A0054803_00126.xml,43,hustru_dotter_hustrus_barn_christina
A0054803_00024.xml,10,will_willia_ähre_gudh_saken
A0054803_00095.xml,19,åhrs_wedh_utj_wed_äre
A0054803_00099.xml,43,hustru_dotter_hustrus_barn_christina
A0054803_00055.xml,10,will_willia_ähre_gudh_saken
A0054803_00020.xml,43,hustru_dotter_hustrus_barn_christina
A0054803_00114.xml,19,åhrs_wedh_utj_wed_äre
A0054803_00167.xml,31,härads_rättens_målet_utslaget_dömd
A0054803_00132.xml,10,will_willia_ähre_gudh_saken
A0054803_00016.xml,19,åhrs_wedh_utj_wed_äre
A0054803_00027.xml,0,rättens_lagmans_resolution_saken_måhl
A0054803_00080.xml,0,rättens_lagmans_resolution_saken_måhl
A0054803_00018.xml,19,åhrs_wedh_utj_wed_äre
A0054803_00136.xml,19,åhrs_wedh_utj_wed_äre
A0054803_00060.xml,10,will_willia_ähre_gudh_saken
A0054803_00111.xml,19,åhrs_wedh_utj_wed_äre
A0054803_00045.xml,43,hustru_dotter_hustrus_barn_christina
A0054803_00033.xml,19,åhrs_wedh_utj_wed_äre
A0054803_00106.xml,19,åhrs_wedh_utj_wed_äre
A0054803_00109.xml,21,måns_worden_samuel_bergz_smeden
A0054803_00012.xml,29,swarade_domb_inspectoren_dehl_straxt
A0054803_00084.xml,10,will_willia_ähre_gudh_saken
A0054803_00010.xml,19,åhrs_wedh_utj_wed_äre
A0054803_00043.xml,19,åhrs_wedh_utj_wed_äre
A0054803_00123.xml,19,åhrs_wedh_utj_wed_äre
A0054803_00071.xml,43,hustru_dotter_hustrus_barn_christina
A0054803_00082.xml,10,will_willia_ähre_gudh_saken
A0054803_00145.xml,19,åhrs_wedh_utj_wed_äre
A0054803_00062.xml,19,åhrs_wedh_utj_wed_äre
A0054803_00015.xml,19,åhrs_wedh_utj_wed_äre
A0054803_00169.xml,21,måns_worden_samuel_bergz_smeden
A0054803_00025.xml,19,åhrs_wedh_utj_wed_äre
A0054803_00122.xml,13,slag_arbete_slagit_doctor_lif
A0054803_00103.xml,0,rättens_lagmans_resolution_saken_måhl
A0054803_00052.xml,19,åhrs_wedh_utj_wed_äre
A0054803_00072.xml,19,åhrs_wedh_utj_wed_äre
A0054803_00083.xml,10,will_willia_ähre_gudh_saken
A0054803_00079.xml,38,grefwe_hoffrätten_herre_sweriges_råd
40008491_00284.xml,22,tid_års_tiden_utom_anseende
40008491_00071.xml,37,talan_afseende_målet_fråga_mål
40008491_00109.xml,26,bevis_vore_enkan_född_vite
40008491_00031.xml,37,talan_afseende_målet_fråga_mål
40008491_00065.xml,16,riksdaler_daler_banco_twå_balken
40008491_00108.xml,37,talan_afseende_målet_fråga_mål
40008491_00111.xml,35,ränta_fordran_räkning_betalning_skuld
40008491_00197.xml,12,häradshöfdingen_hofrätten_riddaren_mål_närwarande
40008491_00193.xml,8,sidan_ena_handlingarne_sak_saken
40008491_00106.xml,26,bevis_vore_enkan_född_vite
40008491_00229.xml,37,talan_afseende_målet_fråga_mål
40008491_00215.xml,26,bevis_vore_enkan_född_vite
40008491_00004.xml,26,bevis_vore_enkan_född_vite
40008491_00172.xml,8,sidan_ena_handlingarne_sak_saken
40008491_00116.xml,26,bevis_vore_enkan_född_vite
40008491_00176.xml,8,sidan_ena_handlingarne_sak_saken
40008491_00115.xml,26,bevis_vore_enkan_född_vite
40008491_00250.xml,37,talan_afseende_målet_fråga_mål
40008491_00216.xml,26,bevis_vore_enkan_född_vite
40008491_00209.xml,37,talan_afseende_målet_fråga_mål
40008491_00091.xml,37,talan_afseende_målet_fråga_mål
40008491_00082.xml,37,talan_afseende_målet_fråga_mål
40008491_00020.xml,37,talan_afseende_målet_fråga_mål
40008491_00013.xml,37,talan_afseende_målet_fråga_mål
40008491_00054.xml,37,talan_afseende_målet_fråga_mål
40008491_00048.xml,37,talan_afseende_målet_fråga_mål
40008491_00185.xml,8,sidan_ena_handlingarne_sak_saken
40008491_00131.xml,44,fru_förmyndare_testamente_barn_arf
40008491_00240.xml,37,talan_afseende_målet_fråga_mål
40008491_00050.xml,37,talan_afseende_målet_fråga_mål
40008491_00066.xml,16,riksdaler_daler_banco_twå_balken
40008491_00069.xml,8,sidan_ena_handlingarne_sak_saken
40008491_00139.xml,37,talan_afseende_målet_fråga_mål
40008491_00242.xml,37,talan_afseende_målet_fråga_mål
40008491_00104.xml,12,häradshöfdingen_hofrätten_riddaren_mål_närwarande
40008491_00075.xml,8,sidan_ena_handlingarne_sak_saken
40008491_00029.xml,26,bevis_vore_enkan_född_vite
40008491_00015.xml,37,talan_afseende_målet_fråga_mål
40008491_00241.xml,37,talan_afseende_målet_fråga_mål
40008491_00211.xml,26,bevis_vore_enkan_född_vite
40008491_00168.xml,8,sidan_ena_handlingarne_sak_saken
40008491_00165.xml,17,bergs_ting_påstående_bruks_käranden
40008491_00030.xml,37,talan_afseende_målet_fråga_mål
40008491_00230.xml,37,talan_afseende_målet_fråga_mål
40008491_00092.xml,35,ränta_fordran_räkning_betalning_skuld
40008491_00254.xml,44,fru_förmyndare_testamente_barn_arf
40008491_00135.xml,37,talan_afseende_målet_fråga_mål
40008491_00064.xml,37,talan_afseende_målet_fråga_mål
40008491_00245.xml,26,bevis_vore_enkan_född_vite
40008491_00246.xml,37,talan_afseende_målet_fråga_mål
40008491_00012.xml,37,talan_afseende_målet_fråga_mål
40008491_00233.xml,37,talan_afseende_målet_fråga_mål
40008491_00124.xml,37,talan_afseende_målet_fråga_mål
40008491_00047.xml,37,talan_afseende_målet_fråga_mål
40008491_00179.xml,8,sidan_ena_handlingarne_sak_saken
40008491_00105.xml,26,bevis_vore_enkan_född_vite
40008491_00248.xml,37,talan_afseende_målet_fråga_mål
40008491_00183.xml,8,sidan_ena_handlingarne_sak_saken
40008491_00244.xml,8,sidan_ena_handlingarne_sak_saken
40008491_00267.xml,37,talan_afseende_målet_fråga_mål
40008491_00059.xml,37,talan_afseende_målet_fråga_mål
40008491_00007.xml,26,bevis_vore_enkan_född_vite
40008491_00266.xml,37,talan_afseende_målet_fråga_mål
40008491_00132.xml,37,talan_afseende_målet_fråga_mål
40008491_00191.xml,8,sidan_ena_handlingarne_sak_saken
40008491_00072.xml,35,ränta_fordran_räkning_betalning_skuld
40008491_00087.xml,37,talan_afseende_målet_fråga_mål
40008491_00226.xml,37,talan_afseende_målet_fråga_mål
40008491_00164.xml,8,sidan_ena_handlingarne_sak_saken
40008491_00247.xml,7,hemman_hemmanet_ägor_jord_skatte
40008491_00119.xml,30,lieutenanten_capitainen_borgmästaren_enka_borgenärer
40008491_00101.xml,30,lieutenanten_capitainen_borgmästaren_enka_borgenärer
40008491_00076.xml,37,talan_afseende_målet_fråga_mål
40008491_00218.xml,37,talan_afseende_målet_fråga_mål
40008491_00147.xml,37,talan_afseende_målet_fråga_mål
40008491_00125.xml,26,bevis_vore_enkan_född_vite
40008491_00089.xml,37,talan_afseende_målet_fråga_mål
40008491_00142.xml,37,talan_afseende_målet_fråga_mål
40008491_00113.xml,35,ränta_fordran_räkning_betalning_skuld
40008491_00095.xml,26,bevis_vore_enkan_född_vite
40008491_00057.xml,26,bevis_vore_enkan_född_vite
40008491_00151.xml,7,hemman_hemmanet_ägor_jord_skatte
40008491_00224.xml,37,talan_afseende_målet_fråga_mål
40008491_00107.xml,37,talan_afseende_målet_fråga_mål
40008491_00274.xml,37,talan_afseende_målet_fråga_mål
40008491_00036.xml,35,ränta_fordran_räkning_betalning_skuld
40008491_00156.xml,8,sidan_ena_handlingarne_sak_saken
40008491_00210.xml,33,hofrätten_saken_parterne_afträdde_ansökning
40008491_00249.xml,37,talan_afseende_målet_fråga_mål
40008491_00094.xml,37,talan_afseende_målet_fråga_mål
40008491_00181.xml,8,sidan_ena_handlingarne_sak_saken
40008491_00269.xml,37,talan_afseende_målet_fråga_mål
40008491_00170.xml,8,sidan_ena_handlingarne_sak_saken
40008491_00005.xml,12,häradshöfdingen_hofrätten_riddaren_mål_närwarande
40008491_00037.xml,37,talan_afseende_målet_fråga_mål
40008491_00276.xml,37,talan_afseende_målet_fråga_mål
40008491_00160.xml,8,sidan_ena_handlingarne_sak_saken
40008491_00061.xml,1,wittnen_wittnet_berättelse_tagit_sedt
40008491_00188.xml,33,hofrätten_saken_parterne_afträdde_ansökning
40008491_00140.xml,37,talan_afseende_målet_fråga_mål
40008491_00150.xml,8,sidan_ena_handlingarne_sak_saken
40008491_00180.xml,8,sidan_ena_handlingarne_sak_saken
40008491_00127.xml,37,talan_afseende_målet_fråga_mål
40008491_00128.xml,37,talan_afseende_målet_fråga_mål
40008491_00033.xml,37,talan_afseende_målet_fråga_mål
40008491_00278.xml,44,fru_förmyndare_testamente_barn_arf
40008491_00010.xml,26,bevis_vore_enkan_född_vite
40008491_00062.xml,37,talan_afseende_målet_fråga_mål
40008491_00192.xml,26,bevis_vore_enkan_född_vite
40008491_00221.xml,37,talan_afseende_målet_fråga_mål
40008491_00251.xml,35,ränta_fordran_räkning_betalning_skuld
40008491_00282.xml,35,ränta_fordran_räkning_betalning_skuld
40008491_00162.xml,8,sidan_ena_handlingarne_sak_saken
40008491_00112.xml,37,talan_afseende_målet_fråga_mål
40008491_00083.xml,26,bevis_vore_enkan_född_vite
40008491_00014.xml,8,sidan_ena_handlingarne_sak_saken
40008491_00137.xml,17,bergs_ting_påstående_bruks_käranden
40008491_00206.xml,33,hofrätten_saken_parterne_afträdde_ansökning
40008491_00084.xml,37,talan_afseende_målet_fråga_mål
40008491_00171.xml,8,sidan_ena_handlingarne_sak_saken
40008491_00040.xml,26,bevis_vore_enkan_född_vite
40008491_00056.xml,37,talan_afseende_målet_fråga_mål
40008491_00268.xml,38,grefwe_hoffrätten_herre_sweriges_råd
40008491_00043.xml,37,talan_afseende_målet_fråga_mål
40008491_00067.xml,16,riksdaler_daler_banco_twå_balken
40008491_00146.xml,37,talan_afseende_målet_fråga_mål
40008491_00273.xml,37,talan_afseende_målet_fråga_mål
40008491_00149.xml,8,sidan_ena_handlingarne_sak_saken
40008491_00158.xml,8,sidan_ena_handlingarne_sak_saken
40008491_00208.xml,8,sidan_ena_handlingarne_sak_saken
40008491_00100.xml,37,talan_afseende_målet_fråga_mål
40008491_00099.xml,26,bevis_vore_enkan_född_vite
40008491_00011.xml,37,talan_afseende_målet_fråga_mål
40008491_00194.xml,37,talan_afseende_målet_fråga_mål
40008491_00280.xml,35,ränta_fordran_räkning_betalning_skuld
40008491_00187.xml,8,sidan_ena_handlingarne_sak_saken
40008491_00016.xml,37,talan_afseende_målet_fråga_mål
40008491_00027.xml,8,sidan_ena_handlingarne_sak_saken
40008491_00237.xml,37,talan_afseende_målet_fråga_mål
40008491_00214.xml,35,ränta_fordran_räkning_betalning_skuld
40008491_00289.xml,26,bevis_vore_enkan_född_vite
40008491_00285.xml,44,fru_förmyndare_testamente_barn_arf
40008491_00270.xml,37,talan_afseende_målet_fråga_mål
40008491_00186.xml,8,sidan_ena_handlingarne_sak_saken
40008491_00258.xml,37,talan_afseende_målet_fråga_mål
40008491_00220.xml,35,ränta_fordran_räkning_betalning_skuld
40008491_00295.xml,37,talan_afseende_målet_fråga_mål
40008491_00257.xml,8,sidan_ena_handlingarne_sak_saken
40008491_00122.xml,26,bevis_vore_enkan_född_vite
40008491_00288.xml,26,bevis_vore_enkan_född_vite
40008491_00074.xml,37,talan_afseende_målet_fråga_mål
40008491_00236.xml,37,talan_afseende_målet_fråga_mål
40008491_00256.xml,37,talan_afseende_målet_fråga_mål
40008491_00163.xml,8,sidan_ena_handlingarne_sak_saken
40008491_00028.xml,16,riksdaler_daler_banco_twå_balken
40008491_00231.xml,37,talan_afseende_målet_fråga_mål
40008491_00032.xml,37,talan_afseende_målet_fråga_mål
40008491_00138.xml,26,bevis_vore_enkan_född_vite
40008491_00264.xml,37,talan_afseende_målet_fråga_mål
40008491_00052.xml,8,sidan_ena_handlingarne_sak_saken
40008491_00118.xml,37,talan_afseende_målet_fråga_mål
40008491_00088.xml,37,talan_afseende_målet_fråga_mål
40008491_00207.xml,33,hofrätten_saken_parterne_afträdde_ansökning
40008491_00290.xml,26,bevis_vore_enkan_född_vite
40008491_00175.xml,8,sidan_ena_handlingarne_sak_saken
40008491_00022.xml,37,talan_afseende_målet_fråga_mål
40008491_00093.xml,37,talan_afseende_målet_fråga_mål
40008491_00272.xml,37,talan_afseende_målet_fråga_mål
40008491_00159.xml,8,sidan_ena_handlingarne_sak_saken
40008491_00169.xml,8,sidan_ena_handlingarne_sak_saken
40008491_00184.xml,8,sidan_ena_handlingarne_sak_saken
40008491_00157.xml,8,sidan_ena_handlingarne_sak_saken
40008491_00286.xml,26,bevis_vore_enkan_född_vite
40008491_00049.xml,37,talan_afseende_målet_fråga_mål
40008491_00204.xml,7,hemman_hemmanet_ägor_jord_skatte
40008491_00103.xml,8,sidan_ena_handlingarne_sak_saken
40008491_00117.xml,26,bevis_vore_enkan_född_vite
40008491_00129.xml,31,härads_rättens_målet_utslaget_dömd
40008491_00200.xml,8,sidan_ena_handlingarne_sak_saken
40008491_00178.xml,8,sidan_ena_handlingarne_sak_saken
40008491_00017.xml,26,bevis_vore_enkan_född_vite
40008491_00292.xml,37,talan_afseende_målet_fråga_mål
40008491_00283.xml,26,bevis_vore_enkan_född_vite
40008491_00136.xml,37,talan_afseende_målet_fråga_mål
40008491_00252.xml,35,ränta_fordran_räkning_betalning_skuld
40008491_00238.xml,37,talan_afseende_målet_fråga_mål
40008491_00227.xml,16,riksdaler_daler_banco_twå_balken
40008491_00046.xml,37,talan_afseende_målet_fråga_mål
40008491_00287.xml,26,bevis_vore_enkan_född_vite
40008491_00223.xml,37,talan_afseende_målet_fråga_mål
40008491_00202.xml,32,augusti_stockholms_stads_september_bonden
40008491_00070.xml,37,talan_afseende_målet_fråga_mål
40008491_00130.xml,26,bevis_vore_enkan_född_vite
40008491_00177.xml,8,sidan_ena_handlingarne_sak_saken
40008491_00045.xml,37,talan_afseende_målet_fråga_mål
40008491_00055.xml,37,talan_afseende_målet_fråga_mål
40008491_00145.xml,8,sidan_ena_handlingarne_sak_saken
40008491_00195.xml,8,sidan_ena_handlingarne_sak_saken
40008491_00167.xml,8,sidan_ena_handlingarne_sak_saken
40008491_00265.xml,26,bevis_vore_enkan_född_vite
40008491_00018.xml,37,talan_afseende_målet_fråga_mål
40008491_00123.xml,26,bevis_vore_enkan_född_vite
40008491_00253.xml,37,talan_afseende_målet_fråga_mål
40008491_00039.xml,37,talan_afseende_målet_fråga_mål
40008491_00291.xml,26,bevis_vore_enkan_född_vite
40008491_00044.xml,37,talan_afseende_målet_fråga_mål
40008491_00141.xml,37,talan_afseende_målet_fråga_mål
40008491_00085.xml,37,talan_afseende_målet_fråga_mål
40008491_00024.xml,37,talan_afseende_målet_fråga_mål
40008491_00217.xml,37,talan_afseende_målet_fråga_mål
40008491_00166.xml,8,sidan_ena_handlingarne_sak_saken
40008491_00222.xml,37,talan_afseende_målet_fråga_mål
40008491_00038.xml,8,sidan_ena_handlingarne_sak_saken
40008491_00077.xml,37,talan_afseende_målet_fråga_mål
40008491_00234.xml,7,hemman_hemmanet_ägor_jord_skatte
40008491_00110.xml,37,talan_afseende_målet_fråga_mål
40008491_00034.xml,37,talan_afseende_målet_fråga_mål
40008491_00228.xml,37,talan_afseende_målet_fråga_mål
40008491_00279.xml,35,ränta_fordran_räkning_betalning_skuld
40008491_00081.xml,16,riksdaler_daler_banco_twå_balken
40008491_00148.xml,37,talan_afseende_målet_fråga_mål
40008491_00173.xml,8,sidan_ena_handlingarne_sak_saken
40008491_00294.xml,37,talan_afseende_målet_fråga_mål
40008491_00232.xml,37,talan_afseende_målet_fråga_mål
40008491_00263.xml,37,talan_afseende_målet_fråga_mål
40008491_00134.xml,37,talan_afseende_målet_fråga_mål
40008491_00182.xml,8,sidan_ena_handlingarne_sak_saken
40008491_00008.xml,37,talan_afseende_målet_fråga_mål
40008491_00042.xml,44,fru_förmyndare_testamente_barn_arf
40008491_00041.xml,26,bevis_vore_enkan_född_vite
40008491_00121.xml,37,talan_afseende_målet_fråga_mål
40008491_00225.xml,37,talan_afseende_målet_fråga_mål
40008491_00026.xml,37,talan_afseende_målet_fråga_mål
40008491_00239.xml,37,talan_afseende_målet_fråga_mål
40008491_00086.xml,37,talan_afseende_målet_fråga_mål
40008491_00097.xml,37,talan_afseende_målet_fråga_mål
40008491_00073.xml,37,talan_afseende_målet_fråga_mål
40008491_00152.xml,8,sidan_ena_handlingarne_sak_saken
40008491_00009.xml,37,talan_afseende_målet_fråga_mål
40008491_00126.xml,37,talan_afseende_målet_fråga_mål
40008491_00235.xml,37,talan_afseende_målet_fråga_mål
40008491_00153.xml,33,hofrätten_saken_parterne_afträdde_ansökning
40008491_00133.xml,37,talan_afseende_målet_fråga_mål
40008491_00205.xml,26,bevis_vore_enkan_född_vite
40008491_00079.xml,17,bergs_ting_påstående_bruks_käranden
40008491_00281.xml,26,bevis_vore_enkan_född_vite
40008491_00161.xml,8,sidan_ena_handlingarne_sak_saken
40008491_00261.xml,8,sidan_ena_handlingarne_sak_saken
40008491_00035.xml,31,härads_rättens_målet_utslaget_dömd
40008491_00190.xml,8,sidan_ena_handlingarne_sak_saken
40008491_00114.xml,37,talan_afseende_målet_fråga_mål
40008491_00189.xml,26,bevis_vore_enkan_född_vite
40008491_00051.xml,37,talan_afseende_målet_fråga_mål
40008491_00262.xml,24,banco_rst_sedlar_rsr_rsd
40008491_00212.xml,37,talan_afseende_målet_fråga_mål
40008491_00259.xml,37,talan_afseende_målet_fråga_mål
40008491_00090.xml,35,ränta_fordran_räkning_betalning_skuld
40008491_00053.xml,37,talan_afseende_målet_fråga_mål
40008491_00196.xml,17,bergs_ting_påstående_bruks_käranden
40008491_00143.xml,8,sidan_ena_handlingarne_sak_saken
40008491_00102.xml,37,talan_afseende_målet_fråga_mål
40008491_00068.xml,37,talan_afseende_målet_fråga_mål
40008491_00293.xml,37,talan_afseende_målet_fråga_mål
40008491_00255.xml,37,talan_afseende_målet_fråga_mål
40008491_00243.xml,37,talan_afseende_målet_fråga_mål
40008491_00199.xml,30,lieutenanten_capitainen_borgmästaren_enka_borgenärer
40008491_00063.xml,37,talan_afseende_målet_fråga_mål
40008491_00078.xml,37,talan_afseende_målet_fråga_mål
40008491_00277.xml,30,lieutenanten_capitainen_borgmästaren_enka_borgenärer
40008491_00021.xml,26,bevis_vore_enkan_född_vite
40008491_00219.xml,37,talan_afseende_målet_fråga_mål
40008491_00203.xml,17,bergs_ting_påstående_bruks_käranden
40008491_00155.xml,8,sidan_ena_handlingarne_sak_saken
40008491_00080.xml,37,talan_afseende_målet_fråga_mål
40008491_00174.xml,8,sidan_ena_handlingarne_sak_saken
40008491_00271.xml,37,talan_afseende_målet_fråga_mål
40008491_00213.xml,22,tid_års_tiden_utom_anseende
40008491_00275.xml,37,talan_afseende_målet_fråga_mål
40008491_00201.xml,33,hofrätten_saken_parterne_afträdde_ansökning
40008491_00098.xml,37,talan_afseende_målet_fråga_mål
40008491_00144.xml,37,talan_afseende_målet_fråga_mål
40008491_00260.xml,37,talan_afseende_målet_fråga_mål
40006294_00114.xml,25,hofrätten_rådstufwu_pröfwar_följe_anseende
40006294_00020.xml,1,wittnen_wittnet_berättelse_tagit_sedt
40006294_00168.xml,33,hofrätten_saken_parterne_afträdde_ansökning
40006294_00166.xml,1,wittnen_wittnet_berättelse_tagit_sedt
40006294_00140.xml,25,hofrätten_rådstufwu_pröfwar_följe_anseende
40006294_00044.xml,33,hofrätten_saken_parterne_afträdde_ansökning
40006294_00129.xml,22,tid_års_tiden_utom_anseende
40006294_00042.xml,11,namn_undergå_fängelse_bröd_dagars
40006294_00054.xml,25,hofrätten_rådstufwu_pröfwar_följe_anseende
40006294_00199.xml,25,hofrätten_rådstufwu_pröfwar_följe_anseende
40006294_00106.xml,25,hofrätten_rådstufwu_pröfwar_följe_anseende
40006294_00256.xml,22,tid_års_tiden_utom_anseende
40006294_00258.xml,33,hofrätten_saken_parterne_afträdde_ansökning
40006294_00138.xml,31,härads_rättens_målet_utslaget_dömd
40006294_00178.xml,22,tid_års_tiden_utom_anseende
40006294_00123.xml,31,härads_rättens_målet_utslaget_dömd
40006294_00221.xml,3,beswär_wite_deröfwer_hofrätten_förklara
40006294_00126.xml,31,härads_rättens_målet_utslaget_dömd
40006294_00050.xml,33,hofrätten_saken_parterne_afträdde_ansökning
40006294_00207.xml,3,beswär_wite_deröfwer_hofrätten_förklara
40006294_00017.xml,12,häradshöfdingen_hofrätten_riddaren_mål_närwarande
40006294_00181.xml,31,härads_rättens_målet_utslaget_dömd
40006294_00165.xml,25,hofrätten_rådstufwu_pröfwar_följe_anseende
40006294_00026.xml,22,tid_års_tiden_utom_anseende
40006294_00160.xml,22,tid_års_tiden_utom_anseende
40006294_00056.xml,25,hofrätten_rådstufwu_pröfwar_följe_anseende
40006294_00254.xml,1,wittnen_wittnet_berättelse_tagit_sedt
40006294_00158.xml,25,hofrätten_rådstufwu_pröfwar_följe_anseende
40006294_00134.xml,25,hofrätten_rådstufwu_pröfwar_följe_anseende
40006294_00130.xml,22,tid_års_tiden_utom_anseende
40006294_00067.xml,22,tid_års_tiden_utom_anseende
40006294_00023.xml,12,häradshöfdingen_hofrätten_riddaren_mål_närwarande
40006294_00228.xml,25,hofrätten_rådstufwu_pröfwar_följe_anseende
40006294_00112.xml,3,beswär_wite_deröfwer_hofrätten_förklara
40006294_00125.xml,25,hofrätten_rådstufwu_pröfwar_följe_anseende
40006294_00217.xml,8,sidan_ena_handlingarne_sak_saken
40006294_00218.xml,8,sidan_ena_handlingarne_sak_saken
40006294_00099.xml,25,hofrätten_rådstufwu_pröfwar_följe_anseende
40006294_00071.xml,33,hofrätten_saken_parterne_afträdde_ansökning
40006294_00022.xml,32,augusti_stockholms_stads_september_bonden
40006294_00212.xml,12,häradshöfdingen_hofrätten_riddaren_mål_närwarande
40006294_00083.xml,1,wittnen_wittnet_berättelse_tagit_sedt
40006294_00014.xml,22,tid_års_tiden_utom_anseende
40006294_00082.xml,25,hofrätten_rådstufwu_pröfwar_följe_anseende
40006294_00143.xml,25,hofrätten_rådstufwu_pröfwar_följe_anseende
40006294_00213.xml,3,beswär_wite_deröfwer_hofrätten_förklara
40006294_00013.xml,37,talan_afseende_målet_fråga_mål
40006294_00179.xml,1,wittnen_wittnet_berättelse_tagit_sedt
40006294_00132.xml,22,tid_års_tiden_utom_anseende
40006294_00184.xml,25,hofrätten_rådstufwu_pröfwar_följe_anseende
40006294_00025.xml,37,talan_afseende_målet_fråga_mål
40006294_00185.xml,25,hofrätten_rådstufwu_pröfwar_följe_anseende
40006294_00219.xml,3,beswär_wite_deröfwer_hofrätten_förklara
40006294_00079.xml,25,hofrätten_rådstufwu_pröfwar_följe_anseende
40006294_00036.xml,25,hofrätten_rådstufwu_pröfwar_följe_anseende
40006294_00197.xml,25,hofrätten_rådstufwu_pröfwar_följe_anseende
40006294_00007.xml,3,beswär_wite_deröfwer_hofrätten_förklara
40006294_00153.xml,1,wittnen_wittnet_berättelse_tagit_sedt
40006294_00118.xml,31,härads_rättens_målet_utslaget_dömd
40006294_00157.xml,25,hofrätten_rådstufwu_pröfwar_följe_anseende
40006294_00127.xml,25,hofrätten_rådstufwu_pröfwar_följe_anseende
40006294_00037.xml,3,beswär_wite_deröfwer_hofrätten_förklara
40006294_00196.xml,25,hofrätten_rådstufwu_pröfwar_följe_anseende
40006294_00255.xml,33,hofrätten_saken_parterne_afträdde_ansökning
40006294_00260.xml,33,hofrätten_saken_parterne_afträdde_ansökning
40006294_00074.xml,31,härads_rättens_målet_utslaget_dömd
40006294_00093.xml,25,hofrätten_rådstufwu_pröfwar_följe_anseende
40006294_00045.xml,3,beswär_wite_deröfwer_hofrätten_förklara
40006294_00011.xml,22,tid_års_tiden_utom_anseende
40006294_00206.xml,3,beswär_wite_deröfwer_hofrätten_förklara
40006294_00010.xml,33,hofrätten_saken_parterne_afträdde_ansökning
40006294_00090.xml,3,beswär_wite_deröfwer_hofrätten_förklara
40006294_00097.xml,25,hofrätten_rådstufwu_pröfwar_följe_anseende
40006294_00006.xml,33,hofrätten_saken_parterne_afträdde_ansökning
40006294_00145.xml,25,hofrätten_rådstufwu_pröfwar_följe_anseende
40006294_00080.xml,25,hofrätten_rådstufwu_pröfwar_följe_anseende
40006294_00195.xml,25,hofrätten_rådstufwu_pröfwar_följe_anseende
40006294_00086.xml,25,hofrätten_rådstufwu_pröfwar_följe_anseende
40006294_00085.xml,3,beswär_wite_deröfwer_hofrätten_förklara
40006294_00029.xml,12,häradshöfdingen_hofrätten_riddaren_mål_närwarande
40006294_00009.xml,1,wittnen_wittnet_berättelse_tagit_sedt
40006294_00204.xml,12,häradshöfdingen_hofrätten_riddaren_mål_närwarande
40006294_00248.xml,22,tid_års_tiden_utom_anseende
40006294_00073.xml,22,tid_års_tiden_utom_anseende
40006294_00034.xml,1,wittnen_wittnet_berättelse_tagit_sedt
40006294_00232.xml,3,beswär_wite_deröfwer_hofrätten_förklara
40006294_00047.xml,37,talan_afseende_målet_fråga_mål
40006294_00116.xml,31,härads_rättens_målet_utslaget_dömd
40006294_00176.xml,33,hofrätten_saken_parterne_afträdde_ansökning
40006294_00200.xml,12,häradshöfdingen_hofrätten_riddaren_mål_närwarande
40006294_00151.xml,25,hofrätten_rådstufwu_pröfwar_följe_anseende
40006294_00182.xml,33,hofrätten_saken_parterne_afträdde_ansökning
40006294_00070.xml,11,namn_undergå_fängelse_bröd_dagars
40006294_00066.xml,34,fiscalen_advocat_rådmannen_rådman_riksens
40006294_00192.xml,25,hofrätten_rådstufwu_pröfwar_följe_anseende
40006294_00251.xml,33,hofrätten_saken_parterne_afträdde_ansökning
40006294_00103.xml,25,hofrätten_rådstufwu_pröfwar_följe_anseende
40006294_00049.xml,25,hofrätten_rådstufwu_pröfwar_följe_anseende
40006294_00150.xml,22,tid_års_tiden_utom_anseende
40006294_00149.xml,31,härads_rättens_målet_utslaget_dömd
40006294_00136.xml,25,hofrätten_rådstufwu_pröfwar_följe_anseende
40006294_00238.xml,25,hofrätten_rådstufwu_pröfwar_följe_anseende
40006294_00098.xml,25,hofrätten_rådstufwu_pröfwar_följe_anseende
40006294_00012.xml,33,hofrätten_saken_parterne_afträdde_ansökning
40006294_00046.xml,3,beswär_wite_deröfwer_hofrätten_förklara
40006294_00208.xml,3,beswär_wite_deröfwer_hofrätten_förklara
40006294_00028.xml,37,talan_afseende_målet_fråga_mål
40006294_00076.xml,11,namn_undergå_fängelse_bröd_dagars
40006294_00259.xml,31,härads_rättens_målet_utslaget_dömd
40006294_00016.xml,11,namn_undergå_fängelse_bröd_dagars
40006294_00245.xml,12,häradshöfdingen_hofrätten_riddaren_mål_närwarande
40006294_00109.xml,25,hofrätten_rådstufwu_pröfwar_följe_anseende
40006294_00030.xml,1,wittnen_wittnet_berättelse_tagit_sedt
40006294_00203.xml,25,hofrätten_rådstufwu_pröfwar_följe_anseende
40006294_00062.xml,31,härads_rättens_målet_utslaget_dömd
40006294_00243.xml,33,hofrätten_saken_parterne_afträdde_ansökning
40006294_00194.xml,3,beswär_wite_deröfwer_hofrätten_förklara
40006294_00169.xml,33,hofrätten_saken_parterne_afträdde_ansökning
40006294_00167.xml,1,wittnen_wittnet_berättelse_tagit_sedt
40006294_00244.xml,33,hofrätten_saken_parterne_afträdde_ansökning
40006294_00101.xml,1,wittnen_wittnet_berättelse_tagit_sedt
40006294_00040.xml,31,härads_rättens_målet_utslaget_dömd
40006294_00128.xml,25,hofrätten_rådstufwu_pröfwar_följe_anseende
40006294_00188.xml,25,hofrätten_rådstufwu_pröfwar_följe_anseende
40006294_00249.xml,25,hofrätten_rådstufwu_pröfwar_följe_anseende
40006294_00027.xml,1,wittnen_wittnet_berättelse_tagit_sedt
40006294_00155.xml,31,härads_rättens_målet_utslaget_dömd
40006294_00253.xml,25,hofrätten_rådstufwu_pröfwar_följe_anseende
40006294_00139.xml,31,härads_rättens_målet_utslaget_dömd
40006294_00209.xml,33,hofrätten_saken_parterne_afträdde_ansökning
40006294_00043.xml,12,häradshöfdingen_hofrätten_riddaren_mål_närwarande
40006294_00063.xml,22,tid_års_tiden_utom_anseende
40006294_00105.xml,25,hofrätten_rådstufwu_pröfwar_följe_anseende
40006294_00104.xml,37,talan_afseende_målet_fråga_mål
40006294_00051.xml,33,hofrätten_saken_parterne_afträdde_ansökning
40006294_00077.xml,33,hofrätten_saken_parterne_afträdde_ansökning
40006294_00187.xml,25,hofrätten_rådstufwu_pröfwar_följe_anseende
40006294_00211.xml,12,häradshöfdingen_hofrätten_riddaren_mål_närwarande
40006294_00239.xml,25,hofrätten_rådstufwu_pröfwar_följe_anseende
40006294_00075.xml,1,wittnen_wittnet_berättelse_tagit_sedt
40006294_00061.xml,31,härads_rättens_målet_utslaget_dömd
40006294_00031.xml,31,härads_rättens_målet_utslaget_dömd
40006294_00229.xml,1,wittnen_wittnet_berättelse_tagit_sedt
40006294_00113.xml,33,hofrätten_saken_parterne_afträdde_ansökning
40006294_00146.xml,31,härads_rättens_målet_utslaget_dömd
40006294_00091.xml,3,beswär_wite_deröfwer_hofrätten_förklara
40006294_00094.xml,25,hofrätten_rådstufwu_pröfwar_följe_anseende
40006294_00227.xml,3,beswär_wite_deröfwer_hofrätten_förklara
40006294_00133.xml,25,hofrätten_rådstufwu_pröfwar_följe_anseende
40006294_00095.xml,3,beswär_wite_deröfwer_hofrätten_förklara
40006294_00122.xml,12,häradshöfdingen_hofrätten_riddaren_mål_närwarande
40006294_00198.xml,31,härads_rättens_målet_utslaget_dömd
40006294_00164.xml,22,tid_års_tiden_utom_anseende
40006294_00087.xml,25,hofrätten_rådstufwu_pröfwar_följe_anseende
40006294_00162.xml,31,härads_rättens_målet_utslaget_dömd
40006294_00247.xml,12,häradshöfdingen_hofrätten_riddaren_mål_närwarande
40006294_00065.xml,33,hofrätten_saken_parterne_afträdde_ansökning
40006294_00224.xml,29,swarade_domb_inspectoren_dehl_straxt
40006294_00137.xml,25,hofrätten_rådstufwu_pröfwar_följe_anseende
40006294_00191.xml,25,hofrätten_rådstufwu_pröfwar_följe_anseende
40006294_00186.xml,25,hofrätten_rådstufwu_pröfwar_följe_anseende
40006294_00189.xml,25,hofrätten_rådstufwu_pröfwar_följe_anseende
40006294_00005.xml,31,härads_rättens_målet_utslaget_dömd
40006294_00119.xml,22,tid_års_tiden_utom_anseende
40006294_00052.xml,14,skog_skogen_mark_grefve_östra
40006294_00226.xml,37,talan_afseende_målet_fråga_mål
40006294_00202.xml,25,hofrätten_rådstufwu_pröfwar_följe_anseende
40006294_00131.xml,22,tid_års_tiden_utom_anseende
40006294_00110.xml,33,hofrätten_saken_parterne_afträdde_ansökning
40006294_00107.xml,25,hofrätten_rådstufwu_pröfwar_följe_anseende
40006294_00214.xml,3,beswär_wite_deröfwer_hofrätten_förklara
40006294_00242.xml,12,häradshöfdingen_hofrätten_riddaren_mål_närwarande
40006294_00152.xml,25,hofrätten_rådstufwu_pröfwar_följe_anseende
40006294_00060.xml,35,ränta_fordran_räkning_betalning_skuld
40006294_00100.xml,25,hofrätten_rådstufwu_pröfwar_följe_anseende
40006294_00237.xml,31,härads_rättens_målet_utslaget_dömd
40006294_00032.xml,12,häradshöfdingen_hofrätten_riddaren_mål_närwarande
40006294_00008.xml,1,wittnen_wittnet_berättelse_tagit_sedt
40006294_00163.xml,1,wittnen_wittnet_berättelse_tagit_sedt
40006294_00156.xml,16,riksdaler_daler_banco_twå_balken
40006294_00084.xml,25,hofrätten_rådstufwu_pröfwar_följe_anseende
40006294_00092.xml,31,härads_rättens_målet_utslaget_dömd
40006294_00089.xml,3,beswär_wite_deröfwer_hofrätten_förklara
40006294_00261.xml,31,härads_rättens_målet_utslaget_dömd
40006294_00035.xml,25,hofrätten_rådstufwu_pröfwar_följe_anseende
40006294_00210.xml,37,talan_afseende_målet_fråga_mål
40006294_00183.xml,11,namn_undergå_fängelse_bröd_dagars
40006294_00053.xml,43,hustru_dotter_hustrus_barn_christina
40006294_00262.xml,1,wittnen_wittnet_berättelse_tagit_sedt
40006294_00147.xml,25,hofrätten_rådstufwu_pröfwar_följe_anseende
40006294_00108.xml,25,hofrätten_rådstufwu_pröfwar_följe_anseende
40006294_00142.xml,1,wittnen_wittnet_berättelse_tagit_sedt
40006294_00019.xml,25,hofrätten_rådstufwu_pröfwar_följe_anseende
40006294_00115.xml,25,hofrätten_rådstufwu_pröfwar_följe_anseende
40006294_00190.xml,1,wittnen_wittnet_berättelse_tagit_sedt
40006294_00081.xml,25,hofrätten_rådstufwu_pröfwar_följe_anseende
40006294_00018.xml,37,talan_afseende_målet_fråga_mål
40006294_00041.xml,25,hofrätten_rådstufwu_pröfwar_följe_anseende
40006294_00170.xml,33,hofrätten_saken_parterne_afträdde_ansökning
40006294_00246.xml,3,beswär_wite_deröfwer_hofrätten_förklara
40006294_00205.xml,25,hofrätten_rådstufwu_pröfwar_följe_anseende
40006294_00144.xml,12,häradshöfdingen_hofrätten_riddaren_mål_närwarande
40006294_00235.xml,7,hemman_hemmanet_ägor_jord_skatte
40006294_00236.xml,25,hofrätten_rådstufwu_pröfwar_följe_anseende
40006294_00234.xml,3,beswär_wite_deröfwer_hofrätten_förklara
40006294_00174.xml,22,tid_års_tiden_utom_anseende
40006294_00141.xml,31,härads_rättens_målet_utslaget_dömd
40006294_00171.xml,33,hofrätten_saken_parterne_afträdde_ansökning
40006294_00055.xml,25,hofrätten_rådstufwu_pröfwar_följe_anseende
40006294_00117.xml,7,hemman_hemmanet_ägor_jord_skatte
40006294_00223.xml,1,wittnen_wittnet_berättelse_tagit_sedt
40006294_00233.xml,3,beswär_wite_deröfwer_hofrätten_förklara
40006294_00102.xml,25,hofrätten_rådstufwu_pröfwar_följe_anseende
40006294_00231.xml,11,namn_undergå_fängelse_bröd_dagars
40006294_00250.xml,33,hofrätten_saken_parterne_afträdde_ansökning
40006294_00057.xml,37,talan_afseende_målet_fråga_mål
40006294_00148.xml,11,namn_undergå_fängelse_bröd_dagars
40006294_00068.xml,11,namn_undergå_fängelse_bröd_dagars
40006294_00172.xml,22,tid_års_tiden_utom_anseende
40006294_00048.xml,22,tid_års_tiden_utom_anseende
40006294_00159.xml,25,hofrätten_rådstufwu_pröfwar_följe_anseende
40006294_00177.xml,22,tid_års_tiden_utom_anseende
40006294_00088.xml,25,hofrätten_rådstufwu_pröfwar_följe_anseende
40006294_00240.xml,33,hofrätten_saken_parterne_afträdde_ansökning
40006294_00124.xml,22,tid_års_tiden_utom_anseende
40006294_00193.xml,25,hofrätten_rådstufwu_pröfwar_följe_anseende
40006294_00263.xml,31,härads_rättens_målet_utslaget_dömd
40006294_00015.xml,25,hofrätten_rådstufwu_pröfwar_följe_anseende
40006294_00225.xml,1,wittnen_wittnet_berättelse_tagit_sedt
40006294_00135.xml,3,beswär_wite_deröfwer_hofrätten_förklara
40006294_00111.xml,12,häradshöfdingen_hofrätten_riddaren_mål_närwarande
40006294_00096.xml,11,namn_undergå_fängelse_bröd_dagars
40005587_00056.xml,31,härads_rättens_målet_utslaget_dömd
40005587_00069.xml,31,härads_rättens_målet_utslaget_dömd
40005587_00138.xml,1,wittnen_wittnet_berättelse_tagit_sedt
40005587_00221.xml,31,härads_rättens_målet_utslaget_dömd
40005587_00392.xml,31,härads_rättens_målet_utslaget_dömd
40005587_00108.xml,31,härads_rättens_målet_utslaget_dömd
40005587_00032.xml,31,härads_rättens_målet_utslaget_dömd
40005587_00199.xml,12,häradshöfdingen_hofrätten_riddaren_mål_närwarande
40005587_00220.xml,31,härads_rättens_målet_utslaget_dömd
40005587_00111.xml,31,härads_rättens_målet_utslaget_dömd
40005587_00243.xml,31,härads_rättens_målet_utslaget_dömd
40005587_00350.xml,12,häradshöfdingen_hofrätten_riddaren_mål_närwarande
40005587_00314.xml,31,härads_rättens_målet_utslaget_dömd
40005587_00165.xml,31,härads_rättens_målet_utslaget_dömd
40005587_00393.xml,31,härads_rättens_målet_utslaget_dömd
40005587_00213.xml,16,riksdaler_daler_banco_twå_balken
40005587_00250.xml,31,härads_rättens_målet_utslaget_dömd
40005587_00156.xml,31,härads_rättens_målet_utslaget_dömd
40005587_00290.xml,1,wittnen_wittnet_berättelse_tagit_sedt
40005587_00051.xml,31,härads_rättens_målet_utslaget_dömd
40005587_00192.xml,11,namn_undergå_fängelse_bröd_dagars
40005587_00303.xml,31,härads_rättens_målet_utslaget_dömd
40005587_00106.xml,31,härads_rättens_målet_utslaget_dömd
40005587_00348.xml,31,härads_rättens_målet_utslaget_dömd
40005587_00083.xml,12,häradshöfdingen_hofrätten_riddaren_mål_närwarande
40005587_00315.xml,31,härads_rättens_målet_utslaget_dömd
40005587_00026.xml,31,härads_rättens_målet_utslaget_dömd
40005587_00176.xml,31,härads_rättens_målet_utslaget_dömd
40005587_00142.xml,11,namn_undergå_fängelse_bröd_dagars
40005587_00201.xml,26,bevis_vore_enkan_född_vite
40005587_00202.xml,26,bevis_vore_enkan_född_vite
40005587_00059.xml,31,härads_rättens_målet_utslaget_dömd
40005587_00347.xml,31,härads_rättens_målet_utslaget_dömd
40005587_00119.xml,31,härads_rättens_målet_utslaget_dömd
40005587_00039.xml,31,härads_rättens_målet_utslaget_dömd
40005587_00352.xml,31,härads_rättens_målet_utslaget_dömd
40005587_00174.xml,12,häradshöfdingen_hofrätten_riddaren_mål_närwarande
40005587_00216.xml,11,namn_undergå_fängelse_bröd_dagars
40005587_00254.xml,31,härads_rättens_målet_utslaget_dömd
40005587_00054.xml,31,härads_rättens_målet_utslaget_dömd
40005587_00187.xml,31,härads_rättens_målet_utslaget_dömd
40005587_00121.xml,31,härads_rättens_målet_utslaget_dömd
40005587_00082.xml,31,härads_rättens_målet_utslaget_dömd
40005587_00052.xml,31,härads_rättens_målet_utslaget_dömd
40005587_00283.xml,31,härads_rättens_målet_utslaget_dömd
40005587_00287.xml,31,härads_rättens_målet_utslaget_dömd
40005587_00343.xml,12,häradshöfdingen_hofrätten_riddaren_mål_närwarande
40005587_00217.xml,31,härads_rättens_målet_utslaget_dömd
40005587_00090.xml,31,härads_rättens_målet_utslaget_dömd
40005587_00178.xml,12,häradshöfdingen_hofrätten_riddaren_mål_närwarande
40005587_00354.xml,31,härads_rättens_målet_utslaget_dömd
40005587_00261.xml,31,härads_rättens_målet_utslaget_dömd
40005587_00003.xml,12,häradshöfdingen_hofrätten_riddaren_mål_närwarande
40005587_00019.xml,31,härads_rättens_målet_utslaget_dömd
40005587_00372.xml,31,härads_rättens_målet_utslaget_dömd
40005587_00235.xml,1,wittnen_wittnet_berättelse_tagit_sedt
40005587_00041.xml,11,namn_undergå_fängelse_bröd_dagars
40005587_00325.xml,31,härads_rättens_målet_utslaget_dömd
40005587_00182.xml,31,härads_rättens_målet_utslaget_dömd
40005587_00044.xml,31,härads_rättens_målet_utslaget_dömd
40005587_00074.xml,31,härads_rättens_målet_utslaget_dömd
40005587_00004.xml,31,härads_rättens_målet_utslaget_dömd
40005587_00021.xml,1,wittnen_wittnet_berättelse_tagit_sedt
40005587_00155.xml,31,härads_rättens_målet_utslaget_dömd
40005587_00129.xml,31,härads_rättens_målet_utslaget_dömd
40005587_00164.xml,37,talan_afseende_målet_fråga_mål
40005587_00094.xml,31,härads_rättens_målet_utslaget_dömd
40005587_00117.xml,12,häradshöfdingen_hofrätten_riddaren_mål_närwarande
40005587_00148.xml,43,hustru_dotter_hustrus_barn_christina
40005587_00009.xml,31,härads_rättens_målet_utslaget_dömd
40005587_00324.xml,26,bevis_vore_enkan_född_vite
40005587_00189.xml,31,härads_rättens_målet_utslaget_dömd
40005587_00005.xml,31,härads_rättens_målet_utslaget_dömd
40005587_00356.xml,31,härads_rättens_målet_utslaget_dömd
40005587_00131.xml,31,härads_rättens_målet_utslaget_dömd
40005587_00366.xml,12,häradshöfdingen_hofrätten_riddaren_mål_närwarande
40005587_00028.xml,12,häradshöfdingen_hofrätten_riddaren_mål_närwarande
40005587_00340.xml,26,bevis_vore_enkan_född_vite
40005587_00157.xml,31,härads_rättens_målet_utslaget_dömd
40005587_00088.xml,1,wittnen_wittnet_berättelse_tagit_sedt
40005587_00336.xml,31,härads_rättens_målet_utslaget_dömd
40005587_00330.xml,37,talan_afseende_målet_fråga_mål
40005587_00271.xml,31,härads_rättens_målet_utslaget_dömd
40005587_00328.xml,31,härads_rättens_målet_utslaget_dömd
40005587_00124.xml,31,härads_rättens_målet_utslaget_dömd
40005587_00318.xml,31,härads_rättens_målet_utslaget_dömd
40005587_00308.xml,31,härads_rättens_målet_utslaget_dömd
40005587_00071.xml,31,härads_rättens_målet_utslaget_dömd
40005587_00310.xml,31,härads_rättens_målet_utslaget_dömd
40005587_00190.xml,31,härads_rättens_målet_utslaget_dömd
40005587_00301.xml,1,wittnen_wittnet_berättelse_tagit_sedt
40005587_00103.xml,31,härads_rättens_målet_utslaget_dömd
40005587_00033.xml,12,häradshöfdingen_hofrätten_riddaren_mål_närwarande
40005587_00161.xml,1,wittnen_wittnet_berättelse_tagit_sedt
40005587_00360.xml,31,härads_rättens_målet_utslaget_dömd
40005587_00341.xml,26,bevis_vore_enkan_född_vite
40005587_00197.xml,31,härads_rättens_målet_utslaget_dömd
40005587_00023.xml,16,riksdaler_daler_banco_twå_balken
40005587_00212.xml,26,bevis_vore_enkan_född_vite
40005587_00305.xml,16,riksdaler_daler_banco_twå_balken
40005587_00207.xml,31,härads_rättens_målet_utslaget_dömd
40005587_00109.xml,12,häradshöfdingen_hofrätten_riddaren_mål_närwarande
40005587_00154.xml,31,härads_rättens_målet_utslaget_dömd
40005587_00375.xml,26,bevis_vore_enkan_född_vite
40005587_00302.xml,31,härads_rättens_målet_utslaget_dömd
40005587_00060.xml,31,härads_rättens_målet_utslaget_dömd
40005587_00337.xml,12,häradshöfdingen_hofrätten_riddaren_mål_närwarande
40005587_00233.xml,8,sidan_ena_handlingarne_sak_saken
40005587_00206.xml,16,riksdaler_daler_banco_twå_balken
40005587_00145.xml,11,namn_undergå_fängelse_bröd_dagars
40005587_00266.xml,31,härads_rättens_målet_utslaget_dömd
40005587_00345.xml,31,härads_rättens_målet_utslaget_dömd
40005587_00181.xml,31,härads_rättens_målet_utslaget_dömd
40005587_00294.xml,22,tid_års_tiden_utom_anseende
40005587_00388.xml,31,härads_rättens_målet_utslaget_dömd
40005587_00238.xml,31,härads_rättens_målet_utslaget_dömd
40005587_00113.xml,31,härads_rättens_målet_utslaget_dömd
40005587_00304.xml,31,härads_rättens_målet_utslaget_dömd
40005587_00011.xml,31,härads_rättens_målet_utslaget_dömd
40005587_00268.xml,31,härads_rättens_målet_utslaget_dömd
40005587_00183.xml,31,härads_rättens_målet_utslaget_dömd
40005587_00195.xml,31,härads_rättens_målet_utslaget_dömd
40005587_00244.xml,31,härads_rättens_målet_utslaget_dömd
40005587_00306.xml,11,namn_undergå_fängelse_bröd_dagars
40005587_00270.xml,31,härads_rättens_målet_utslaget_dömd
40005587_00285.xml,31,härads_rättens_målet_utslaget_dömd
40005587_00064.xml,31,härads_rättens_målet_utslaget_dömd
40005587_00162.xml,37,talan_afseende_målet_fråga_mål
40005587_00042.xml,31,härads_rättens_målet_utslaget_dömd
40005587_00379.xml,31,härads_rättens_målet_utslaget_dömd
40005587_00097.xml,37,talan_afseende_målet_fråga_mål
40005587_00086.xml,31,härads_rättens_målet_utslaget_dömd
40005587_00128.xml,31,härads_rättens_målet_utslaget_dömd
40005587_00351.xml,16,riksdaler_daler_banco_twå_balken
40005587_00015.xml,1,wittnen_wittnet_berättelse_tagit_sedt
40005587_00386.xml,31,härads_rättens_målet_utslaget_dömd
40005587_00365.xml,31,härads_rättens_målet_utslaget_dömd
40005587_00037.xml,31,härads_rättens_målet_utslaget_dömd
40005587_00338.xml,11,namn_undergå_fängelse_bröd_dagars
40005587_00139.xml,31,härads_rättens_målet_utslaget_dömd
40005587_00385.xml,31,härads_rättens_målet_utslaget_dömd
40005587_00016.xml,31,härads_rättens_målet_utslaget_dömd
40005587_00172.xml,31,härads_rättens_målet_utslaget_dömd
40005587_00363.xml,31,härads_rättens_målet_utslaget_dömd
40005587_00228.xml,31,härads_rättens_målet_utslaget_dömd
40005587_00313.xml,31,härads_rättens_målet_utslaget_dömd
40005587_00300.xml,1,wittnen_wittnet_berättelse_tagit_sedt
40005587_00203.xml,26,bevis_vore_enkan_född_vite
40005587_00096.xml,1,wittnen_wittnet_berättelse_tagit_sedt
40005587_00087.xml,1,wittnen_wittnet_berättelse_tagit_sedt
40005587_00029.xml,31,härads_rättens_målet_utslaget_dömd
40005587_00122.xml,1,wittnen_wittnet_berättelse_tagit_sedt
40005587_00258.xml,31,härads_rättens_målet_utslaget_dömd
40005587_00390.xml,31,härads_rättens_målet_utslaget_dömd
40005587_00114.xml,31,härads_rättens_målet_utslaget_dömd
40005587_00208.xml,43,hustru_dotter_hustrus_barn_christina
40005587_00110.xml,31,härads_rättens_målet_utslaget_dömd
40005587_00278.xml,31,härads_rättens_målet_utslaget_dömd
40005587_00299.xml,1,wittnen_wittnet_berättelse_tagit_sedt
40005587_00166.xml,26,bevis_vore_enkan_född_vite
40005587_00085.xml,31,härads_rättens_målet_utslaget_dömd
40005587_00022.xml,26,bevis_vore_enkan_född_vite
40005587_00361.xml,12,häradshöfdingen_hofrätten_riddaren_mål_närwarande
40005587_00295.xml,13,slag_arbete_slagit_doctor_lif
40005587_00231.xml,16,riksdaler_daler_banco_twå_balken
40005587_00153.xml,31,härads_rättens_målet_utslaget_dömd
40005587_00098.xml,31,härads_rättens_målet_utslaget_dömd
40005587_00274.xml,31,härads_rättens_målet_utslaget_dömd
40005587_00368.xml,31,härads_rättens_målet_utslaget_dömd
40005587_00211.xml,1,wittnen_wittnet_berättelse_tagit_sedt
40005587_00116.xml,37,talan_afseende_målet_fråga_mål
40005587_00346.xml,31,härads_rättens_målet_utslaget_dömd
40005587_00062.xml,31,härads_rättens_målet_utslaget_dömd
40005587_00342.xml,11,namn_undergå_fängelse_bröd_dagars
40005587_00112.xml,31,härads_rättens_målet_utslaget_dömd
40005587_00275.xml,31,härads_rättens_målet_utslaget_dömd
40005587_00038.xml,31,härads_rättens_målet_utslaget_dömd
40005587_00316.xml,12,häradshöfdingen_hofrätten_riddaren_mål_närwarande
40005587_00067.xml,31,härads_rättens_målet_utslaget_dömd
40005587_00025.xml,31,härads_rättens_målet_utslaget_dömd
40005587_00230.xml,16,riksdaler_daler_banco_twå_balken
40005587_00061.xml,31,härads_rättens_målet_utslaget_dömd
40005587_00240.xml,1,wittnen_wittnet_berättelse_tagit_sedt
40005587_00349.xml,12,häradshöfdingen_hofrätten_riddaren_mål_närwarande
40005587_00286.xml,31,härads_rättens_målet_utslaget_dömd
40005587_00282.xml,1,wittnen_wittnet_berättelse_tagit_sedt
40005587_00149.xml,12,häradshöfdingen_hofrätten_riddaren_mål_närwarande
40005587_00137.xml,26,bevis_vore_enkan_född_vite
40005587_00171.xml,31,härads_rättens_målet_utslaget_dömd
40005587_00196.xml,26,bevis_vore_enkan_född_vite
40005587_00374.xml,26,bevis_vore_enkan_född_vite
40005587_00320.xml,12,häradshöfdingen_hofrätten_riddaren_mål_närwarande
40005587_00263.xml,31,härads_rättens_målet_utslaget_dömd
40005587_00225.xml,31,härads_rättens_målet_utslaget_dömd
40005587_00280.xml,31,härads_rättens_målet_utslaget_dömd
40005587_00031.xml,31,härads_rättens_målet_utslaget_dömd
40005587_00222.xml,11,namn_undergå_fängelse_bröd_dagars
40005587_00180.xml,16,riksdaler_daler_banco_twå_balken
40005587_00063.xml,31,härads_rättens_målet_utslaget_dömd
40005587_00260.xml,31,härads_rättens_målet_utslaget_dömd
40005587_00370.xml,26,bevis_vore_enkan_född_vite
40005587_00008.xml,31,härads_rättens_målet_utslaget_dömd
40005587_00236.xml,31,härads_rättens_målet_utslaget_dömd
40005587_00101.xml,31,härads_rättens_målet_utslaget_dömd
40005587_00186.xml,1,wittnen_wittnet_berättelse_tagit_sedt
40005587_00218.xml,12,häradshöfdingen_hofrätten_riddaren_mål_närwarande
40005587_00018.xml,31,härads_rättens_målet_utslaget_dömd
40005587_00007.xml,31,härads_rättens_målet_utslaget_dömd
40005587_00177.xml,31,härads_rättens_målet_utslaget_dömd
40005587_00307.xml,16,riksdaler_daler_banco_twå_balken
40005587_00065.xml,1,wittnen_wittnet_berättelse_tagit_sedt
40005587_00170.xml,31,härads_rättens_målet_utslaget_dömd
40005587_00200.xml,31,härads_rättens_målet_utslaget_dömd
40005587_00048.xml,31,härads_rättens_målet_utslaget_dömd
40005587_00323.xml,31,härads_rättens_målet_utslaget_dömd
40005587_00376.xml,1,wittnen_wittnet_berättelse_tagit_sedt
40005587_00144.xml,11,namn_undergå_fängelse_bröd_dagars
40005587_00241.xml,1,wittnen_wittnet_berättelse_tagit_sedt
40005587_00249.xml,31,härads_rättens_målet_utslaget_dömd
40005587_00382.xml,1,wittnen_wittnet_berättelse_tagit_sedt
40005587_00387.xml,31,härads_rättens_målet_utslaget_dömd
40005587_00127.xml,31,härads_rättens_målet_utslaget_dömd
40005587_00163.xml,16,riksdaler_daler_banco_twå_balken
40005587_00024.xml,12,häradshöfdingen_hofrätten_riddaren_mål_närwarande
40005587_00309.xml,31,härads_rättens_målet_utslaget_dömd
40005587_00040.xml,37,talan_afseende_målet_fråga_mål
40005587_00168.xml,31,härads_rättens_målet_utslaget_dömd
40005587_00333.xml,31,härads_rättens_målet_utslaget_dömd
40005587_00355.xml,31,härads_rättens_målet_utslaget_dömd
40005587_00132.xml,37,talan_afseende_målet_fråga_mål
40005587_00273.xml,31,härads_rättens_målet_utslaget_dömd
40005587_00248.xml,31,härads_rättens_målet_utslaget_dömd
40005587_00269.xml,31,härads_rättens_målet_utslaget_dömd
40005587_00276.xml,31,härads_rättens_målet_utslaget_dömd
40005587_00219.xml,31,härads_rättens_målet_utslaget_dömd
40005587_00010.xml,31,härads_rättens_målet_utslaget_dömd
40005587_00151.xml,31,härads_rättens_målet_utslaget_dömd
40005587_00289.xml,26,bevis_vore_enkan_född_vite
40005587_00125.xml,31,härads_rättens_målet_utslaget_dömd
40005587_00246.xml,26,bevis_vore_enkan_född_vite
40005587_00359.xml,26,bevis_vore_enkan_född_vite
40005587_00173.xml,12,häradshöfdingen_hofrätten_riddaren_mål_närwarande
40005587_00378.xml,26,bevis_vore_enkan_född_vite
40005587_00272.xml,31,härads_rättens_målet_utslaget_dömd
40005587_00050.xml,31,härads_rättens_målet_utslaget_dömd
40005587_00242.xml,31,härads_rättens_målet_utslaget_dömd
40005587_00073.xml,31,härads_rättens_målet_utslaget_dömd
40005587_00335.xml,31,härads_rättens_målet_utslaget_dömd
40005587_00252.xml,31,härads_rättens_målet_utslaget_dömd
40005587_00078.xml,31,härads_rättens_målet_utslaget_dömd
40005587_00143.xml,16,riksdaler_daler_banco_twå_balken
40005587_00045.xml,31,härads_rättens_målet_utslaget_dömd
40005587_00257.xml,31,härads_rättens_målet_utslaget_dömd
40005587_00075.xml,12,häradshöfdingen_hofrätten_riddaren_mål_närwarande
40005587_00353.xml,31,härads_rättens_målet_utslaget_dömd
40005587_00332.xml,31,härads_rättens_målet_utslaget_dömd
40005587_00205.xml,16,riksdaler_daler_banco_twå_balken
40005587_00239.xml,31,härads_rättens_målet_utslaget_dömd
40005587_00068.xml,31,härads_rättens_målet_utslaget_dömd
40005587_00095.xml,37,talan_afseende_målet_fråga_mål
40005587_00339.xml,31,härads_rättens_målet_utslaget_dömd
40005587_00214.xml,11,namn_undergå_fängelse_bröd_dagars
40005587_00066.xml,26,bevis_vore_enkan_född_vite
40005587_00126.xml,31,härads_rättens_målet_utslaget_dömd
40005587_00312.xml,31,härads_rättens_målet_utslaget_dömd
40005587_00321.xml,31,härads_rättens_målet_utslaget_dömd
40005587_00204.xml,26,bevis_vore_enkan_född_vite
40005587_00262.xml,31,härads_rättens_målet_utslaget_dömd
40005587_00020.xml,31,härads_rättens_målet_utslaget_dömd
40005587_00043.xml,37,talan_afseende_målet_fråga_mål
40005587_00265.xml,31,härads_rättens_målet_utslaget_dömd
40005587_00150.xml,31,härads_rättens_målet_utslaget_dömd
40005587_00093.xml,31,härads_rättens_målet_utslaget_dömd
40005587_00210.xml,1,wittnen_wittnet_berättelse_tagit_sedt
40005587_00245.xml,31,härads_rättens_målet_utslaget_dömd
40005587_00185.xml,31,härads_rättens_målet_utslaget_dömd
40005587_00115.xml,31,härads_rättens_målet_utslaget_dömd
40005587_00120.xml,31,härads_rättens_målet_utslaget_dömd
40005587_00344.xml,31,härads_rättens_målet_utslaget_dömd
40005587_00389.xml,26,bevis_vore_enkan_född_vite
40005587_00118.xml,31,härads_rättens_målet_utslaget_dömd
40005587_00255.xml,31,härads_rättens_målet_utslaget_dömd
40005587_00072.xml,31,härads_rättens_målet_utslaget_dömd
40005587_00140.xml,31,härads_rättens_målet_utslaget_dömd
40005587_00130.xml,31,härads_rättens_målet_utslaget_dömd
40005587_00297.xml,1,wittnen_wittnet_berättelse_tagit_sedt
40005587_00099.xml,31,härads_rättens_målet_utslaget_dömd
40005587_00102.xml,31,härads_rättens_målet_utslaget_dömd
40005587_00194.xml,31,härads_rättens_målet_utslaget_dömd
40005587_00030.xml,12,häradshöfdingen_hofrätten_riddaren_mål_närwarande
40005587_00369.xml,31,härads_rättens_målet_utslaget_dömd
40005587_00013.xml,31,härads_rättens_målet_utslaget_dömd
40005587_00247.xml,31,härads_rättens_målet_utslaget_dömd
40005587_00179.xml,31,härads_rättens_målet_utslaget_dömd
40005587_00234.xml,11,namn_undergå_fängelse_bröd_dagars
40005587_00167.xml,31,härads_rättens_målet_utslaget_dömd
40005587_00331.xml,31,härads_rättens_målet_utslaget_dömd
40005587_00358.xml,12,häradshöfdingen_hofrätten_riddaren_mål_närwarande
40005587_00317.xml,31,härads_rättens_målet_utslaget_dömd
40005587_00107.xml,31,härads_rättens_målet_utslaget_dömd
40005587_00079.xml,31,härads_rättens_målet_utslaget_dömd
40005587_00036.xml,31,härads_rättens_målet_utslaget_dömd
40005587_00006.xml,31,härads_rättens_målet_utslaget_dömd
40005587_00135.xml,31,härads_rättens_målet_utslaget_dömd
40005587_00264.xml,31,härads_rättens_målet_utslaget_dömd
40005587_00223.xml,31,härads_rättens_målet_utslaget_dömd
40005587_00288.xml,31,härads_rättens_målet_utslaget_dömd
40005587_00169.xml,31,härads_rättens_målet_utslaget_dömd
40005587_00284.xml,31,härads_rättens_målet_utslaget_dömd
40005587_00326.xml,31,härads_rättens_målet_utslaget_dömd
40005587_00104.xml,1,wittnen_wittnet_berättelse_tagit_sedt
40005587_00256.xml,11,namn_undergå_fängelse_bröd_dagars
40005587_00291.xml,31,härads_rättens_målet_utslaget_dömd
40005587_00134.xml,31,härads_rättens_målet_utslaget_dömd
40005587_00027.xml,31,härads_rättens_målet_utslaget_dömd
40005587_00373.xml,31,härads_rättens_målet_utslaget_dömd
40005587_00253.xml,31,härads_rättens_målet_utslaget_dömd
40005587_00383.xml,31,härads_rättens_målet_utslaget_dömd
40005587_00381.xml,26,bevis_vore_enkan_född_vite
40005587_00237.xml,31,härads_rättens_målet_utslaget_dömd
40005587_00371.xml,37,talan_afseende_målet_fråga_mål
40005587_00391.xml,12,häradshöfdingen_hofrätten_riddaren_mål_närwarande
40005587_00209.xml,31,härads_rättens_målet_utslaget_dömd
40005587_00362.xml,31,härads_rättens_målet_utslaget_dömd
40005587_00046.xml,31,härads_rättens_målet_utslaget_dömd
40005587_00329.xml,31,härads_rättens_målet_utslaget_dömd
40005587_00146.xml,11,namn_undergå_fängelse_bröd_dagars
40005587_00279.xml,11,namn_undergå_fängelse_bröd_dagars
40005587_00080.xml,31,härads_rättens_målet_utslaget_dömd
40005587_00322.xml,31,härads_rättens_målet_utslaget_dömd
40005587_00319.xml,31,härads_rättens_målet_utslaget_dömd
40005587_00367.xml,12,häradshöfdingen_hofrätten_riddaren_mål_närwarande
40005587_00364.xml,31,härads_rättens_målet_utslaget_dömd
40005587_00152.xml,31,härads_rättens_målet_utslaget_dömd
40005587_00292.xml,12,häradshöfdingen_hofrätten_riddaren_mål_närwarande
40005587_00311.xml,31,härads_rättens_målet_utslaget_dömd
40005587_00184.xml,31,härads_rättens_målet_utslaget_dömd
40005587_00017.xml,31,härads_rättens_målet_utslaget_dömd
40005587_00298.xml,1,wittnen_wittnet_berättelse_tagit_sedt
40005587_00380.xml,31,härads_rättens_målet_utslaget_dömd
40005587_00053.xml,31,härads_rättens_målet_utslaget_dömd
40005587_00147.xml,31,härads_rättens_målet_utslaget_dömd
40005587_00259.xml,31,härads_rättens_målet_utslaget_dömd
40005587_00081.xml,31,härads_rättens_målet_utslaget_dömd
40005587_00191.xml,31,härads_rättens_målet_utslaget_dömd
40005587_00034.xml,12,häradshöfdingen_hofrätten_riddaren_mål_närwarande
40005587_00092.xml,37,talan_afseende_målet_fråga_mål
40005587_00035.xml,31,härads_rättens_målet_utslaget_dömd
40005587_00281.xml,1,wittnen_wittnet_berättelse_tagit_sedt
40005587_00070.xml,31,härads_rättens_målet_utslaget_dömd
40005587_00198.xml,12,häradshöfdingen_hofrätten_riddaren_mål_närwarande
40005587_00215.xml,26,bevis_vore_enkan_född_vite
40005587_00227.xml,31,härads_rättens_målet_utslaget_dömd
40005587_00188.xml,31,härads_rättens_målet_utslaget_dömd
40005587_00251.xml,31,härads_rättens_målet_utslaget_dömd
40005587_00232.xml,37,talan_afseende_målet_fråga_mål
40005587_00296.xml,1,wittnen_wittnet_berättelse_tagit_sedt
40005587_00014.xml,31,härads_rättens_målet_utslaget_dömd
40005587_00091.xml,37,talan_afseende_målet_fråga_mål
40005587_00175.xml,11,namn_undergå_fängelse_bröd_dagars
40005587_00334.xml,31,härads_rättens_målet_utslaget_dömd
40005587_00158.xml,12,häradshöfdingen_hofrätten_riddaren_mål_närwarande
40005587_00226.xml,31,härads_rättens_målet_utslaget_dömd
40005587_00123.xml,31,härads_rättens_målet_utslaget_dömd
40005587_00229.xml,11,namn_undergå_fängelse_bröd_dagars
40005587_00159.xml,11,namn_undergå_fängelse_bröd_dagars
40005587_00377.xml,26,bevis_vore_enkan_född_vite
40005587_00047.xml,31,härads_rättens_målet_utslaget_dömd
40005587_00267.xml,31,härads_rättens_målet_utslaget_dömd
40005587_00012.xml,31,härads_rättens_målet_utslaget_dömd
40005587_00058.xml,31,härads_rättens_målet_utslaget_dömd
40005587_00077.xml,37,talan_afseende_målet_fråga_mål
40005587_00136.xml,12,häradshöfdingen_hofrätten_riddaren_mål_närwarande
40005587_00141.xml,11,namn_undergå_fängelse_bröd_dagars
40005587_00193.xml,31,härads_rättens_målet_utslaget_dömd
40005587_00105.xml,31,härads_rättens_målet_utslaget_dömd
40005587_00055.xml,31,härads_rättens_målet_utslaget_dömd
40005587_00224.xml,16,riksdaler_daler_banco_twå_balken
40005587_00100.xml,31,härads_rättens_målet_utslaget_dömd
40005587_00357.xml,31,härads_rättens_målet_utslaget_dömd
40005587_00057.xml,31,härads_rättens_målet_utslaget_dömd
40005587_00160.xml,31,härads_rättens_målet_utslaget_dömd
40005587_00049.xml,31,härads_rättens_målet_utslaget_dömd
40005587_00327.xml,31,härads_rättens_målet_utslaget_dömd
40005587_00084.xml,31,härads_rättens_målet_utslaget_dömd
40005587_00089.xml,26,bevis_vore_enkan_född_vite
40005587_00384.xml,31,härads_rättens_målet_utslaget_dömd
40005587_00277.xml,31,härads_rättens_målet_utslaget_dömd
40005587_00076.xml,31,härads_rättens_målet_utslaget_dömd
40005587_00293.xml,26,bevis_vore_enkan_född_vite
40005587_00133.xml,31,härads_rättens_målet_utslaget_dömd
A0067447_00233.xml,7,hemman_hemmanet_ägor_jord_skatte
A0067447_00244.xml,22,tid_års_tiden_utom_anseende
A0067447_00315.xml,17,bergs_ting_påstående_bruks_käranden
A0067447_00311.xml,17,bergs_ting_påstående_bruks_käranden
A0067447_00337.xml,17,bergs_ting_påstående_bruks_käranden
A0067447_00265.xml,22,tid_års_tiden_utom_anseende
A0067447_00182.xml,17,bergs_ting_påstående_bruks_käranden
A0067447_00187.xml,17,bergs_ting_påstående_bruks_käranden
A0067447_00272.xml,17,bergs_ting_påstående_bruks_käranden
A0067447_00085.xml,17,bergs_ting_påstående_bruks_käranden
A0067447_00034.xml,17,bergs_ting_påstående_bruks_käranden
A0067447_00366.xml,1,wittnen_wittnet_berättelse_tagit_sedt
A0067447_00380.xml,17,bergs_ting_påstående_bruks_käranden
A0067447_00387.xml,22,tid_års_tiden_utom_anseende
A0067447_00038.xml,17,bergs_ting_påstående_bruks_käranden
A0067447_00320.xml,17,bergs_ting_påstående_bruks_käranden
A0067447_00159.xml,17,bergs_ting_påstående_bruks_käranden
A0067447_00328.xml,17,bergs_ting_påstående_bruks_käranden
A0067447_00055.xml,17,bergs_ting_påstående_bruks_käranden
A0067447_00152.xml,17,bergs_ting_påstående_bruks_käranden
A0067447_00072.xml,17,bergs_ting_påstående_bruks_käranden
A0067447_00280.xml,22,tid_års_tiden_utom_anseende
A0067447_00405.xml,17,bergs_ting_påstående_bruks_käranden
A0067447_00213.xml,35,ränta_fordran_räkning_betalning_skuld
A0067447_00039.xml,17,bergs_ting_påstående_bruks_käranden
A0067447_00209.xml,17,bergs_ting_påstående_bruks_käranden
A0067447_00325.xml,17,bergs_ting_påstående_bruks_käranden
A0067447_00108.xml,17,bergs_ting_påstående_bruks_käranden
A0067447_00140.xml,17,bergs_ting_påstående_bruks_käranden
A0067447_00212.xml,17,bergs_ting_påstående_bruks_käranden
A0067447_00144.xml,1,wittnen_wittnet_berättelse_tagit_sedt
A0067447_00208.xml,22,tid_års_tiden_utom_anseende
A0067447_00331.xml,17,bergs_ting_påstående_bruks_käranden
A0067447_00170.xml,17,bergs_ting_påstående_bruks_käranden
A0067447_00246.xml,22,tid_års_tiden_utom_anseende
A0067447_00279.xml,17,bergs_ting_påstående_bruks_käranden
A0067447_00228.xml,17,bergs_ting_påstående_bruks_käranden
A0067447_00146.xml,35,ränta_fordran_räkning_betalning_skuld
A0067447_00307.xml,17,bergs_ting_påstående_bruks_käranden
A0067447_00415.xml,46,transport_bord_gamla_diverse_lod
A0067447_00231.xml,22,tid_års_tiden_utom_anseende
A0067447_00368.xml,17,bergs_ting_påstående_bruks_käranden
A0067447_00191.xml,17,bergs_ting_påstående_bruks_käranden
A0067447_00317.xml,17,bergs_ting_påstående_bruks_käranden
A0067447_00338.xml,21,måns_worden_samuel_bergz_smeden
A0067447_00154.xml,1,wittnen_wittnet_berättelse_tagit_sedt
A0067447_00267.xml,17,bergs_ting_påstående_bruks_käranden
A0067447_00257.xml,17,bergs_ting_påstående_bruks_käranden
A0067447_00349.xml,17,bergs_ting_påstående_bruks_käranden
A0067447_00145.xml,17,bergs_ting_påstående_bruks_käranden
A0067447_00063.xml,17,bergs_ting_påstående_bruks_käranden
A0067447_00251.xml,17,bergs_ting_påstående_bruks_käranden
A0067447_00059.xml,17,bergs_ting_påstående_bruks_käranden
A0067447_00201.xml,17,bergs_ting_påstående_bruks_käranden
A0067447_00161.xml,17,bergs_ting_påstående_bruks_käranden
A0067447_00196.xml,17,bergs_ting_påstående_bruks_käranden
A0067447_00076.xml,17,bergs_ting_påstående_bruks_käranden
A0067447_00071.xml,17,bergs_ting_påstående_bruks_käranden
A0067447_00326.xml,17,bergs_ting_påstående_bruks_käranden
A0067447_00024.xml,22,tid_års_tiden_utom_anseende
A0067447_00242.xml,17,bergs_ting_påstående_bruks_käranden
A0067447_00150.xml,17,bergs_ting_påstående_bruks_käranden
A0067447_00147.xml,17,bergs_ting_påstående_bruks_käranden
A0067447_00056.xml,17,bergs_ting_påstående_bruks_käranden
A0067447_00124.xml,22,tid_års_tiden_utom_anseende
A0067447_00179.xml,17,bergs_ting_påstående_bruks_käranden
A0067447_00217.xml,17,bergs_ting_påstående_bruks_käranden
A0067447_00041.xml,17,bergs_ting_påstående_bruks_käranden
A0067447_00048.xml,17,bergs_ting_påstående_bruks_käranden
A0067447_00203.xml,17,bergs_ting_påstående_bruks_käranden
A0067447_00054.xml,22,tid_års_tiden_utom_anseende
A0067447_00087.xml,17,bergs_ting_påstående_bruks_käranden
A0067447_00060.xml,17,bergs_ting_påstående_bruks_käranden
A0067447_00227.xml,17,bergs_ting_påstående_bruks_käranden
A0067447_00220.xml,35,ränta_fordran_räkning_betalning_skuld
A0067447_00020.xml,17,bergs_ting_påstående_bruks_käranden
A0067447_00234.xml,22,tid_års_tiden_utom_anseende
A0067447_00232.xml,35,ränta_fordran_räkning_betalning_skuld
A0067447_00137.xml,17,bergs_ting_påstående_bruks_käranden
A0067447_00296.xml,22,tid_års_tiden_utom_anseende
A0067447_00218.xml,17,bergs_ting_påstående_bruks_käranden
A0067447_00306.xml,17,bergs_ting_påstående_bruks_käranden
A0067447_00100.xml,12,häradshöfdingen_hofrätten_riddaren_mål_närwarande
A0067447_00062.xml,17,bergs_ting_påstående_bruks_käranden
A0067447_00162.xml,17,bergs_ting_påstående_bruks_käranden
A0067447_00073.xml,22,tid_års_tiden_utom_anseende
A0067447_00067.xml,17,bergs_ting_påstående_bruks_käranden
A0067447_00400.xml,17,bergs_ting_påstående_bruks_käranden
A0067447_00139.xml,17,bergs_ting_påstående_bruks_käranden
A0067447_00023.xml,17,bergs_ting_påstående_bruks_käranden
A0067447_00357.xml,17,bergs_ting_påstående_bruks_käranden
A0067447_00015.xml,17,bergs_ting_påstående_bruks_käranden
A0067447_00030.xml,17,bergs_ting_påstående_bruks_käranden
A0067447_00068.xml,17,bergs_ting_påstående_bruks_käranden
A0067447_00284.xml,17,bergs_ting_påstående_bruks_käranden
A0067447_00278.xml,1,wittnen_wittnet_berättelse_tagit_sedt
A0067447_00351.xml,17,bergs_ting_påstående_bruks_käranden
A0067447_00352.xml,17,bergs_ting_påstående_bruks_käranden
A0067447_00166.xml,17,bergs_ting_påstående_bruks_käranden
A0067447_00200.xml,17,bergs_ting_påstående_bruks_käranden
A0067447_00365.xml,1,wittnen_wittnet_berättelse_tagit_sedt
A0067447_00282.xml,17,bergs_ting_påstående_bruks_käranden
A0067447_00167.xml,17,bergs_ting_påstående_bruks_käranden
A0067447_00225.xml,17,bergs_ting_påstående_bruks_käranden
A0067447_00408.xml,17,bergs_ting_påstående_bruks_käranden
A0067447_00273.xml,17,bergs_ting_påstående_bruks_käranden
A0067447_00204.xml,17,bergs_ting_påstående_bruks_käranden
A0067447_00121.xml,17,bergs_ting_påstående_bruks_käranden
A0067447_00300.xml,17,bergs_ting_påstående_bruks_käranden
A0067447_00106.xml,22,tid_års_tiden_utom_anseende
A0067447_00148.xml,17,bergs_ting_påstående_bruks_käranden
A0067447_00289.xml,17,bergs_ting_påstående_bruks_käranden
A0067447_00206.xml,17,bergs_ting_påstående_bruks_käranden
A0067447_00384.xml,17,bergs_ting_påstående_bruks_käranden
A0067447_00077.xml,22,tid_års_tiden_utom_anseende
A0067447_00292.xml,17,bergs_ting_påstående_bruks_käranden
A0067447_00098.xml,22,tid_års_tiden_utom_anseende
A0067447_00344.xml,21,måns_worden_samuel_bergz_smeden
A0067447_00223.xml,17,bergs_ting_påstående_bruks_käranden
A0067447_00360.xml,22,tid_års_tiden_utom_anseende
A0067447_00168.xml,17,bergs_ting_påstående_bruks_käranden
A0067447_00097.xml,22,tid_års_tiden_utom_anseende
A0067447_00239.xml,21,måns_worden_samuel_bergz_smeden
A0067447_00240.xml,30,lieutenanten_capitainen_borgmästaren_enka_borgenärer
A0067447_00314.xml,17,bergs_ting_påstående_bruks_käranden
A0067447_00029.xml,17,bergs_ting_påstående_bruks_käranden
A0067447_00392.xml,17,bergs_ting_påstående_bruks_käranden
A0067447_00079.xml,17,bergs_ting_påstående_bruks_käranden
A0067447_00414.xml,22,tid_års_tiden_utom_anseende
A0067447_00395.xml,17,bergs_ting_påstående_bruks_käranden
A0067447_00186.xml,17,bergs_ting_påstående_bruks_käranden
A0067447_00119.xml,17,bergs_ting_påstående_bruks_käranden
A0067447_00011.xml,35,ränta_fordran_räkning_betalning_skuld
A0067447_00172.xml,17,bergs_ting_påstående_bruks_käranden
A0067447_00283.xml,22,tid_års_tiden_utom_anseende
A0067447_00134.xml,35,ränta_fordran_räkning_betalning_skuld
A0067447_00394.xml,17,bergs_ting_påstående_bruks_käranden
A0067447_00018.xml,17,bergs_ting_påstående_bruks_käranden
A0067447_00156.xml,1,wittnen_wittnet_berättelse_tagit_sedt
A0067447_00053.xml,17,bergs_ting_påstående_bruks_käranden
A0067447_00133.xml,17,bergs_ting_påstående_bruks_käranden
A0067447_00334.xml,45,huset_lagmannen_jöran_boende_doom
A0067447_00185.xml,17,bergs_ting_påstående_bruks_käranden
A0067447_00354.xml,35,ränta_fordran_räkning_betalning_skuld
A0067447_00210.xml,17,bergs_ting_påstående_bruks_käranden
A0067447_00101.xml,21,måns_worden_samuel_bergz_smeden
A0067447_00373.xml,17,bergs_ting_påstående_bruks_käranden
A0067447_00025.xml,22,tid_års_tiden_utom_anseende
A0067447_00113.xml,17,bergs_ting_påstående_bruks_käranden
A0067447_00057.xml,37,talan_afseende_målet_fråga_mål
A0067447_00199.xml,22,tid_års_tiden_utom_anseende
A0067447_00189.xml,17,bergs_ting_påstående_bruks_käranden
A0067447_00386.xml,17,bergs_ting_påstående_bruks_käranden
A0067447_00164.xml,17,bergs_ting_påstående_bruks_käranden
A0067447_00261.xml,17,bergs_ting_påstående_bruks_käranden
A0067447_00350.xml,35,ränta_fordran_räkning_betalning_skuld
A0067447_00285.xml,35,ränta_fordran_räkning_betalning_skuld
A0067447_00104.xml,22,tid_års_tiden_utom_anseende
A0067447_00266.xml,17,bergs_ting_påstående_bruks_käranden
A0067447_00207.xml,17,bergs_ting_påstående_bruks_käranden
A0067447_00271.xml,17,bergs_ting_påstående_bruks_käranden
A0067447_00022.xml,17,bergs_ting_påstående_bruks_käranden
A0067447_00126.xml,17,bergs_ting_påstående_bruks_käranden
A0067447_00375.xml,17,bergs_ting_påstående_bruks_käranden
A0067447_00276.xml,17,bergs_ting_påstående_bruks_käranden
A0067447_00399.xml,17,bergs_ting_påstående_bruks_käranden
A0067447_00398.xml,17,bergs_ting_påstående_bruks_käranden
A0067447_00327.xml,22,tid_års_tiden_utom_anseende
A0067447_00088.xml,17,bergs_ting_påstående_bruks_käranden
A0067447_00346.xml,30,lieutenanten_capitainen_borgmästaren_enka_borgenärer
A0067447_00193.xml,17,bergs_ting_påstående_bruks_käranden
A0067447_00013.xml,17,bergs_ting_påstående_bruks_käranden
A0067447_00313.xml,12,häradshöfdingen_hofrätten_riddaren_mål_närwarande
A0067447_00252.xml,17,bergs_ting_påstående_bruks_käranden
A0067447_00045.xml,22,tid_års_tiden_utom_anseende
A0067447_00130.xml,22,tid_års_tiden_utom_anseende
A0067447_00061.xml,17,bergs_ting_påstående_bruks_käranden
A0067447_00290.xml,17,bergs_ting_påstående_bruks_käranden
A0067447_00178.xml,17,bergs_ting_påstående_bruks_käranden
A0067447_00044.xml,17,bergs_ting_påstående_bruks_käranden
A0067447_00309.xml,17,bergs_ting_påstående_bruks_käranden
A0067447_00138.xml,17,bergs_ting_påstående_bruks_käranden
A0067447_00177.xml,22,tid_års_tiden_utom_anseende
A0067447_00216.xml,17,bergs_ting_påstående_bruks_käranden
A0067447_00348.xml,17,bergs_ting_påstående_bruks_käranden
A0067447_00112.xml,17,bergs_ting_påstående_bruks_käranden
A0067447_00091.xml,17,bergs_ting_påstående_bruks_käranden
A0067447_00149.xml,17,bergs_ting_påstående_bruks_käranden
A0067447_00046.xml,17,bergs_ting_påstående_bruks_käranden
A0067447_00163.xml,17,bergs_ting_påstående_bruks_käranden
A0067447_00281.xml,22,tid_års_tiden_utom_anseende
A0067447_00198.xml,17,bergs_ting_påstående_bruks_käranden
A0067447_00286.xml,17,bergs_ting_påstående_bruks_käranden
A0067447_00253.xml,17,bergs_ting_påstående_bruks_käranden
A0067447_00081.xml,22,tid_års_tiden_utom_anseende
A0067447_00169.xml,17,bergs_ting_påstående_bruks_käranden
A0067447_00407.xml,17,bergs_ting_påstående_bruks_käranden
A0067447_00299.xml,17,bergs_ting_påstående_bruks_käranden
A0067447_00028.xml,17,bergs_ting_påstående_bruks_käranden
A0067447_00385.xml,17,bergs_ting_påstående_bruks_käranden
A0067447_00381.xml,17,bergs_ting_påstående_bruks_käranden
A0067447_00312.xml,22,tid_års_tiden_utom_anseende
A0067447_00377.xml,17,bergs_ting_påstående_bruks_käranden
A0067447_00064.xml,17,bergs_ting_påstående_bruks_käranden
A0067447_00371.xml,17,bergs_ting_påstående_bruks_käranden
A0067447_00066.xml,17,bergs_ting_påstående_bruks_käranden
A0067447_00117.xml,17,bergs_ting_påstående_bruks_käranden
A0067447_00111.xml,17,bergs_ting_påstående_bruks_käranden
A0067447_00343.xml,21,måns_worden_samuel_bergz_smeden
A0067447_00412.xml,17,bergs_ting_påstående_bruks_käranden
A0067447_00211.xml,17,bergs_ting_påstående_bruks_käranden
A0067447_00047.xml,17,bergs_ting_påstående_bruks_käranden
A0067447_00105.xml,22,tid_års_tiden_utom_anseende
A0067447_00016.xml,17,bergs_ting_påstående_bruks_käranden
A0067447_00263.xml,17,bergs_ting_påstående_bruks_käranden
A0067447_00132.xml,17,bergs_ting_påstående_bruks_käranden
A0067447_00180.xml,17,bergs_ting_påstående_bruks_käranden
A0067447_00107.xml,22,tid_års_tiden_utom_anseende
A0067447_00165.xml,17,bergs_ting_påstående_bruks_käranden
A0067447_00247.xml,22,tid_års_tiden_utom_anseende
A0067447_00035.xml,17,bergs_ting_påstående_bruks_käranden
A0067447_00135.xml,35,ränta_fordran_räkning_betalning_skuld
A0067447_00007.xml,17,bergs_ting_påstående_bruks_käranden
A0067447_00258.xml,17,bergs_ting_påstående_bruks_käranden
A0067447_00318.xml,17,bergs_ting_påstående_bruks_käranden
A0067447_00369.xml,17,bergs_ting_påstående_bruks_käranden
A0067447_00103.xml,28,summa_betalt_interesse_specie_penningar
A0067447_00270.xml,17,bergs_ting_påstående_bruks_käranden
A0067447_00238.xml,21,måns_worden_samuel_bergz_smeden
A0067447_00288.xml,17,bergs_ting_påstående_bruks_käranden
A0067447_00297.xml,17,bergs_ting_påstående_bruks_käranden
A0067447_00409.xml,17,bergs_ting_påstående_bruks_käranden
A0067447_00226.xml,17,bergs_ting_påstående_bruks_käranden
A0067447_00250.xml,17,bergs_ting_påstående_bruks_käranden
A0067447_00277.xml,17,bergs_ting_påstående_bruks_käranden
A0067447_00123.xml,17,bergs_ting_påstående_bruks_käranden
A0067447_00202.xml,17,bergs_ting_påstående_bruks_käranden
A0067447_00374.xml,17,bergs_ting_påstående_bruks_käranden
A0067447_00262.xml,17,bergs_ting_påstående_bruks_käranden
A0067447_00364.xml,1,wittnen_wittnet_berättelse_tagit_sedt
A0067447_00065.xml,17,bergs_ting_påstående_bruks_käranden
A0067447_00184.xml,17,bergs_ting_påstående_bruks_käranden
A0067447_00302.xml,17,bergs_ting_påstående_bruks_käranden
A0067447_00012.xml,17,bergs_ting_påstående_bruks_käranden
A0067447_00293.xml,17,bergs_ting_påstående_bruks_käranden
A0067447_00378.xml,17,bergs_ting_påstående_bruks_käranden
A0067447_00411.xml,17,bergs_ting_påstående_bruks_käranden
A0067447_00031.xml,17,bergs_ting_påstående_bruks_käranden
A0067447_00214.xml,22,tid_års_tiden_utom_anseende
A0067447_00310.xml,17,bergs_ting_påstående_bruks_käranden
A0067447_00402.xml,17,bergs_ting_påstående_bruks_käranden
A0067447_00404.xml,17,bergs_ting_påstående_bruks_käranden
A0067447_00082.xml,17,bergs_ting_påstående_bruks_käranden
A0067447_00370.xml,17,bergs_ting_påstående_bruks_käranden
A0067447_00173.xml,1,wittnen_wittnet_berättelse_tagit_sedt
A0067447_00301.xml,17,bergs_ting_påstående_bruks_käranden
A0067447_00269.xml,17,bergs_ting_påstående_bruks_käranden
A0067447_00078.xml,17,bergs_ting_påstående_bruks_käranden
A0067447_00319.xml,17,bergs_ting_påstående_bruks_käranden
A0067447_00241.xml,22,tid_års_tiden_utom_anseende
A0067447_00026.xml,17,bergs_ting_påstående_bruks_käranden
A0067447_00308.xml,17,bergs_ting_påstående_bruks_käranden
A0067447_00021.xml,17,bergs_ting_påstående_bruks_käranden
A0067447_00237.xml,12,häradshöfdingen_hofrätten_riddaren_mål_närwarande
A0067447_00129.xml,17,bergs_ting_påstående_bruks_käranden
A0067447_00049.xml,17,bergs_ting_påstående_bruks_käranden
A0067447_00171.xml,17,bergs_ting_påstående_bruks_käranden
A0067447_00340.xml,21,måns_worden_samuel_bergz_smeden
A0067447_00017.xml,35,ränta_fordran_räkning_betalning_skuld
A0067447_00093.xml,22,tid_års_tiden_utom_anseende
A0067447_00401.xml,17,bergs_ting_påstående_bruks_käranden
A0067447_00406.xml,17,bergs_ting_påstående_bruks_käranden
A0067447_00229.xml,22,tid_års_tiden_utom_anseende
A0067447_00353.xml,17,bergs_ting_påstående_bruks_käranden
A0067447_00356.xml,17,bergs_ting_påstående_bruks_käranden
A0067447_00050.xml,17,bergs_ting_påstående_bruks_käranden
A0067447_00099.xml,17,bergs_ting_påstående_bruks_käranden
A0067447_00235.xml,22,tid_års_tiden_utom_anseende
A0067447_00358.xml,17,bergs_ting_påstående_bruks_käranden
A0067447_00131.xml,17,bergs_ting_påstående_bruks_käranden
A0067447_00052.xml,17,bergs_ting_påstående_bruks_käranden
A0067447_00254.xml,22,tid_års_tiden_utom_anseende
A0067447_00160.xml,17,bergs_ting_påstående_bruks_käranden
A0067447_00256.xml,17,bergs_ting_påstående_bruks_käranden
A0067447_00224.xml,17,bergs_ting_påstående_bruks_käranden
A0067447_00102.xml,17,bergs_ting_påstående_bruks_käranden
A0067447_00291.xml,17,bergs_ting_påstående_bruks_käranden
A0067447_00335.xml,17,bergs_ting_påstående_bruks_käranden
A0067447_00264.xml,17,bergs_ting_påstående_bruks_käranden
A0067447_00042.xml,17,bergs_ting_påstående_bruks_käranden
A0067447_00321.xml,17,bergs_ting_påstående_bruks_käranden
A0067447_00221.xml,17,bergs_ting_påstående_bruks_käranden
A0067447_00074.xml,17,bergs_ting_påstående_bruks_käranden
A0067447_00260.xml,17,bergs_ting_påstående_bruks_käranden
A0067447_00390.xml,17,bergs_ting_påstående_bruks_käranden
A0067447_00361.xml,17,bergs_ting_påstående_bruks_käranden
A0067447_00295.xml,17,bergs_ting_påstående_bruks_käranden
A0067447_00153.xml,17,bergs_ting_påstående_bruks_käranden
A0067447_00345.xml,21,måns_worden_samuel_bergz_smeden
A0067447_00243.xml,22,tid_års_tiden_utom_anseende
A0067447_00115.xml,37,talan_afseende_målet_fråga_mål
A0067447_00391.xml,17,bergs_ting_påstående_bruks_käranden
A0067447_00413.xml,17,bergs_ting_påstående_bruks_käranden
A0067447_00298.xml,17,bergs_ting_påstående_bruks_käranden
A0067447_00083.xml,17,bergs_ting_påstående_bruks_käranden
A0067447_00040.xml,17,bergs_ting_påstående_bruks_käranden
A0067447_00332.xml,17,bergs_ting_påstående_bruks_käranden
A0067447_00330.xml,17,bergs_ting_påstående_bruks_käranden
A0067447_00359.xml,17,bergs_ting_påstående_bruks_käranden
A0067447_00136.xml,35,ränta_fordran_räkning_betalning_skuld
A0067447_00388.xml,17,bergs_ting_påstående_bruks_käranden
A0067447_00316.xml,17,bergs_ting_påstående_bruks_käranden
A0067447_00094.xml,22,tid_års_tiden_utom_anseende
A0067447_00110.xml,17,bergs_ting_påstående_bruks_käranden
A0067447_00155.xml,17,bergs_ting_påstående_bruks_käranden
A0067447_00027.xml,17,bergs_ting_påstående_bruks_käranden
A0067447_00376.xml,1,wittnen_wittnet_berättelse_tagit_sedt
A0067447_00190.xml,17,bergs_ting_påstående_bruks_käranden
A0067447_00194.xml,17,bergs_ting_påstående_bruks_käranden
A0067447_00122.xml,17,bergs_ting_påstående_bruks_käranden
A0067447_00043.xml,17,bergs_ting_påstående_bruks_käranden
A0067447_00069.xml,17,bergs_ting_påstående_bruks_käranden
A0067447_00058.xml,17,bergs_ting_påstående_bruks_käranden
A0067447_00142.xml,17,bergs_ting_påstående_bruks_käranden
A0067447_00205.xml,17,bergs_ting_påstående_bruks_käranden
A0067447_00259.xml,17,bergs_ting_påstående_bruks_käranden
A0067447_00037.xml,17,bergs_ting_påstående_bruks_käranden
A0067447_00379.xml,17,bergs_ting_påstående_bruks_käranden
A0067447_00324.xml,17,bergs_ting_påstående_bruks_käranden
A0067447_00249.xml,17,bergs_ting_påstående_bruks_käranden
A0067447_00114.xml,17,bergs_ting_påstående_bruks_käranden
A0067447_00128.xml,17,bergs_ting_påstående_bruks_käranden
A0067447_00342.xml,21,måns_worden_samuel_bergz_smeden
A0067447_00287.xml,35,ränta_fordran_räkning_betalning_skuld
A0067447_00183.xml,17,bergs_ting_påstående_bruks_käranden
A0067447_00109.xml,17,bergs_ting_påstående_bruks_käranden
A0067447_00274.xml,17,bergs_ting_påstående_bruks_käranden
A0067447_00393.xml,22,tid_års_tiden_utom_anseende
A0067447_00333.xml,17,bergs_ting_påstående_bruks_käranden
A0067447_00174.xml,22,tid_års_tiden_utom_anseende
A0067447_00195.xml,17,bergs_ting_påstående_bruks_käranden
A0067447_00141.xml,17,bergs_ting_påstående_bruks_käranden
A0067447_00157.xml,17,bergs_ting_påstående_bruks_käranden
A0067447_00347.xml,30,lieutenanten_capitainen_borgmästaren_enka_borgenärer
A0067447_00033.xml,22,tid_års_tiden_utom_anseende
A0067447_00188.xml,17,bergs_ting_påstående_bruks_käranden
A0067447_00019.xml,17,bergs_ting_påstående_bruks_käranden
A0067447_00222.xml,17,bergs_ting_påstående_bruks_käranden
A0067447_00036.xml,17,bergs_ting_påstående_bruks_käranden
A0067447_00304.xml,17,bergs_ting_påstående_bruks_käranden
A0067447_00341.xml,21,måns_worden_samuel_bergz_smeden
A0067447_00095.xml,22,tid_års_tiden_utom_anseende
A0067447_00245.xml,17,bergs_ting_påstående_bruks_käranden
A0067447_00355.xml,17,bergs_ting_påstående_bruks_käranden
A0067447_00090.xml,17,bergs_ting_påstående_bruks_käranden
A0067447_00275.xml,17,bergs_ting_påstående_bruks_käranden
A0067447_00175.xml,17,bergs_ting_påstående_bruks_käranden
A0067447_00248.xml,35,ränta_fordran_räkning_betalning_skuld
A0067447_00382.xml,17,bergs_ting_påstående_bruks_käranden
A0067447_00092.xml,22,tid_års_tiden_utom_anseende
A0067447_00397.xml,17,bergs_ting_påstående_bruks_käranden
A0067447_00116.xml,17,bergs_ting_påstående_bruks_käranden
A0067447_00305.xml,17,bergs_ting_påstående_bruks_käranden
A0067447_00389.xml,17,bergs_ting_påstående_bruks_käranden
A0067447_00303.xml,17,bergs_ting_påstående_bruks_käranden
A0067447_00080.xml,17,bergs_ting_påstående_bruks_käranden
A0067447_00403.xml,17,bergs_ting_påstående_bruks_käranden
A0067447_00181.xml,17,bergs_ting_påstående_bruks_käranden
A0067447_00372.xml,1,wittnen_wittnet_berättelse_tagit_sedt
A0067447_00014.xml,17,bergs_ting_påstående_bruks_käranden
A0067447_00197.xml,35,ränta_fordran_räkning_betalning_skuld
A0067447_00294.xml,17,bergs_ting_påstående_bruks_käranden
A0067447_00383.xml,17,bergs_ting_påstående_bruks_käranden
A0067447_00096.xml,22,tid_års_tiden_utom_anseende
A0067447_00006.xml,17,bergs_ting_påstående_bruks_käranden
A0067447_00362.xml,17,bergs_ting_påstående_bruks_käranden
A0067447_00143.xml,17,bergs_ting_påstående_bruks_käranden
A0067447_00070.xml,17,bergs_ting_påstående_bruks_käranden
A0067447_00339.xml,21,måns_worden_samuel_bergz_smeden
A0067447_00367.xml,1,wittnen_wittnet_berättelse_tagit_sedt
A0067447_00230.xml,17,bergs_ting_påstående_bruks_käranden
A0067447_00268.xml,17,bergs_ting_påstående_bruks_käranden
A0067447_00118.xml,35,ränta_fordran_räkning_betalning_skuld
A0067447_00009.xml,21,måns_worden_samuel_bergz_smeden
A0067447_00363.xml,17,bergs_ting_påstående_bruks_käranden
A0067447_00032.xml,17,bergs_ting_påstående_bruks_käranden
A0067447_00051.xml,17,bergs_ting_påstående_bruks_käranden
A0067447_00329.xml,17,bergs_ting_påstående_bruks_käranden
A0067447_00255.xml,17,bergs_ting_påstående_bruks_käranden
A0067447_00010.xml,21,måns_worden_samuel_bergz_smeden
A0067447_00075.xml,17,bergs_ting_påstående_bruks_käranden
A0067447_00215.xml,22,tid_års_tiden_utom_anseende
A0067447_00125.xml,17,bergs_ting_påstående_bruks_käranden
A0067447_00086.xml,17,bergs_ting_påstående_bruks_käranden
A0067447_00219.xml,22,tid_års_tiden_utom_anseende
A0067447_00120.xml,17,bergs_ting_påstående_bruks_käranden
A0067447_00396.xml,35,ränta_fordran_räkning_betalning_skuld
A0067447_00151.xml,17,bergs_ting_påstående_bruks_käranden
A0067447_00176.xml,17,bergs_ting_påstående_bruks_käranden
A0067447_00410.xml,17,bergs_ting_påstående_bruks_käranden
A0067447_00084.xml,17,bergs_ting_påstående_bruks_käranden
A0067447_00158.xml,17,bergs_ting_påstående_bruks_käranden
A0067447_00089.xml,17,bergs_ting_påstående_bruks_käranden
A0067447_00127.xml,17,bergs_ting_påstående_bruks_käranden
A0067447_00192.xml,17,bergs_ting_påstående_bruks_käranden
A0067447_00008.xml,22,tid_års_tiden_utom_anseende
A0067422_00297.xml,19,åhrs_wedh_utj_wed_äre
A0067422_01003.xml,19,åhrs_wedh_utj_wed_äre
A0067422_00936.xml,19,åhrs_wedh_utj_wed_äre
A0067422_00479.xml,25,hofrätten_rådstufwu_pröfwar_följe_anseende
A0067422_00509.xml,19,åhrs_wedh_utj_wed_äre
A0067422_00331.xml,19,åhrs_wedh_utj_wed_äre
A0067422_00770.xml,19,åhrs_wedh_utj_wed_äre
A0067422_00953.xml,19,åhrs_wedh_utj_wed_äre
A0067422_00575.xml,28,summa_betalt_interesse_specie_penningar
A0067422_00945.xml,21,måns_worden_samuel_bergz_smeden
A0067422_00068.xml,19,åhrs_wedh_utj_wed_äre
A0067422_00294.xml,17,bergs_ting_påstående_bruks_käranden
A0067422_00739.xml,37,talan_afseende_målet_fråga_mål
A0067422_00590.xml,25,hofrätten_rådstufwu_pröfwar_följe_anseende
A0067422_00879.xml,19,åhrs_wedh_utj_wed_äre
A0067422_00313.xml,19,åhrs_wedh_utj_wed_äre
A0067422_00137.xml,19,åhrs_wedh_utj_wed_äre
A0067422_00236.xml,19,åhrs_wedh_utj_wed_äre
A0067422_00926.xml,19,åhrs_wedh_utj_wed_äre
A0067422_00379.xml,19,åhrs_wedh_utj_wed_äre
A0067422_01048.xml,22,tid_års_tiden_utom_anseende
A0067422_00259.xml,19,åhrs_wedh_utj_wed_äre
A0067422_00839.xml,35,ränta_fordran_räkning_betalning_skuld
A0067422_00760.xml,22,tid_års_tiden_utom_anseende
A0067422_00138.xml,10,will_willia_ähre_gudh_saken
A0067422_00511.xml,19,åhrs_wedh_utj_wed_äre
A0067422_00801.xml,19,åhrs_wedh_utj_wed_äre
A0067422_00752.xml,19,åhrs_wedh_utj_wed_äre
A0067422_00452.xml,29,swarade_domb_inspectoren_dehl_straxt
A0067422_00720.xml,19,åhrs_wedh_utj_wed_äre
A0067422_00565.xml,19,åhrs_wedh_utj_wed_äre
A0067422_00047.xml,19,åhrs_wedh_utj_wed_äre
A0067422_00638.xml,19,åhrs_wedh_utj_wed_äre
A0067422_00709.xml,19,åhrs_wedh_utj_wed_äre
A0067422_00364.xml,19,åhrs_wedh_utj_wed_äre
A0067422_00427.xml,25,hofrätten_rådstufwu_pröfwar_följe_anseende
A0067422_00365.xml,19,åhrs_wedh_utj_wed_äre
A0067422_00243.xml,19,åhrs_wedh_utj_wed_äre
A0067422_00162.xml,19,åhrs_wedh_utj_wed_äre
A0067422_00634.xml,19,åhrs_wedh_utj_wed_äre
A0067422_01055.xml,19,åhrs_wedh_utj_wed_äre
A0067422_00759.xml,22,tid_års_tiden_utom_anseende
A0067422_00194.xml,19,åhrs_wedh_utj_wed_äre
A0067422_00405.xml,1,wittnen_wittnet_berättelse_tagit_sedt
A0067422_00501.xml,19,åhrs_wedh_utj_wed_äre
A0067422_00430.xml,22,tid_års_tiden_utom_anseende
A0067422_00111.xml,19,åhrs_wedh_utj_wed_äre
A0067422_00067.xml,19,åhrs_wedh_utj_wed_äre
A0067422_00312.xml,19,åhrs_wedh_utj_wed_äre
A0067422_00351.xml,19,åhrs_wedh_utj_wed_äre
A0067422_00891.xml,10,will_willia_ähre_gudh_saken
A0067422_00902.xml,19,åhrs_wedh_utj_wed_äre
A0067422_00278.xml,22,tid_års_tiden_utom_anseende
A0067422_00825.xml,35,ränta_fordran_räkning_betalning_skuld
A0067422_00178.xml,19,åhrs_wedh_utj_wed_äre
A0067422_00618.xml,19,åhrs_wedh_utj_wed_äre
A0067422_00668.xml,22,tid_års_tiden_utom_anseende
A0067422_00916.xml,19,åhrs_wedh_utj_wed_äre
A0067422_00776.xml,19,åhrs_wedh_utj_wed_äre
A0067422_00052.xml,0,rättens_lagmans_resolution_saken_måhl
A0067422_00381.xml,19,åhrs_wedh_utj_wed_äre
A0067422_00987.xml,19,åhrs_wedh_utj_wed_äre
A0067422_00622.xml,6,gången_grufwe_wijd_decembr_nästkommande
A0067422_00823.xml,22,tid_års_tiden_utom_anseende
A0067422_00346.xml,19,åhrs_wedh_utj_wed_äre
A0067422_00728.xml,1,wittnen_wittnet_berättelse_tagit_sedt
A0067422_00265.xml,19,åhrs_wedh_utj_wed_äre
A0067422_00378.xml,19,åhrs_wedh_utj_wed_äre
A0067422_00102.xml,10,will_willia_ähre_gudh_saken
A0067422_00453.xml,25,hofrätten_rådstufwu_pröfwar_följe_anseende
A0067422_00148.xml,19,åhrs_wedh_utj_wed_äre
A0067422_00324.xml,17,bergs_ting_påstående_bruks_käranden
A0067422_01002.xml,17,bergs_ting_påstående_bruks_käranden
A0067422_01028.xml,19,åhrs_wedh_utj_wed_äre
A0067422_00174.xml,19,åhrs_wedh_utj_wed_äre
A0067422_00517.xml,19,åhrs_wedh_utj_wed_äre
A0067422_00090.xml,29,swarade_domb_inspectoren_dehl_straxt
A0067422_00601.xml,22,tid_års_tiden_utom_anseende
A0067422_00924.xml,19,åhrs_wedh_utj_wed_äre
A0067422_00743.xml,0,rättens_lagmans_resolution_saken_måhl
A0067422_00125.xml,49,gården_malm_gård_mårten_gårdh
A0067422_00413.xml,19,åhrs_wedh_utj_wed_äre
A0067422_01012.xml,9,öre_may_nembl_hustro_breff
A0067422_00929.xml,19,åhrs_wedh_utj_wed_äre
A0067422_00697.xml,19,åhrs_wedh_utj_wed_äre
A0067422_00635.xml,17,bergs_ting_påstående_bruks_käranden
A0067422_00991.xml,21,måns_worden_samuel_bergz_smeden
A0067422_00904.xml,19,åhrs_wedh_utj_wed_äre
A0067422_00027.xml,19,åhrs_wedh_utj_wed_äre
A0067422_00628.xml,19,åhrs_wedh_utj_wed_äre
A0067422_00919.xml,19,åhrs_wedh_utj_wed_äre
A0067422_00561.xml,25,hofrätten_rådstufwu_pröfwar_följe_anseende
A0067422_00249.xml,19,åhrs_wedh_utj_wed_äre
A0067422_00433.xml,28,summa_betalt_interesse_specie_penningar
A0067422_00307.xml,10,will_willia_ähre_gudh_saken
A0067422_00508.xml,19,åhrs_wedh_utj_wed_äre
A0067422_00450.xml,10,will_willia_ähre_gudh_saken
A0067422_00935.xml,22,tid_års_tiden_utom_anseende
A0067422_00141.xml,19,åhrs_wedh_utj_wed_äre
A0067422_00560.xml,1,wittnen_wittnet_berättelse_tagit_sedt
A0067422_00978.xml,21,måns_worden_samuel_bergz_smeden
A0067422_00498.xml,10,will_willia_ähre_gudh_saken
A0067422_00882.xml,19,åhrs_wedh_utj_wed_äre
A0067422_00651.xml,1,wittnen_wittnet_berättelse_tagit_sedt
A0067422_00012.xml,19,åhrs_wedh_utj_wed_äre
A0067422_00198.xml,19,åhrs_wedh_utj_wed_äre
A0067422_00373.xml,19,åhrs_wedh_utj_wed_äre
A0067422_00034.xml,19,åhrs_wedh_utj_wed_äre
A0067422_00497.xml,19,åhrs_wedh_utj_wed_äre
A0067422_00118.xml,14,skog_skogen_mark_grefve_östra
A0067422_00845.xml,0,rättens_lagmans_resolution_saken_måhl
A0067422_00800.xml,22,tid_års_tiden_utom_anseende
A0067422_01021.xml,10,will_willia_ähre_gudh_saken
A0067422_00750.xml,19,åhrs_wedh_utj_wed_äre
A0067422_00740.xml,19,åhrs_wedh_utj_wed_äre
A0067422_00207.xml,19,åhrs_wedh_utj_wed_äre
A0067422_00447.xml,22,tid_års_tiden_utom_anseende
A0067422_00836.xml,19,åhrs_wedh_utj_wed_äre
A0067422_00890.xml,10,will_willia_ähre_gudh_saken
A0067422_00155.xml,10,will_willia_ähre_gudh_saken
A0067422_00591.xml,19,åhrs_wedh_utj_wed_äre
A0067422_01017.xml,17,bergs_ting_påstående_bruks_käranden
A0067422_00967.xml,19,åhrs_wedh_utj_wed_äre
A0067422_00654.xml,19,åhrs_wedh_utj_wed_äre
A0067422_00352.xml,10,will_willia_ähre_gudh_saken
A0067422_00092.xml,19,åhrs_wedh_utj_wed_äre
A0067422_00472.xml,29,swarade_domb_inspectoren_dehl_straxt
A0067422_00028.xml,19,åhrs_wedh_utj_wed_äre
A0067422_00145.xml,19,åhrs_wedh_utj_wed_äre
A0067422_01027.xml,19,åhrs_wedh_utj_wed_äre
A0067422_00529.xml,19,åhrs_wedh_utj_wed_äre
A0067422_00703.xml,19,åhrs_wedh_utj_wed_äre
A0067422_00335.xml,0,rättens_lagmans_resolution_saken_måhl
A0067422_00566.xml,10,will_willia_ähre_gudh_saken
A0067422_00855.xml,19,åhrs_wedh_utj_wed_äre
A0067422_00805.xml,22,tid_års_tiden_utom_anseende
A0067422_00567.xml,19,åhrs_wedh_utj_wed_äre
A0067422_00190.xml,19,åhrs_wedh_utj_wed_äre
A0067422_00868.xml,19,åhrs_wedh_utj_wed_äre
A0067422_01009.xml,19,åhrs_wedh_utj_wed_äre
A0067422_00421.xml,10,will_willia_ähre_gudh_saken
A0067422_00597.xml,19,åhrs_wedh_utj_wed_äre
A0067422_00328.xml,19,åhrs_wedh_utj_wed_äre
A0067422_00677.xml,19,åhrs_wedh_utj_wed_äre
A0067422_00803.xml,19,åhrs_wedh_utj_wed_äre
A0067422_00290.xml,10,will_willia_ähre_gudh_saken
A0067422_00375.xml,19,åhrs_wedh_utj_wed_äre
A0067422_00401.xml,29,swarade_domb_inspectoren_dehl_straxt
A0067422_00896.xml,21,måns_worden_samuel_bergz_smeden
A0067422_00185.xml,19,åhrs_wedh_utj_wed_äre
A0067422_00802.xml,19,åhrs_wedh_utj_wed_äre
A0067422_00549.xml,19,åhrs_wedh_utj_wed_äre
A0067422_00596.xml,19,åhrs_wedh_utj_wed_äre
A0067422_00964.xml,19,åhrs_wedh_utj_wed_äre
A0067422_00790.xml,28,summa_betalt_interesse_specie_penningar
A0067422_00860.xml,19,åhrs_wedh_utj_wed_äre
A0067422_00993.xml,0,rättens_lagmans_resolution_saken_måhl
A0067422_00428.xml,19,åhrs_wedh_utj_wed_äre
A0067422_00227.xml,19,åhrs_wedh_utj_wed_äre
A0067422_00775.xml,19,åhrs_wedh_utj_wed_äre
A0067422_00977.xml,10,will_willia_ähre_gudh_saken
A0067422_00659.xml,17,bergs_ting_påstående_bruks_käranden
A0067422_00674.xml,19,åhrs_wedh_utj_wed_äre
A0067422_00267.xml,19,åhrs_wedh_utj_wed_äre
A0067422_00359.xml,19,åhrs_wedh_utj_wed_äre
A0067422_00241.xml,19,åhrs_wedh_utj_wed_äre
A0067422_01037.xml,19,åhrs_wedh_utj_wed_äre
A0067422_00944.xml,19,åhrs_wedh_utj_wed_äre
A0067422_00355.xml,19,åhrs_wedh_utj_wed_äre
A0067422_00620.xml,22,tid_års_tiden_utom_anseende
A0067422_00486.xml,17,bergs_ting_påstående_bruks_käranden
A0067422_00726.xml,19,åhrs_wedh_utj_wed_äre
A0067422_00928.xml,25,hofrätten_rådstufwu_pröfwar_följe_anseende
A0067422_00898.xml,19,åhrs_wedh_utj_wed_äre
A0067422_00599.xml,19,åhrs_wedh_utj_wed_äre
A0067422_00233.xml,19,åhrs_wedh_utj_wed_äre
A0067422_00982.xml,19,åhrs_wedh_utj_wed_äre
A0067422_00735.xml,19,åhrs_wedh_utj_wed_äre
A0067422_00369.xml,10,will_willia_ähre_gudh_saken
A0067422_00669.xml,0,rättens_lagmans_resolution_saken_måhl
A0067422_00663.xml,10,will_willia_ähre_gudh_saken
A0067422_00514.xml,19,åhrs_wedh_utj_wed_äre
A0067422_00524.xml,19,åhrs_wedh_utj_wed_äre
A0067422_01032.xml,19,åhrs_wedh_utj_wed_äre
A0067422_00423.xml,19,åhrs_wedh_utj_wed_äre
A0067422_00587.xml,22,tid_års_tiden_utom_anseende
A0067422_00272.xml,19,åhrs_wedh_utj_wed_äre
A0067422_00334.xml,19,åhrs_wedh_utj_wed_äre
A0067422_00768.xml,10,will_willia_ähre_gudh_saken
A0067422_00831.xml,19,åhrs_wedh_utj_wed_äre
A0067422_00812.xml,19,åhrs_wedh_utj_wed_äre
A0067422_00445.xml,10,will_willia_ähre_gudh_saken
A0067422_00746.xml,19,åhrs_wedh_utj_wed_äre
A0067422_01022.xml,19,åhrs_wedh_utj_wed_äre
A0067422_00143.xml,19,åhrs_wedh_utj_wed_äre
A0067422_00115.xml,19,åhrs_wedh_utj_wed_äre
A0067422_00096.xml,29,swarade_domb_inspectoren_dehl_straxt
A0067422_00104.xml,19,åhrs_wedh_utj_wed_äre
A0067422_00179.xml,19,åhrs_wedh_utj_wed_äre
A0067422_00010.xml,19,åhrs_wedh_utj_wed_äre
A0067422_00804.xml,22,tid_års_tiden_utom_anseende
A0067422_01004.xml,19,åhrs_wedh_utj_wed_äre
A0067422_00237.xml,19,åhrs_wedh_utj_wed_äre
A0067422_00696.xml,25,hofrätten_rådstufwu_pröfwar_följe_anseende
A0067422_00792.xml,22,tid_års_tiden_utom_anseende
A0067422_00724.xml,17,bergs_ting_påstående_bruks_käranden
A0067422_00383.xml,19,åhrs_wedh_utj_wed_äre
A0067422_00848.xml,19,åhrs_wedh_utj_wed_äre
A0067422_00758.xml,22,tid_års_tiden_utom_anseende
A0067422_00550.xml,16,riksdaler_daler_banco_twå_balken
A0067422_00208.xml,19,åhrs_wedh_utj_wed_äre
A0067422_00318.xml,17,bergs_ting_påstående_bruks_käranden
A0067422_00261.xml,22,tid_års_tiden_utom_anseende
A0067422_00912.xml,19,åhrs_wedh_utj_wed_äre
A0067422_00767.xml,1,wittnen_wittnet_berättelse_tagit_sedt
A0067422_00088.xml,19,åhrs_wedh_utj_wed_äre
A0067422_00679.xml,10,will_willia_ähre_gudh_saken
A0067422_00305.xml,19,åhrs_wedh_utj_wed_äre
A0067422_00984.xml,19,åhrs_wedh_utj_wed_äre
A0067422_00907.xml,17,bergs_ting_påstående_bruks_käranden
A0067422_00409.xml,19,åhrs_wedh_utj_wed_äre
A0067422_00856.xml,19,åhrs_wedh_utj_wed_äre
A0067422_00540.xml,10,will_willia_ähre_gudh_saken
A0067422_00888.xml,6,gången_grufwe_wijd_decembr_nästkommande
A0067422_01041.xml,29,swarade_domb_inspectoren_dehl_straxt
A0067422_00108.xml,49,gården_malm_gård_mårten_gårdh
A0067422_00238.xml,19,åhrs_wedh_utj_wed_äre
A0067422_00018.xml,19,åhrs_wedh_utj_wed_äre
A0067422_00437.xml,22,tid_års_tiden_utom_anseende
A0067422_01025.xml,19,åhrs_wedh_utj_wed_äre
A0067422_00519.xml,19,åhrs_wedh_utj_wed_äre
A0067422_00063.xml,1,wittnen_wittnet_berättelse_tagit_sedt
A0067422_00262.xml,35,ränta_fordran_räkning_betalning_skuld
A0067422_00903.xml,22,tid_års_tiden_utom_anseende
A0067422_00734.xml,19,åhrs_wedh_utj_wed_äre
A0067422_00983.xml,19,åhrs_wedh_utj_wed_äre
A0067422_00558.xml,17,bergs_ting_påstående_bruks_käranden
A0067422_00931.xml,19,åhrs_wedh_utj_wed_äre
A0067422_00781.xml,1,wittnen_wittnet_berättelse_tagit_sedt
A0067422_00107.xml,29,swarade_domb_inspectoren_dehl_straxt
A0067422_00678.xml,19,åhrs_wedh_utj_wed_äre
A0067422_00350.xml,26,bevis_vore_enkan_född_vite
A0067422_00480.xml,1,wittnen_wittnet_berättelse_tagit_sedt
A0067422_00972.xml,19,åhrs_wedh_utj_wed_äre
A0067422_00009.xml,19,åhrs_wedh_utj_wed_äre
A0067422_00184.xml,19,åhrs_wedh_utj_wed_äre
A0067422_00956.xml,10,will_willia_ähre_gudh_saken
A0067422_00722.xml,17,bergs_ting_påstående_bruks_käranden
A0067422_00990.xml,22,tid_års_tiden_utom_anseende
A0067422_00344.xml,19,åhrs_wedh_utj_wed_äre
A0067422_00725.xml,19,åhrs_wedh_utj_wed_äre
A0067422_00113.xml,19,åhrs_wedh_utj_wed_äre
A0067422_00989.xml,1,wittnen_wittnet_berättelse_tagit_sedt
A0067422_01030.xml,19,åhrs_wedh_utj_wed_äre
A0067422_00580.xml,22,tid_års_tiden_utom_anseende
A0067422_01015.xml,17,bergs_ting_påstående_bruks_käranden
A0067422_01036.xml,19,åhrs_wedh_utj_wed_äre
A0067422_00345.xml,10,will_willia_ähre_gudh_saken
A0067422_00077.xml,19,åhrs_wedh_utj_wed_äre
A0067422_00038.xml,10,will_willia_ähre_gudh_saken
A0067422_00274.xml,1,wittnen_wittnet_berättelse_tagit_sedt
A0067422_00783.xml,1,wittnen_wittnet_berättelse_tagit_sedt
A0067422_00120.xml,10,will_willia_ähre_gudh_saken
A0067422_00110.xml,49,gården_malm_gård_mårten_gårdh
A0067422_00653.xml,19,åhrs_wedh_utj_wed_äre
A0067422_00853.xml,22,tid_års_tiden_utom_anseende
A0067422_00471.xml,21,måns_worden_samuel_bergz_smeden
A0067422_00962.xml,10,will_willia_ähre_gudh_saken
A0067422_00980.xml,18,sahl_samme_hlr_sub_post
A0067422_00721.xml,25,hofrätten_rådstufwu_pröfwar_följe_anseende
A0067422_00253.xml,19,åhrs_wedh_utj_wed_äre
A0067422_00615.xml,10,will_willia_ähre_gudh_saken
A0067422_00031.xml,19,åhrs_wedh_utj_wed_äre
A0067422_00874.xml,10,will_willia_ähre_gudh_saken
A0067422_00295.xml,49,gården_malm_gård_mårten_gårdh
A0067422_01011.xml,21,måns_worden_samuel_bergz_smeden
A0067422_00163.xml,19,åhrs_wedh_utj_wed_äre
A0067422_00711.xml,19,åhrs_wedh_utj_wed_äre
A0067422_00947.xml,19,åhrs_wedh_utj_wed_äre
A0067422_00884.xml,19,åhrs_wedh_utj_wed_äre
A0067422_00026.xml,29,swarade_domb_inspectoren_dehl_straxt
A0067422_00197.xml,19,åhrs_wedh_utj_wed_äre
A0067422_00332.xml,19,åhrs_wedh_utj_wed_äre
A0067422_01042.xml,19,åhrs_wedh_utj_wed_äre
A0067422_00808.xml,19,åhrs_wedh_utj_wed_äre
A0067422_00650.xml,10,will_willia_ähre_gudh_saken
A0067422_00613.xml,19,åhrs_wedh_utj_wed_äre
A0067422_00473.xml,19,åhrs_wedh_utj_wed_äre
A0067422_00817.xml,19,åhrs_wedh_utj_wed_äre
A0067422_00714.xml,19,åhrs_wedh_utj_wed_äre
A0067422_00317.xml,17,bergs_ting_påstående_bruks_käranden
A0067422_00358.xml,19,åhrs_wedh_utj_wed_äre
A0067422_00820.xml,19,åhrs_wedh_utj_wed_äre
A0067422_00992.xml,18,sahl_samme_hlr_sub_post
A0067422_00414.xml,19,åhrs_wedh_utj_wed_äre
A0067422_00611.xml,10,will_willia_ähre_gudh_saken
A0067422_00329.xml,19,åhrs_wedh_utj_wed_äre
A0067422_00260.xml,19,åhrs_wedh_utj_wed_äre
A0067422_00167.xml,19,åhrs_wedh_utj_wed_äre
A0067422_00996.xml,19,åhrs_wedh_utj_wed_äre
A0067422_00564.xml,19,åhrs_wedh_utj_wed_äre
A0067422_00023.xml,19,åhrs_wedh_utj_wed_äre
A0067422_00485.xml,47,jern_koppar_tunnor_kohl_tunna
A0067422_00652.xml,19,åhrs_wedh_utj_wed_äre
A0067422_00467.xml,1,wittnen_wittnet_berättelse_tagit_sedt
A0067422_01031.xml,19,åhrs_wedh_utj_wed_äre
A0067422_00787.xml,19,åhrs_wedh_utj_wed_äre
A0067422_00570.xml,19,åhrs_wedh_utj_wed_äre
A0067422_00583.xml,19,åhrs_wedh_utj_wed_äre
A0067422_01034.xml,28,summa_betalt_interesse_specie_penningar
A0067422_00708.xml,10,will_willia_ähre_gudh_saken
A0067422_00277.xml,19,åhrs_wedh_utj_wed_äre
A0067422_00917.xml,22,tid_års_tiden_utom_anseende
A0067422_01043.xml,22,tid_års_tiden_utom_anseende
A0067422_00333.xml,19,åhrs_wedh_utj_wed_äre
A0067422_00069.xml,19,åhrs_wedh_utj_wed_äre
A0067422_00172.xml,19,åhrs_wedh_utj_wed_äre
A0067422_00240.xml,19,åhrs_wedh_utj_wed_äre
A0067422_00105.xml,29,swarade_domb_inspectoren_dehl_straxt
A0067422_00129.xml,19,åhrs_wedh_utj_wed_äre
A0067422_00079.xml,19,åhrs_wedh_utj_wed_äre
A0067422_00042.xml,19,åhrs_wedh_utj_wed_äre
A0067422_00930.xml,19,åhrs_wedh_utj_wed_äre
A0067422_00245.xml,19,åhrs_wedh_utj_wed_äre
A0067422_00059.xml,19,åhrs_wedh_utj_wed_äre
A0067422_00557.xml,19,åhrs_wedh_utj_wed_äre
A0067422_00899.xml,17,bergs_ting_påstående_bruks_käranden
A0067422_00942.xml,19,åhrs_wedh_utj_wed_äre
A0067422_00128.xml,10,will_willia_ähre_gudh_saken
A0067422_00544.xml,22,tid_års_tiden_utom_anseende
A0067422_00694.xml,22,tid_års_tiden_utom_anseende
A0067422_00007.xml,19,åhrs_wedh_utj_wed_äre
A0067422_00863.xml,10,will_willia_ähre_gudh_saken
A0067422_00940.xml,19,åhrs_wedh_utj_wed_äre
A0067422_00578.xml,28,summa_betalt_interesse_specie_penningar
A0067422_00749.xml,19,åhrs_wedh_utj_wed_äre
A0067422_00673.xml,1,wittnen_wittnet_berättelse_tagit_sedt
A0067422_00442.xml,10,will_willia_ähre_gudh_saken
A0067422_00716.xml,19,åhrs_wedh_utj_wed_äre
A0067422_00380.xml,19,åhrs_wedh_utj_wed_äre
A0067422_00556.xml,19,åhrs_wedh_utj_wed_äre
A0067422_00475.xml,22,tid_års_tiden_utom_anseende
A0067422_00598.xml,0,rättens_lagmans_resolution_saken_måhl
A0067422_01033.xml,19,åhrs_wedh_utj_wed_äre
A0067422_00525.xml,0,rättens_lagmans_resolution_saken_måhl
A0067422_00794.xml,19,åhrs_wedh_utj_wed_äre
A0067422_00796.xml,22,tid_års_tiden_utom_anseende
A0067422_00683.xml,0,rättens_lagmans_resolution_saken_måhl
A0067422_00774.xml,17,bergs_ting_påstående_bruks_käranden
A0067422_00029.xml,19,åhrs_wedh_utj_wed_äre
A0067422_00219.xml,0,rättens_lagmans_resolution_saken_måhl
A0067422_00732.xml,19,åhrs_wedh_utj_wed_äre
A0067422_00020.xml,19,åhrs_wedh_utj_wed_äre
A0067422_00032.xml,19,åhrs_wedh_utj_wed_äre
A0067422_00412.xml,19,åhrs_wedh_utj_wed_äre
A0067422_00483.xml,0,rättens_lagmans_resolution_saken_måhl
A0067422_00754.xml,19,åhrs_wedh_utj_wed_äre
A0067422_00098.xml,19,åhrs_wedh_utj_wed_äre
A0067422_00632.xml,35,ränta_fordran_räkning_betalning_skuld
A0067422_00827.xml,21,måns_worden_samuel_bergz_smeden
A0067422_00204.xml,19,åhrs_wedh_utj_wed_äre
A0067422_00146.xml,19,åhrs_wedh_utj_wed_äre
A0067422_00139.xml,19,åhrs_wedh_utj_wed_äre
A0067422_00693.xml,19,åhrs_wedh_utj_wed_äre
A0067422_00900.xml,21,måns_worden_samuel_bergz_smeden
A0067422_00154.xml,19,åhrs_wedh_utj_wed_äre
A0067422_00336.xml,19,åhrs_wedh_utj_wed_äre
A0067422_00850.xml,19,åhrs_wedh_utj_wed_äre
A0067422_00399.xml,1,wittnen_wittnet_berättelse_tagit_sedt
A0067422_00091.xml,19,åhrs_wedh_utj_wed_äre
A0067422_00254.xml,19,åhrs_wedh_utj_wed_äre
A0067422_00516.xml,19,åhrs_wedh_utj_wed_äre
A0067422_00206.xml,19,åhrs_wedh_utj_wed_äre
A0067422_00085.xml,19,åhrs_wedh_utj_wed_äre
A0067422_00492.xml,19,åhrs_wedh_utj_wed_äre
A0067422_00747.xml,22,tid_års_tiden_utom_anseende
A0067422_00122.xml,19,åhrs_wedh_utj_wed_äre
A0067422_00270.xml,10,will_willia_ähre_gudh_saken
A0067422_00081.xml,19,åhrs_wedh_utj_wed_äre
A0067422_00435.xml,19,åhrs_wedh_utj_wed_äre
A0067422_00878.xml,19,åhrs_wedh_utj_wed_äre
A0067422_00593.xml,22,tid_års_tiden_utom_anseende
A0067422_00321.xml,1,wittnen_wittnet_berättelse_tagit_sedt
A0067422_00103.xml,19,åhrs_wedh_utj_wed_äre
A0067422_00617.xml,10,will_willia_ähre_gudh_saken
A0067422_00302.xml,19,åhrs_wedh_utj_wed_äre
A0067422_00619.xml,19,åhrs_wedh_utj_wed_äre
A0067422_00441.xml,28,summa_betalt_interesse_specie_penningar
A0067422_00948.xml,10,will_willia_ähre_gudh_saken
A0067422_00016.xml,19,åhrs_wedh_utj_wed_äre
A0067422_00420.xml,1,wittnen_wittnet_berättelse_tagit_sedt
A0067422_00488.xml,22,tid_års_tiden_utom_anseende
A0067422_00224.xml,19,åhrs_wedh_utj_wed_äre
A0067422_00180.xml,0,rättens_lagmans_resolution_saken_måhl
A0067422_00777.xml,28,summa_betalt_interesse_specie_penningar
A0067422_00217.xml,19,åhrs_wedh_utj_wed_äre
A0067422_00838.xml,17,bergs_ting_påstående_bruks_käranden
A0067422_00214.xml,19,åhrs_wedh_utj_wed_äre
A0067422_00585.xml,22,tid_års_tiden_utom_anseende
A0067422_00835.xml,10,will_willia_ähre_gudh_saken
A0067422_00266.xml,17,bergs_ting_påstående_bruks_käranden
A0067422_01035.xml,19,åhrs_wedh_utj_wed_äre
A0067422_00449.xml,10,will_willia_ähre_gudh_saken
A0067422_00908.xml,35,ränta_fordran_räkning_betalning_skuld
A0067422_00789.xml,10,will_willia_ähre_gudh_saken
A0067422_00353.xml,19,åhrs_wedh_utj_wed_äre
A0067422_00481.xml,10,will_willia_ähre_gudh_saken
A0067422_00592.xml,22,tid_års_tiden_utom_anseende
A0067422_00641.xml,22,tid_års_tiden_utom_anseende
A0067422_00950.xml,19,åhrs_wedh_utj_wed_äre
A0067422_01026.xml,22,tid_års_tiden_utom_anseende
A0067422_00872.xml,10,will_willia_ähre_gudh_saken
A0067422_00854.xml,19,åhrs_wedh_utj_wed_äre
A0067422_00816.xml,19,åhrs_wedh_utj_wed_äre
A0067422_00432.xml,19,åhrs_wedh_utj_wed_äre
A0067422_00837.xml,19,åhrs_wedh_utj_wed_äre
A0067422_00829.xml,19,åhrs_wedh_utj_wed_äre
A0067422_00523.xml,19,åhrs_wedh_utj_wed_äre
A0067422_00280.xml,29,swarade_domb_inspectoren_dehl_straxt
A0067422_01040.xml,22,tid_års_tiden_utom_anseende
A0067422_01052.xml,22,tid_års_tiden_utom_anseende
A0067422_00388.xml,22,tid_års_tiden_utom_anseende
A0067422_00045.xml,10,will_willia_ähre_gudh_saken
A0067422_00608.xml,19,åhrs_wedh_utj_wed_äre
A0067422_00645.xml,0,rättens_lagmans_resolution_saken_måhl
A0067422_00799.xml,48,person_karl_thomas_fattige_isaac
A0067422_00394.xml,10,will_willia_ähre_gudh_saken
A0067422_00258.xml,19,åhrs_wedh_utj_wed_äre
A0067422_00702.xml,19,åhrs_wedh_utj_wed_äre
A0067422_00021.xml,19,åhrs_wedh_utj_wed_äre
A0067422_00099.xml,19,åhrs_wedh_utj_wed_äre
A0067422_00629.xml,19,åhrs_wedh_utj_wed_äre
A0067422_00478.xml,19,åhrs_wedh_utj_wed_äre
A0067422_00779.xml,19,åhrs_wedh_utj_wed_äre
A0067422_00798.xml,0,rättens_lagmans_resolution_saken_måhl
A0067422_00840.xml,22,tid_års_tiden_utom_anseende
A0067422_00223.xml,19,åhrs_wedh_utj_wed_äre
A0067422_00521.xml,19,åhrs_wedh_utj_wed_äre
A0067422_00078.xml,10,will_willia_ähre_gudh_saken
A0067422_00828.xml,19,åhrs_wedh_utj_wed_äre
A0067422_00582.xml,22,tid_års_tiden_utom_anseende
A0067422_00049.xml,19,åhrs_wedh_utj_wed_äre
A0067422_00385.xml,19,åhrs_wedh_utj_wed_äre
A0067422_00841.xml,19,åhrs_wedh_utj_wed_äre
A0067422_00612.xml,10,will_willia_ähre_gudh_saken
A0067422_01051.xml,19,åhrs_wedh_utj_wed_äre
A0067422_00975.xml,19,åhrs_wedh_utj_wed_äre
A0067422_00229.xml,29,swarade_domb_inspectoren_dehl_straxt
A0067422_00849.xml,19,åhrs_wedh_utj_wed_äre
A0067422_00639.xml,17,bergs_ting_påstående_bruks_käranden
A0067422_00589.xml,19,åhrs_wedh_utj_wed_äre
A0067422_00706.xml,19,åhrs_wedh_utj_wed_äre
A0067422_00704.xml,19,åhrs_wedh_utj_wed_äre
A0067422_00913.xml,22,tid_års_tiden_utom_anseende
A0067422_00548.xml,19,åhrs_wedh_utj_wed_äre
A0067422_01010.xml,28,summa_betalt_interesse_specie_penningar
A0067422_01044.xml,19,åhrs_wedh_utj_wed_äre
A0067422_00406.xml,22,tid_års_tiden_utom_anseende
A0067422_00246.xml,19,åhrs_wedh_utj_wed_äre
A0067422_00772.xml,10,will_willia_ähre_gudh_saken
A0067422_00920.xml,22,tid_års_tiden_utom_anseende
A0067422_00528.xml,19,åhrs_wedh_utj_wed_äre
A0067422_00400.xml,1,wittnen_wittnet_berättelse_tagit_sedt
A0067422_00320.xml,19,åhrs_wedh_utj_wed_äre
A0067422_00671.xml,19,åhrs_wedh_utj_wed_äre
A0067422_00995.xml,19,åhrs_wedh_utj_wed_äre
A0067422_00158.xml,19,åhrs_wedh_utj_wed_äre
A0067422_00387.xml,19,åhrs_wedh_utj_wed_äre
A0067422_00339.xml,10,will_willia_ähre_gudh_saken
A0067422_00418.xml,22,tid_års_tiden_utom_anseende
A0067422_00867.xml,22,tid_års_tiden_utom_anseende
A0067422_00527.xml,19,åhrs_wedh_utj_wed_äre
A0067422_00875.xml,19,åhrs_wedh_utj_wed_äre
A0067422_00756.xml,19,åhrs_wedh_utj_wed_äre
A0067422_00189.xml,14,skog_skogen_mark_grefve_östra
A0067422_00106.xml,49,gården_malm_gård_mårten_gårdh
A0067422_00745.xml,19,åhrs_wedh_utj_wed_äre
A0067422_00231.xml,19,åhrs_wedh_utj_wed_äre
A0067422_00588.xml,10,will_willia_ähre_gudh_saken
A0067422_00354.xml,19,åhrs_wedh_utj_wed_äre
A0067422_00476.xml,10,will_willia_ähre_gudh_saken
A0067422_00915.xml,19,åhrs_wedh_utj_wed_äre
A0067422_00846.xml,22,tid_års_tiden_utom_anseende
A0067422_01020.xml,19,åhrs_wedh_utj_wed_äre
A0067422_00862.xml,19,åhrs_wedh_utj_wed_äre
A0067422_00264.xml,10,will_willia_ähre_gudh_saken
A0067422_00443.xml,10,will_willia_ähre_gudh_saken
A0067422_00751.xml,19,åhrs_wedh_utj_wed_äre
A0067422_00232.xml,29,swarade_domb_inspectoren_dehl_straxt
A0067422_00130.xml,21,måns_worden_samuel_bergz_smeden
A0067422_00510.xml,19,åhrs_wedh_utj_wed_äre
A0067422_00633.xml,22,tid_års_tiden_utom_anseende
A0067422_00434.xml,19,åhrs_wedh_utj_wed_äre
A0067422_00712.xml,19,åhrs_wedh_utj_wed_äre
A0067422_00395.xml,19,åhrs_wedh_utj_wed_äre
A0067422_00296.xml,1,wittnen_wittnet_berättelse_tagit_sedt
A0067422_00667.xml,19,åhrs_wedh_utj_wed_äre
A0067422_00006.xml,10,will_willia_ähre_gudh_saken
A0067422_00499.xml,19,åhrs_wedh_utj_wed_äre
A0067422_00308.xml,29,swarade_domb_inspectoren_dehl_straxt
A0067422_00438.xml,19,åhrs_wedh_utj_wed_äre
A0067422_00316.xml,19,åhrs_wedh_utj_wed_äre
A0067422_00873.xml,19,åhrs_wedh_utj_wed_äre
A0067422_00044.xml,19,åhrs_wedh_utj_wed_äre
A0067422_00175.xml,19,åhrs_wedh_utj_wed_äre
A0067422_00462.xml,22,tid_års_tiden_utom_anseende
A0067422_00416.xml,19,åhrs_wedh_utj_wed_äre
A0067422_00985.xml,1,wittnen_wittnet_berättelse_tagit_sedt
A0067422_00966.xml,19,åhrs_wedh_utj_wed_äre
A0067422_00507.xml,1,wittnen_wittnet_berättelse_tagit_sedt
A0067422_00168.xml,19,åhrs_wedh_utj_wed_äre
A0067422_01039.xml,22,tid_års_tiden_utom_anseende
A0067422_00701.xml,19,åhrs_wedh_utj_wed_äre
A0067422_00225.xml,29,swarade_domb_inspectoren_dehl_straxt
A0067422_00969.xml,19,åhrs_wedh_utj_wed_äre
A0067422_00809.xml,19,åhrs_wedh_utj_wed_äre
A0067422_00496.xml,19,åhrs_wedh_utj_wed_äre
A0067422_00729.xml,19,åhrs_wedh_utj_wed_äre
A0067422_00276.xml,7,hemman_hemmanet_ägor_jord_skatte
A0067422_00458.xml,19,åhrs_wedh_utj_wed_äre
A0067422_00393.xml,19,åhrs_wedh_utj_wed_äre
A0067422_00655.xml,19,åhrs_wedh_utj_wed_äre
A0067422_00949.xml,19,åhrs_wedh_utj_wed_äre
A0067422_00630.xml,19,åhrs_wedh_utj_wed_äre
A0067422_00282.xml,17,bergs_ting_påstående_bruks_käranden
A0067422_00880.xml,10,will_willia_ähre_gudh_saken
A0067422_00117.xml,19,åhrs_wedh_utj_wed_äre
A0067422_01046.xml,19,åhrs_wedh_utj_wed_äre
A0067422_00951.xml,10,will_willia_ähre_gudh_saken
A0067422_00201.xml,19,åhrs_wedh_utj_wed_äre
A0067422_00563.xml,19,åhrs_wedh_utj_wed_äre
A0067422_00910.xml,19,åhrs_wedh_utj_wed_äre
A0067422_00932.xml,19,åhrs_wedh_utj_wed_äre
A0067422_00319.xml,28,summa_betalt_interesse_specie_penningar
A0067422_00753.xml,19,åhrs_wedh_utj_wed_äre
A0067422_00847.xml,19,åhrs_wedh_utj_wed_äre
A0067422_00682.xml,10,will_willia_ähre_gudh_saken
A0067422_00248.xml,19,åhrs_wedh_utj_wed_äre
A0067422_00448.xml,22,tid_års_tiden_utom_anseende
A0067422_00055.xml,19,åhrs_wedh_utj_wed_äre
A0067422_00425.xml,19,åhrs_wedh_utj_wed_äre
A0067422_00285.xml,19,åhrs_wedh_utj_wed_äre
A0067422_00410.xml,49,gården_malm_gård_mårten_gårdh
A0067422_00741.xml,10,will_willia_ähre_gudh_saken
A0067422_00500.xml,19,åhrs_wedh_utj_wed_äre
A0067422_00573.xml,19,åhrs_wedh_utj_wed_äre
A0067422_00960.xml,19,åhrs_wedh_utj_wed_äre
A0067422_00797.xml,19,åhrs_wedh_utj_wed_äre
A0067422_00192.xml,19,åhrs_wedh_utj_wed_äre
A0067422_00569.xml,19,åhrs_wedh_utj_wed_äre
A0067422_00036.xml,10,will_willia_ähre_gudh_saken
A0067422_00887.xml,10,will_willia_ähre_gudh_saken
A0067422_00695.xml,10,will_willia_ähre_gudh_saken
A0067422_00576.xml,17,bergs_ting_påstående_bruks_käranden
A0067422_00436.xml,19,åhrs_wedh_utj_wed_äre
A0067422_00022.xml,19,åhrs_wedh_utj_wed_äre
A0067422_00461.xml,19,åhrs_wedh_utj_wed_äre
A0067422_00411.xml,19,åhrs_wedh_utj_wed_äre
A0067422_00397.xml,1,wittnen_wittnet_berättelse_tagit_sedt
A0067422_00661.xml,19,åhrs_wedh_utj_wed_äre
A0067422_00372.xml,19,åhrs_wedh_utj_wed_äre
A0067422_00976.xml,21,måns_worden_samuel_bergz_smeden
A0067422_00065.xml,10,will_willia_ähre_gudh_saken
A0067422_00193.xml,19,åhrs_wedh_utj_wed_äre
A0067422_00338.xml,28,summa_betalt_interesse_specie_penningar
A0067422_00151.xml,19,åhrs_wedh_utj_wed_äre
A0067422_00390.xml,19,åhrs_wedh_utj_wed_äre
A0067422_00330.xml,19,åhrs_wedh_utj_wed_äre
A0067422_00132.xml,19,åhrs_wedh_utj_wed_äre
A0067422_00834.xml,19,åhrs_wedh_utj_wed_äre
A0067422_00299.xml,22,tid_års_tiden_utom_anseende
A0067422_00595.xml,25,hofrätten_rådstufwu_pröfwar_följe_anseende
A0067422_00213.xml,19,åhrs_wedh_utj_wed_äre
A0067422_00815.xml,22,tid_års_tiden_utom_anseende
A0067422_00614.xml,10,will_willia_ähre_gudh_saken
A0067422_00793.xml,19,åhrs_wedh_utj_wed_äre
A0067422_00764.xml,19,åhrs_wedh_utj_wed_äre
A0067422_00429.xml,19,åhrs_wedh_utj_wed_äre
A0067422_00646.xml,19,åhrs_wedh_utj_wed_äre
A0067422_00367.xml,10,will_willia_ähre_gudh_saken
A0067422_00152.xml,19,åhrs_wedh_utj_wed_äre
A0067422_00685.xml,19,åhrs_wedh_utj_wed_äre
A0067422_00490.xml,19,åhrs_wedh_utj_wed_äre
A0067422_00532.xml,0,rättens_lagmans_resolution_saken_måhl
A0067422_00199.xml,19,åhrs_wedh_utj_wed_äre
A0067422_00269.xml,0,rättens_lagmans_resolution_saken_måhl
A0067422_00531.xml,19,åhrs_wedh_utj_wed_äre
A0067422_00033.xml,29,swarade_domb_inspectoren_dehl_straxt
A0067422_00127.xml,19,åhrs_wedh_utj_wed_äre
A0067422_00337.xml,26,bevis_vore_enkan_född_vite
A0067422_00713.xml,22,tid_års_tiden_utom_anseende
A0067422_00293.xml,17,bergs_ting_påstående_bruks_käranden
A0067422_00755.xml,10,will_willia_ähre_gudh_saken
A0067422_00821.xml,22,tid_års_tiden_utom_anseende
A0067422_00083.xml,10,will_willia_ähre_gudh_saken
A0067422_00952.xml,17,bergs_ting_påstående_bruks_käranden
A0067422_00918.xml,19,åhrs_wedh_utj_wed_äre
A0067422_00291.xml,19,åhrs_wedh_utj_wed_äre
A0067422_00656.xml,1,wittnen_wittnet_berättelse_tagit_sedt
A0067422_00765.xml,19,åhrs_wedh_utj_wed_äre
A0067422_00200.xml,19,åhrs_wedh_utj_wed_äre
A0067422_00391.xml,35,ränta_fordran_räkning_betalning_skuld
A0067422_00323.xml,1,wittnen_wittnet_berättelse_tagit_sedt
A0067422_00705.xml,22,tid_års_tiden_utom_anseende
A0067422_00251.xml,0,rättens_lagmans_resolution_saken_måhl
A0067422_00203.xml,19,åhrs_wedh_utj_wed_äre
A0067422_00736.xml,25,hofrätten_rådstufwu_pröfwar_följe_anseende
A0067422_00963.xml,19,åhrs_wedh_utj_wed_äre
A0067422_00170.xml,19,åhrs_wedh_utj_wed_äre
A0067422_00881.xml,10,will_willia_ähre_gudh_saken
A0067422_00906.xml,22,tid_års_tiden_utom_anseende
A0067422_00623.xml,19,åhrs_wedh_utj_wed_äre
A0067422_00327.xml,19,åhrs_wedh_utj_wed_äre
A0067422_00182.xml,19,åhrs_wedh_utj_wed_äre
A0067422_00637.xml,19,åhrs_wedh_utj_wed_äre
A0067422_00986.xml,17,bergs_ting_påstående_bruks_käranden
A0067422_00046.xml,19,åhrs_wedh_utj_wed_äre
A0067422_00594.xml,19,åhrs_wedh_utj_wed_äre
A0067422_00348.xml,19,åhrs_wedh_utj_wed_äre
A0067422_00362.xml,19,åhrs_wedh_utj_wed_äre
A0067422_00304.xml,1,wittnen_wittnet_berättelse_tagit_sedt
A0067422_00586.xml,22,tid_års_tiden_utom_anseende
A0067422_00865.xml,17,bergs_ting_påstående_bruks_käranden
A0067422_00398.xml,10,will_willia_ähre_gudh_saken
A0067422_00577.xml,22,tid_års_tiden_utom_anseende
A0067422_00852.xml,22,tid_års_tiden_utom_anseende
A0067422_00309.xml,19,åhrs_wedh_utj_wed_äre
A0067422_00579.xml,28,summa_betalt_interesse_specie_penningar
A0067422_00056.xml,19,åhrs_wedh_utj_wed_äre
A0067422_00314.xml,1,wittnen_wittnet_berättelse_tagit_sedt
A0067422_00048.xml,29,swarade_domb_inspectoren_dehl_straxt
A0067422_00482.xml,25,hofrätten_rådstufwu_pröfwar_följe_anseende
A0067422_00135.xml,19,åhrs_wedh_utj_wed_äre
A0067422_00292.xml,17,bergs_ting_påstående_bruks_käranden
A0067422_00235.xml,19,åhrs_wedh_utj_wed_äre
A0067422_01005.xml,19,åhrs_wedh_utj_wed_äre
A0067422_00439.xml,22,tid_års_tiden_utom_anseende
A0067422_00795.xml,19,åhrs_wedh_utj_wed_äre
A0067422_00271.xml,19,åhrs_wedh_utj_wed_äre
A0067422_00813.xml,25,hofrätten_rådstufwu_pröfwar_följe_anseende
A0067422_00035.xml,10,will_willia_ähre_gudh_saken
A0067422_00147.xml,10,will_willia_ähre_gudh_saken
A0067422_00610.xml,19,åhrs_wedh_utj_wed_äre
A0067422_00284.xml,28,summa_betalt_interesse_specie_penningar
A0067422_00015.xml,19,åhrs_wedh_utj_wed_äre
A0067422_01006.xml,19,åhrs_wedh_utj_wed_äre
A0067422_00133.xml,22,tid_års_tiden_utom_anseende
A0067422_00737.xml,17,bergs_ting_påstående_bruks_käranden
A0067422_00707.xml,19,åhrs_wedh_utj_wed_äre
A0067422_00094.xml,19,åhrs_wedh_utj_wed_äre
A0067422_00156.xml,19,åhrs_wedh_utj_wed_äre
A0067422_00134.xml,19,åhrs_wedh_utj_wed_äre
A0067422_00675.xml,19,åhrs_wedh_utj_wed_äre
A0067422_00402.xml,28,summa_betalt_interesse_specie_penningar
A0067422_00778.xml,10,will_willia_ähre_gudh_saken
A0067422_00513.xml,1,wittnen_wittnet_berättelse_tagit_sedt
A0067422_00191.xml,43,hustru_dotter_hustrus_barn_christina
A0067422_00195.xml,19,åhrs_wedh_utj_wed_äre
A0067422_00869.xml,19,åhrs_wedh_utj_wed_äre
A0067422_00040.xml,19,åhrs_wedh_utj_wed_äre
A0067422_00666.xml,19,åhrs_wedh_utj_wed_äre
A0067422_00621.xml,49,gården_malm_gård_mårten_gårdh
A0067422_00979.xml,19,åhrs_wedh_utj_wed_äre
A0067422_00072.xml,19,åhrs_wedh_utj_wed_äre
A0067422_00762.xml,0,rättens_lagmans_resolution_saken_måhl
A0067422_00310.xml,17,bergs_ting_påstående_bruks_käranden
A0067422_00183.xml,29,swarade_domb_inspectoren_dehl_straxt
A0067422_00662.xml,19,åhrs_wedh_utj_wed_äre
A0067422_00222.xml,19,åhrs_wedh_utj_wed_äre
A0067422_00050.xml,19,åhrs_wedh_utj_wed_äre
A0067422_00923.xml,22,tid_års_tiden_utom_anseende
A0067422_00785.xml,19,åhrs_wedh_utj_wed_äre
A0067422_00171.xml,14,skog_skogen_mark_grefve_östra
A0067422_00150.xml,22,tid_års_tiden_utom_anseende
A0067422_00554.xml,0,rättens_lagmans_resolution_saken_måhl
A0067422_00325.xml,19,åhrs_wedh_utj_wed_äre
A0067422_00255.xml,19,åhrs_wedh_utj_wed_äre
A0067422_01049.xml,22,tid_års_tiden_utom_anseende
A0067422_00981.xml,44,fru_förmyndare_testamente_barn_arf
A0067422_00647.xml,0,rättens_lagmans_resolution_saken_måhl
A0067422_00242.xml,19,åhrs_wedh_utj_wed_äre
A0067422_00455.xml,19,åhrs_wedh_utj_wed_äre
A0067422_00784.xml,25,hofrätten_rådstufwu_pröfwar_följe_anseende
A0067422_00584.xml,10,will_willia_ähre_gudh_saken
A0067422_00144.xml,22,tid_års_tiden_utom_anseende
A0067422_00506.xml,35,ränta_fordran_räkning_betalning_skuld
A0067422_00101.xml,19,åhrs_wedh_utj_wed_äre
A0067422_00013.xml,19,åhrs_wedh_utj_wed_äre
A0067422_00494.xml,10,will_willia_ähre_gudh_saken
A0067422_00625.xml,10,will_willia_ähre_gudh_saken
A0067422_01038.xml,10,will_willia_ähre_gudh_saken
A0067422_00431.xml,17,bergs_ting_påstående_bruks_käranden
A0067422_00997.xml,19,åhrs_wedh_utj_wed_äre
A0067422_00520.xml,19,åhrs_wedh_utj_wed_äre
A0067422_00075.xml,1,wittnen_wittnet_berättelse_tagit_sedt
A0067422_00347.xml,10,will_willia_ähre_gudh_saken
A0067422_00426.xml,29,swarade_domb_inspectoren_dehl_straxt
A0067422_00051.xml,19,åhrs_wedh_utj_wed_äre
A0067422_01001.xml,19,åhrs_wedh_utj_wed_äre
A0067422_01029.xml,19,åhrs_wedh_utj_wed_äre
A0067422_00279.xml,19,åhrs_wedh_utj_wed_äre
A0067422_00424.xml,19,åhrs_wedh_utj_wed_äre
A0067422_00011.xml,19,åhrs_wedh_utj_wed_äre
A0067422_00886.xml,19,åhrs_wedh_utj_wed_äre
A0067422_00603.xml,25,hofrätten_rådstufwu_pröfwar_följe_anseende
A0067422_00988.xml,22,tid_års_tiden_utom_anseende
A0067422_00680.xml,17,bergs_ting_påstående_bruks_käranden
A0067422_01019.xml,10,will_willia_ähre_gudh_saken
A0067422_01000.xml,21,måns_worden_samuel_bergz_smeden
A0067422_00440.xml,11,namn_undergå_fängelse_bröd_dagars
A0067422_00883.xml,28,summa_betalt_interesse_specie_penningar
A0067422_00019.xml,19,åhrs_wedh_utj_wed_äre
A0067422_00547.xml,22,tid_års_tiden_utom_anseende
A0067422_00974.xml,10,will_willia_ähre_gudh_saken
A0067422_00456.xml,19,åhrs_wedh_utj_wed_äre
A0067422_00366.xml,19,åhrs_wedh_utj_wed_äre
A0067422_00489.xml,1,wittnen_wittnet_berättelse_tagit_sedt
A0067422_00665.xml,10,will_willia_ähre_gudh_saken
A0067422_00730.xml,17,bergs_ting_påstående_bruks_käranden
A0067422_00534.xml,28,summa_betalt_interesse_specie_penningar
A0067422_00826.xml,21,måns_worden_samuel_bergz_smeden
A0067422_00349.xml,10,will_willia_ähre_gudh_saken
A0067422_00457.xml,49,gården_malm_gård_mårten_gårdh
A0067422_00470.xml,22,tid_års_tiden_utom_anseende
A0067422_00161.xml,19,åhrs_wedh_utj_wed_äre
A0067422_00341.xml,22,tid_års_tiden_utom_anseende
A0067422_00024.xml,19,åhrs_wedh_utj_wed_äre
A0067422_00093.xml,29,swarade_domb_inspectoren_dehl_straxt
A0067422_00322.xml,1,wittnen_wittnet_berättelse_tagit_sedt
A0067422_00571.xml,19,åhrs_wedh_utj_wed_äre
A0067422_00340.xml,10,will_willia_ähre_gudh_saken
A0067422_00844.xml,19,åhrs_wedh_utj_wed_äre
A0067422_00484.xml,19,åhrs_wedh_utj_wed_äre
A0067422_00871.xml,19,åhrs_wedh_utj_wed_äre
A0067422_00220.xml,19,åhrs_wedh_utj_wed_äre
A0067422_00300.xml,19,åhrs_wedh_utj_wed_äre
A0067422_00382.xml,35,ränta_fordran_räkning_betalning_skuld
A0067422_01050.xml,22,tid_års_tiden_utom_anseende
A0067422_00025.xml,29,swarade_domb_inspectoren_dehl_straxt
A0067422_00901.xml,0,rättens_lagmans_resolution_saken_måhl
A0067422_00660.xml,22,tid_års_tiden_utom_anseende
A0067422_00160.xml,22,tid_års_tiden_utom_anseende
A0067422_00209.xml,19,åhrs_wedh_utj_wed_äre
A0067422_00142.xml,19,åhrs_wedh_utj_wed_äre
A0067422_00070.xml,19,åhrs_wedh_utj_wed_äre
A0067422_00555.xml,19,åhrs_wedh_utj_wed_äre
A0067422_00121.xml,49,gården_malm_gård_mårten_gårdh
A0067422_00955.xml,10,will_willia_ähre_gudh_saken
A0067422_00541.xml,10,will_willia_ähre_gudh_saken
A0067422_00230.xml,19,åhrs_wedh_utj_wed_äre
A0067422_00971.xml,17,bergs_ting_påstående_bruks_käranden
A0067422_00226.xml,19,åhrs_wedh_utj_wed_äre
A0067422_00114.xml,19,åhrs_wedh_utj_wed_äre
A0067422_00518.xml,17,bergs_ting_påstående_bruks_käranden
A0067422_00562.xml,19,åhrs_wedh_utj_wed_äre
A0067422_00039.xml,19,åhrs_wedh_utj_wed_äre
A0067422_00806.xml,19,åhrs_wedh_utj_wed_äre
A0067422_00386.xml,19,åhrs_wedh_utj_wed_äre
A0067422_00157.xml,14,skog_skogen_mark_grefve_östra
A0067422_00780.xml,19,åhrs_wedh_utj_wed_äre
A0067422_00165.xml,19,åhrs_wedh_utj_wed_äre
A0067422_00417.xml,25,hofrätten_rådstufwu_pröfwar_följe_anseende
A0067422_00084.xml,19,åhrs_wedh_utj_wed_äre
A0067422_00999.xml,21,måns_worden_samuel_bergz_smeden
A0067422_01045.xml,19,åhrs_wedh_utj_wed_äre
A0067422_00164.xml,19,åhrs_wedh_utj_wed_äre
A0067422_01016.xml,10,will_willia_ähre_gudh_saken
A0067422_00757.xml,0,rättens_lagmans_resolution_saken_måhl
A0067422_00819.xml,19,åhrs_wedh_utj_wed_äre
A0067422_00568.xml,19,åhrs_wedh_utj_wed_äre
A0067422_00710.xml,19,åhrs_wedh_utj_wed_äre
A0067422_01054.xml,19,åhrs_wedh_utj_wed_äre
A0067422_00465.xml,10,will_willia_ähre_gudh_saken
A0067422_01056.xml,10,will_willia_ähre_gudh_saken
A0067422_00159.xml,1,wittnen_wittnet_berättelse_tagit_sedt
A0067422_00961.xml,19,åhrs_wedh_utj_wed_äre
A0067422_00894.xml,19,åhrs_wedh_utj_wed_äre
A0067422_00512.xml,22,tid_års_tiden_utom_anseende
A0067422_00119.xml,19,åhrs_wedh_utj_wed_äre
A0067422_00281.xml,35,ränta_fordran_räkning_betalning_skuld
A0067422_00811.xml,22,tid_års_tiden_utom_anseende
A0067422_00893.xml,19,åhrs_wedh_utj_wed_äre
A0067422_00954.xml,19,åhrs_wedh_utj_wed_äre
A0067422_00187.xml,19,åhrs_wedh_utj_wed_äre
A0067422_00503.xml,10,will_willia_ähre_gudh_saken
A0067422_00648.xml,10,will_willia_ähre_gudh_saken
A0067422_00657.xml,10,will_willia_ähre_gudh_saken
A0067422_00786.xml,19,åhrs_wedh_utj_wed_äre
A0067422_00788.xml,19,åhrs_wedh_utj_wed_äre
A0067422_00686.xml,39,contract_grufwan_contractet_sökia_hafwande
A0067422_00718.xml,19,åhrs_wedh_utj_wed_äre
A0067422_00933.xml,19,åhrs_wedh_utj_wed_äre
A0067422_00946.xml,19,åhrs_wedh_utj_wed_äre
A0067422_00968.xml,35,ränta_fordran_räkning_betalning_skuld
A0067422_00914.xml,19,åhrs_wedh_utj_wed_äre
A0067422_00526.xml,25,hofrätten_rådstufwu_pröfwar_följe_anseende
A0067422_00087.xml,19,åhrs_wedh_utj_wed_äre
A0067422_00287.xml,0,rättens_lagmans_resolution_saken_måhl
A0067422_00064.xml,19,åhrs_wedh_utj_wed_äre
A0067422_00644.xml,19,åhrs_wedh_utj_wed_äre
A0067422_00444.xml,10,will_willia_ähre_gudh_saken
A0067422_00604.xml,22,tid_års_tiden_utom_anseende
A0067422_00700.xml,10,will_willia_ähre_gudh_saken
A0067422_00212.xml,1,wittnen_wittnet_berättelse_tagit_sedt
A0067422_00177.xml,19,åhrs_wedh_utj_wed_äre
A0067422_00851.xml,22,tid_års_tiden_utom_anseende
A0067422_01014.xml,10,will_willia_ähre_gudh_saken
A0067422_00938.xml,25,hofrätten_rådstufwu_pröfwar_följe_anseende
A0067422_00672.xml,21,måns_worden_samuel_bergz_smeden
A0067422_00609.xml,19,åhrs_wedh_utj_wed_äre
A0067422_00256.xml,19,åhrs_wedh_utj_wed_äre
A0067422_00459.xml,17,bergs_ting_påstående_bruks_käranden
A0067422_01008.xml,19,åhrs_wedh_utj_wed_äre
A0067422_00407.xml,19,åhrs_wedh_utj_wed_äre
A0067422_00275.xml,19,åhrs_wedh_utj_wed_äre
A0067422_00927.xml,0,rättens_lagmans_resolution_saken_måhl
A0067422_00536.xml,10,will_willia_ähre_gudh_saken
A0067422_00559.xml,19,åhrs_wedh_utj_wed_äre
A0067422_00870.xml,22,tid_års_tiden_utom_anseende
A0067422_00553.xml,22,tid_års_tiden_utom_anseende
A0067422_00715.xml,19,åhrs_wedh_utj_wed_äre
A0067422_00109.xml,10,will_willia_ähre_gudh_saken
A0067422_00959.xml,22,tid_års_tiden_utom_anseende
A0067422_00535.xml,28,summa_betalt_interesse_specie_penningar
A0067422_00370.xml,19,åhrs_wedh_utj_wed_äre
A0067422_00116.xml,10,will_willia_ähre_gudh_saken
A0067422_00474.xml,10,will_willia_ähre_gudh_saken
A0067422_00687.xml,19,åhrs_wedh_utj_wed_äre
A0067422_00830.xml,21,måns_worden_samuel_bergz_smeden
A0067422_00842.xml,19,åhrs_wedh_utj_wed_äre
A0067422_00460.xml,19,åhrs_wedh_utj_wed_äre
A0067422_00602.xml,33,hofrätten_saken_parterne_afträdde_ansökning
A0067422_00326.xml,19,åhrs_wedh_utj_wed_äre
A0067422_00889.xml,19,åhrs_wedh_utj_wed_äre
A0067422_00377.xml,10,will_willia_ähre_gudh_saken
A0067422_00624.xml,19,åhrs_wedh_utj_wed_äre
A0067422_00822.xml,10,will_willia_ähre_gudh_saken
A0067422_00315.xml,19,åhrs_wedh_utj_wed_äre
A0067422_00864.xml,10,will_willia_ähre_gudh_saken
A0067422_00166.xml,15,tijdh_hindrich_compagnie_saaken_banquen
A0067422_00807.xml,19,åhrs_wedh_utj_wed_äre
A0067422_00415.xml,29,swarade_domb_inspectoren_dehl_straxt
A0067422_00086.xml,19,åhrs_wedh_utj_wed_äre
A0067422_00181.xml,19,åhrs_wedh_utj_wed_äre
A0067422_00100.xml,19,åhrs_wedh_utj_wed_äre
A0067422_00357.xml,10,will_willia_ähre_gudh_saken
A0067422_00250.xml,19,åhrs_wedh_utj_wed_äre
A0067422_01024.xml,9,öre_may_nembl_hustro_breff
A0067422_00257.xml,19,åhrs_wedh_utj_wed_äre
A0067422_00053.xml,10,will_willia_ähre_gudh_saken
A0067422_00606.xml,10,will_willia_ähre_gudh_saken
A0067422_00885.xml,25,hofrätten_rådstufwu_pröfwar_följe_anseende
A0067422_00422.xml,19,åhrs_wedh_utj_wed_äre
A0067422_00205.xml,17,bergs_ting_påstående_bruks_käranden
A0067422_00371.xml,19,åhrs_wedh_utj_wed_äre
A0067422_00221.xml,19,åhrs_wedh_utj_wed_äre
A0067422_00664.xml,22,tid_års_tiden_utom_anseende
A0067422_00771.xml,19,åhrs_wedh_utj_wed_äre
A0067422_00895.xml,19,åhrs_wedh_utj_wed_äre
A0067422_00681.xml,19,åhrs_wedh_utj_wed_äre
A0067422_00218.xml,17,bergs_ting_påstående_bruks_käranden
A0067422_00244.xml,19,åhrs_wedh_utj_wed_äre
A0067422_00169.xml,19,åhrs_wedh_utj_wed_äre
A0067422_00491.xml,17,bergs_ting_påstående_bruks_käranden
A0067422_00676.xml,19,åhrs_wedh_utj_wed_äre
A0067422_00939.xml,19,åhrs_wedh_utj_wed_äre
A0067422_00228.xml,1,wittnen_wittnet_berättelse_tagit_sedt
A0067422_00627.xml,19,åhrs_wedh_utj_wed_äre
A0067422_00342.xml,22,tid_års_tiden_utom_anseende
A0067422_00188.xml,17,bergs_ting_påstående_bruks_käranden
A0067422_00356.xml,29,swarade_domb_inspectoren_dehl_straxt
A0067422_00504.xml,17,bergs_ting_påstående_bruks_käranden
A0067422_00112.xml,19,åhrs_wedh_utj_wed_äre
A0067422_00298.xml,10,will_willia_ähre_gudh_saken
A0067422_00581.xml,19,åhrs_wedh_utj_wed_äre
A0067422_00263.xml,35,ränta_fordran_räkning_betalning_skuld
A0067422_01053.xml,22,tid_års_tiden_utom_anseende
A0067422_00082.xml,19,åhrs_wedh_utj_wed_äre
A0067422_00876.xml,19,åhrs_wedh_utj_wed_äre
A0067422_00551.xml,22,tid_års_tiden_utom_anseende
A0067422_00239.xml,19,åhrs_wedh_utj_wed_äre
A0067422_01013.xml,19,åhrs_wedh_utj_wed_äre
A0067422_00451.xml,19,åhrs_wedh_utj_wed_äre
A0067422_00303.xml,17,bergs_ting_påstående_bruks_käranden
A0067422_00495.xml,22,tid_års_tiden_utom_anseende
A0067422_00149.xml,19,åhrs_wedh_utj_wed_äre
A0067422_00738.xml,19,åhrs_wedh_utj_wed_äre
A0067422_00469.xml,22,tid_års_tiden_utom_anseende
A0067422_00861.xml,25,hofrätten_rådstufwu_pröfwar_följe_anseende
A0067422_00071.xml,19,åhrs_wedh_utj_wed_äre
A0067422_00058.xml,29,swarade_domb_inspectoren_dehl_straxt
A0067422_00252.xml,19,åhrs_wedh_utj_wed_äre
A0067422_00973.xml,21,måns_worden_samuel_bergz_smeden
A0067422_00404.xml,29,swarade_domb_inspectoren_dehl_straxt
A0067422_00892.xml,19,åhrs_wedh_utj_wed_äre
A0067422_00288.xml,49,gården_malm_gård_mårten_gårdh
A0067422_00941.xml,21,måns_worden_samuel_bergz_smeden
A0067422_00037.xml,19,åhrs_wedh_utj_wed_äre
A0067422_00537.xml,22,tid_års_tiden_utom_anseende
A0067422_00833.xml,17,bergs_ting_påstående_bruks_käranden
A0067422_00384.xml,19,åhrs_wedh_utj_wed_äre
A0067422_00095.xml,10,will_willia_ähre_gudh_saken
A0067422_00538.xml,19,åhrs_wedh_utj_wed_äre
A0067422_00043.xml,19,åhrs_wedh_utj_wed_äre
A0067422_00234.xml,19,åhrs_wedh_utj_wed_äre
A0067422_00289.xml,1,wittnen_wittnet_berättelse_tagit_sedt
A0067422_00699.xml,19,åhrs_wedh_utj_wed_äre
A0067422_00866.xml,22,tid_års_tiden_utom_anseende
A0067422_00268.xml,17,bergs_ting_påstående_bruks_käranden
A0067422_00008.xml,19,åhrs_wedh_utj_wed_äre
A0067422_00360.xml,0,rättens_lagmans_resolution_saken_måhl
A0067422_00477.xml,19,åhrs_wedh_utj_wed_äre
A0067422_00643.xml,21,måns_worden_samuel_bergz_smeden
A0067422_00877.xml,19,åhrs_wedh_utj_wed_äre
A0067422_00153.xml,22,tid_års_tiden_utom_anseende
A0067422_00616.xml,19,åhrs_wedh_utj_wed_äre
A0067422_00408.xml,22,tid_års_tiden_utom_anseende
A0067422_00545.xml,1,wittnen_wittnet_berättelse_tagit_sedt
A0067422_00215.xml,19,åhrs_wedh_utj_wed_äre
A0067422_00363.xml,29,swarade_domb_inspectoren_dehl_straxt
A0067422_00306.xml,19,åhrs_wedh_utj_wed_äre
A0067422_00173.xml,22,tid_års_tiden_utom_anseende
A0067422_00925.xml,19,åhrs_wedh_utj_wed_äre
A0067422_00376.xml,19,åhrs_wedh_utj_wed_äre
A0067422_00818.xml,22,tid_års_tiden_utom_anseende
A0067422_00446.xml,22,tid_års_tiden_utom_anseende
A0067422_00389.xml,44,fru_förmyndare_testamente_barn_arf
A0067422_00843.xml,19,åhrs_wedh_utj_wed_äre
A0067422_00361.xml,19,åhrs_wedh_utj_wed_äre
A0067422_00727.xml,17,bergs_ting_påstående_bruks_käranden
A0067422_00505.xml,19,åhrs_wedh_utj_wed_äre
A0067422_00515.xml,25,hofrätten_rådstufwu_pröfwar_följe_anseende
A0067422_00301.xml,19,åhrs_wedh_utj_wed_äre
A0067422_01007.xml,0,rättens_lagmans_resolution_saken_måhl
A0067422_00247.xml,19,åhrs_wedh_utj_wed_äre
A0067422_00791.xml,0,rättens_lagmans_resolution_saken_måhl
A0067422_00123.xml,29,swarade_domb_inspectoren_dehl_straxt
A0067422_00530.xml,17,bergs_ting_påstående_bruks_käranden
A0067422_00343.xml,22,tid_års_tiden_utom_anseende
A0067422_00965.xml,19,åhrs_wedh_utj_wed_äre
A0067422_00857.xml,17,bergs_ting_påstående_bruks_käranden
A0067422_00782.xml,1,wittnen_wittnet_berättelse_tagit_sedt
A0067422_00717.xml,19,åhrs_wedh_utj_wed_äre
A0067422_00089.xml,19,åhrs_wedh_utj_wed_äre
A0067422_00493.xml,19,åhrs_wedh_utj_wed_äre
A0067422_00066.xml,49,gården_malm_gård_mårten_gårdh
A0067422_00468.xml,17,bergs_ting_påstående_bruks_käranden
A0067422_00539.xml,10,will_willia_ähre_gudh_saken
A0067422_00998.xml,33,hofrätten_saken_parterne_afträdde_ansökning
A0067422_00546.xml,22,tid_års_tiden_utom_anseende
A0067422_00057.xml,19,åhrs_wedh_utj_wed_äre
A0067422_00073.xml,18,sahl_samme_hlr_sub_post
A0067422_00368.xml,17,bergs_ting_påstående_bruks_käranden
A0067422_00074.xml,19,åhrs_wedh_utj_wed_äre
A0067422_00552.xml,19,åhrs_wedh_utj_wed_äre
A0067422_00814.xml,19,åhrs_wedh_utj_wed_äre
A0067422_00286.xml,49,gården_malm_gård_mårten_gårdh
A0067422_00374.xml,19,åhrs_wedh_utj_wed_äre
A0067422_00574.xml,19,åhrs_wedh_utj_wed_äre
A0067422_00640.xml,22,tid_års_tiden_utom_anseende
A0067422_00311.xml,28,summa_betalt_interesse_specie_penningar
A0067422_00464.xml,19,åhrs_wedh_utj_wed_äre
A0067422_00466.xml,0,rättens_lagmans_resolution_saken_måhl
A0067422_00649.xml,19,åhrs_wedh_utj_wed_äre
A0067422_00210.xml,19,åhrs_wedh_utj_wed_äre
A0067422_00196.xml,19,åhrs_wedh_utj_wed_äre
A0067422_00909.xml,35,ränta_fordran_räkning_betalning_skuld
A0067422_00030.xml,19,åhrs_wedh_utj_wed_äre
A0067422_00186.xml,19,åhrs_wedh_utj_wed_äre
A0067422_00572.xml,17,bergs_ting_påstående_bruks_käranden
A0067422_01018.xml,19,åhrs_wedh_utj_wed_äre
A0067422_00748.xml,19,åhrs_wedh_utj_wed_äre
A0067422_00994.xml,0,rättens_lagmans_resolution_saken_måhl
A0067422_00131.xml,19,åhrs_wedh_utj_wed_äre
A0067422_00719.xml,49,gården_malm_gård_mårten_gårdh
A0067422_00858.xml,10,will_willia_ähre_gudh_saken
A0067422_00922.xml,19,åhrs_wedh_utj_wed_äre
A0067422_00216.xml,22,tid_års_tiden_utom_anseende
A0067422_00140.xml,19,åhrs_wedh_utj_wed_äre
A0067422_00054.xml,19,åhrs_wedh_utj_wed_äre
A0067422_00076.xml,19,åhrs_wedh_utj_wed_äre
A0067422_00832.xml,19,åhrs_wedh_utj_wed_äre
A0067422_00733.xml,19,åhrs_wedh_utj_wed_äre
A0067422_00136.xml,19,åhrs_wedh_utj_wed_äre
A0067422_00731.xml,22,tid_års_tiden_utom_anseende
A0067422_00763.xml,22,tid_års_tiden_utom_anseende
A0067422_00487.xml,10,will_willia_ähre_gudh_saken
A0067422_00600.xml,22,tid_års_tiden_utom_anseende
A0067422_01023.xml,10,will_willia_ähre_gudh_saken
A0067422_00419.xml,19,åhrs_wedh_utj_wed_äre
A0067422_00921.xml,19,åhrs_wedh_utj_wed_äre
A0067422_00636.xml,12,häradshöfdingen_hofrätten_riddaren_mål_närwarande
A0067422_00658.xml,0,rättens_lagmans_resolution_saken_måhl
A0067422_00897.xml,0,rättens_lagmans_resolution_saken_måhl
A0067422_00392.xml,17,bergs_ting_påstående_bruks_käranden
A0067422_00211.xml,10,will_willia_ähre_gudh_saken
A0067422_00970.xml,19,åhrs_wedh_utj_wed_äre
A0067422_00626.xml,19,åhrs_wedh_utj_wed_äre
A0067422_00937.xml,19,åhrs_wedh_utj_wed_äre
A0067422_00542.xml,19,åhrs_wedh_utj_wed_äre
A0067422_00533.xml,0,rättens_lagmans_resolution_saken_måhl
A0067422_00396.xml,21,måns_worden_samuel_bergz_smeden
A0067422_00062.xml,19,åhrs_wedh_utj_wed_äre
A0067422_00522.xml,19,åhrs_wedh_utj_wed_äre
A0067422_00454.xml,19,åhrs_wedh_utj_wed_äre
A0067422_00017.xml,22,tid_års_tiden_utom_anseende
A0067422_00824.xml,17,bergs_ting_påstående_bruks_käranden
A0067422_00769.xml,17,bergs_ting_påstående_bruks_käranden
A0067422_00684.xml,17,bergs_ting_påstående_bruks_käranden
A0067422_00957.xml,48,person_karl_thomas_fattige_isaac
A0067422_00060.xml,19,åhrs_wedh_utj_wed_äre
A0067422_00283.xml,19,åhrs_wedh_utj_wed_äre
A0067422_00607.xml,19,åhrs_wedh_utj_wed_äre
A0067422_01047.xml,17,bergs_ting_påstående_bruks_käranden
A0067422_00859.xml,19,åhrs_wedh_utj_wed_äre
A0067422_00014.xml,19,åhrs_wedh_utj_wed_äre
A0067422_00670.xml,17,bergs_ting_påstående_bruks_käranden
A0067422_00605.xml,25,hofrätten_rådstufwu_pröfwar_följe_anseende
A0067422_00080.xml,19,åhrs_wedh_utj_wed_äre
A0067422_00943.xml,19,åhrs_wedh_utj_wed_äre
A0067422_00502.xml,19,åhrs_wedh_utj_wed_äre
A0067422_00463.xml,19,åhrs_wedh_utj_wed_äre
A0067422_00176.xml,19,åhrs_wedh_utj_wed_äre
A0067422_00810.xml,1,wittnen_wittnet_berättelse_tagit_sedt
A0067422_00958.xml,19,åhrs_wedh_utj_wed_äre
A0067422_00934.xml,22,tid_års_tiden_utom_anseende
A0067422_00041.xml,19,åhrs_wedh_utj_wed_äre
A0067422_00761.xml,19,åhrs_wedh_utj_wed_äre
A0067422_00097.xml,19,åhrs_wedh_utj_wed_äre
A0067422_00742.xml,1,wittnen_wittnet_berättelse_tagit_sedt
A0067422_00061.xml,29,swarade_domb_inspectoren_dehl_straxt
A0067422_00202.xml,10,will_willia_ähre_gudh_saken
A0067422_00723.xml,22,tid_års_tiden_utom_anseende
A0067422_00905.xml,19,åhrs_wedh_utj_wed_äre
A0067422_00631.xml,15,tijdh_hindrich_compagnie_saaken_banquen
A0067422_00698.xml,19,åhrs_wedh_utj_wed_äre
A0067422_00911.xml,19,åhrs_wedh_utj_wed_äre
A0067422_00124.xml,19,åhrs_wedh_utj_wed_äre
A0067422_00766.xml,22,tid_års_tiden_utom_anseende
A0067422_00273.xml,19,åhrs_wedh_utj_wed_äre
A0067422_00126.xml,19,åhrs_wedh_utj_wed_äre
A0068702_00338.xml,33,hofrätten_saken_parterne_afträdde_ansökning
A0068702_00479.xml,35,ränta_fordran_räkning_betalning_skuld
A0068702_00225.xml,33,hofrätten_saken_parterne_afträdde_ansökning
A0068702_00153.xml,33,hofrätten_saken_parterne_afträdde_ansökning
A0068702_00083.xml,35,ränta_fordran_räkning_betalning_skuld
A0068702_00239.xml,33,hofrätten_saken_parterne_afträdde_ansökning
A0068702_00381.xml,33,hofrätten_saken_parterne_afträdde_ansökning
A0068702_00380.xml,33,hofrätten_saken_parterne_afträdde_ansökning
A0068702_00284.xml,33,hofrätten_saken_parterne_afträdde_ansökning
A0068702_00151.xml,35,ränta_fordran_räkning_betalning_skuld
A0068702_00300.xml,33,hofrätten_saken_parterne_afträdde_ansökning
A0068702_00251.xml,33,hofrätten_saken_parterne_afträdde_ansökning
A0068702_00057.xml,25,hofrätten_rådstufwu_pröfwar_följe_anseende
A0068702_00213.xml,33,hofrätten_saken_parterne_afträdde_ansökning
A0068702_00194.xml,33,hofrätten_saken_parterne_afträdde_ansökning
A0068702_00376.xml,33,hofrätten_saken_parterne_afträdde_ansökning
A0068702_00095.xml,25,hofrätten_rådstufwu_pröfwar_följe_anseende
A0068702_00242.xml,8,sidan_ena_handlingarne_sak_saken
A0068702_00176.xml,33,hofrätten_saken_parterne_afträdde_ansökning
A0068702_00020.xml,25,hofrätten_rådstufwu_pröfwar_följe_anseende
A0068702_00414.xml,3,beswär_wite_deröfwer_hofrätten_förklara
A0068702_00179.xml,33,hofrätten_saken_parterne_afträdde_ansökning
A0068702_00452.xml,37,talan_afseende_målet_fråga_mål
A0068702_00429.xml,44,fru_förmyndare_testamente_barn_arf
A0068702_00405.xml,33,hofrätten_saken_parterne_afträdde_ansökning
A0068702_00077.xml,33,hofrätten_saken_parterne_afträdde_ansökning
A0068702_00219.xml,33,hofrätten_saken_parterne_afträdde_ansökning
A0068702_00221.xml,12,häradshöfdingen_hofrätten_riddaren_mål_närwarande
A0068702_00262.xml,33,hofrätten_saken_parterne_afträdde_ansökning
A0068702_00133.xml,44,fru_förmyndare_testamente_barn_arf
A0068702_00138.xml,3,beswär_wite_deröfwer_hofrätten_förklara
A0068702_00152.xml,4,majoren_general_sal_godz_öfwersten
A0068702_00195.xml,33,hofrätten_saken_parterne_afträdde_ansökning
A0068702_00249.xml,25,hofrätten_rådstufwu_pröfwar_följe_anseende
A0068702_00244.xml,3,beswär_wite_deröfwer_hofrätten_förklara
A0068702_00468.xml,33,hofrätten_saken_parterne_afträdde_ansökning
A0068702_00026.xml,22,tid_års_tiden_utom_anseende
A0068702_00274.xml,37,talan_afseende_målet_fråga_mål
A0068702_00290.xml,33,hofrätten_saken_parterne_afträdde_ansökning
A0068702_00079.xml,35,ränta_fordran_räkning_betalning_skuld
A0068702_00471.xml,33,hofrätten_saken_parterne_afträdde_ansökning
A0068702_00215.xml,33,hofrätten_saken_parterne_afträdde_ansökning
A0068702_00166.xml,33,hofrätten_saken_parterne_afträdde_ansökning
A0068702_00294.xml,33,hofrätten_saken_parterne_afträdde_ansökning
A0068702_00285.xml,33,hofrätten_saken_parterne_afträdde_ansökning
A0068702_00136.xml,33,hofrätten_saken_parterne_afträdde_ansökning
A0068702_00253.xml,33,hofrätten_saken_parterne_afträdde_ansökning
A0068702_00267.xml,33,hofrätten_saken_parterne_afträdde_ansökning
A0068702_00171.xml,33,hofrätten_saken_parterne_afträdde_ansökning
A0068702_00235.xml,33,hofrätten_saken_parterne_afträdde_ansökning
A0068702_00191.xml,33,hofrätten_saken_parterne_afträdde_ansökning
A0068702_00469.xml,33,hofrätten_saken_parterne_afträdde_ansökning
A0068702_00150.xml,35,ränta_fordran_räkning_betalning_skuld
A0068702_00074.xml,44,fru_förmyndare_testamente_barn_arf
A0068702_00287.xml,3,beswär_wite_deröfwer_hofrätten_förklara
A0068702_00398.xml,33,hofrätten_saken_parterne_afträdde_ansökning
A0068702_00029.xml,3,beswär_wite_deröfwer_hofrätten_förklara
A0068702_00343.xml,33,hofrätten_saken_parterne_afträdde_ansökning
A0068702_00178.xml,33,hofrätten_saken_parterne_afträdde_ansökning
A0068702_00419.xml,33,hofrätten_saken_parterne_afträdde_ansökning
A0068702_00041.xml,3,beswär_wite_deröfwer_hofrätten_förklara
A0068702_00353.xml,35,ränta_fordran_räkning_betalning_skuld
A0068702_00175.xml,33,hofrätten_saken_parterne_afträdde_ansökning
A0068702_00362.xml,33,hofrätten_saken_parterne_afträdde_ansökning
A0068702_00160.xml,33,hofrätten_saken_parterne_afträdde_ansökning
A0068702_00293.xml,33,hofrätten_saken_parterne_afträdde_ansökning
A0068702_00344.xml,33,hofrätten_saken_parterne_afträdde_ansökning
A0068702_00180.xml,44,fru_förmyndare_testamente_barn_arf
A0068702_00400.xml,35,ränta_fordran_räkning_betalning_skuld
A0068702_00097.xml,3,beswär_wite_deröfwer_hofrätten_förklara
A0068702_00028.xml,3,beswär_wite_deröfwer_hofrätten_förklara
A0068702_00128.xml,33,hofrätten_saken_parterne_afträdde_ansökning
A0068702_00352.xml,37,talan_afseende_målet_fråga_mål
A0068702_00234.xml,3,beswär_wite_deröfwer_hofrätten_förklara
A0068702_00006.xml,12,häradshöfdingen_hofrätten_riddaren_mål_närwarande
A0068702_00145.xml,33,hofrätten_saken_parterne_afträdde_ansökning
A0068702_00277.xml,33,hofrätten_saken_parterne_afträdde_ansökning
A0068702_00186.xml,33,hofrätten_saken_parterne_afträdde_ansökning
A0068702_00203.xml,25,hofrätten_rådstufwu_pröfwar_följe_anseende
A0068702_00459.xml,33,hofrätten_saken_parterne_afträdde_ansökning
A0068702_00286.xml,33,hofrätten_saken_parterne_afträdde_ansökning
A0068702_00177.xml,33,hofrätten_saken_parterne_afträdde_ansökning
A0068702_00486.xml,3,beswär_wite_deröfwer_hofrätten_förklara
A0068702_00466.xml,22,tid_års_tiden_utom_anseende
A0068702_00382.xml,33,hofrätten_saken_parterne_afträdde_ansökning
A0068702_00389.xml,25,hofrätten_rådstufwu_pröfwar_följe_anseende
A0068702_00263.xml,33,hofrätten_saken_parterne_afträdde_ansökning
A0068702_00337.xml,37,talan_afseende_målet_fråga_mål
A0068702_00336.xml,33,hofrätten_saken_parterne_afträdde_ansökning
A0068702_00423.xml,33,hofrätten_saken_parterne_afträdde_ansökning
A0068702_00420.xml,33,hofrätten_saken_parterne_afträdde_ansökning
A0068702_00210.xml,33,hofrätten_saken_parterne_afträdde_ansökning
A0068702_00024.xml,22,tid_års_tiden_utom_anseende
A0068702_00135.xml,33,hofrätten_saken_parterne_afträdde_ansökning
A0068702_00039.xml,33,hofrätten_saken_parterne_afträdde_ansökning
A0068702_00044.xml,33,hofrätten_saken_parterne_afträdde_ansökning
A0068702_00032.xml,3,beswär_wite_deröfwer_hofrätten_förklara
A0068702_00278.xml,33,hofrätten_saken_parterne_afträdde_ansökning
A0068702_00257.xml,16,riksdaler_daler_banco_twå_balken
A0068702_00049.xml,33,hofrätten_saken_parterne_afträdde_ansökning
A0068702_00093.xml,25,hofrätten_rådstufwu_pröfwar_följe_anseende
A0068702_00483.xml,33,hofrätten_saken_parterne_afträdde_ansökning
A0068702_00411.xml,29,swarade_domb_inspectoren_dehl_straxt
A0068702_00295.xml,25,hofrätten_rådstufwu_pröfwar_följe_anseende
A0068702_00254.xml,33,hofrätten_saken_parterne_afträdde_ansökning
A0068702_00245.xml,33,hofrätten_saken_parterne_afträdde_ansökning
A0068702_00256.xml,19,åhrs_wedh_utj_wed_äre
A0068702_00096.xml,25,hofrätten_rådstufwu_pröfwar_följe_anseende
A0068702_00279.xml,33,hofrätten_saken_parterne_afträdde_ansökning
A0068702_00321.xml,33,hofrätten_saken_parterne_afträdde_ansökning
A0068702_00113.xml,3,beswär_wite_deröfwer_hofrätten_förklara
A0068702_00122.xml,3,beswär_wite_deröfwer_hofrätten_förklara
A0068702_00040.xml,3,beswär_wite_deröfwer_hofrätten_förklara
A0068702_00222.xml,3,beswär_wite_deröfwer_hofrätten_förklara
A0068702_00371.xml,33,hofrätten_saken_parterne_afträdde_ansökning
A0068702_00089.xml,33,hofrätten_saken_parterne_afträdde_ansökning
A0068702_00220.xml,35,ränta_fordran_räkning_betalning_skuld
A0068702_00094.xml,44,fru_förmyndare_testamente_barn_arf
A0068702_00149.xml,30,lieutenanten_capitainen_borgmästaren_enka_borgenärer
A0068702_00247.xml,33,hofrätten_saken_parterne_afträdde_ansökning
A0068702_00445.xml,33,hofrätten_saken_parterne_afträdde_ansökning
A0068702_00356.xml,3,beswär_wite_deröfwer_hofrätten_förklara
A0068702_00238.xml,33,hofrätten_saken_parterne_afträdde_ansökning
A0068702_00054.xml,33,hofrätten_saken_parterne_afträdde_ansökning
A0068702_00430.xml,44,fru_förmyndare_testamente_barn_arf
A0068702_00148.xml,33,hofrätten_saken_parterne_afträdde_ansökning
A0068702_00183.xml,33,hofrätten_saken_parterne_afträdde_ansökning
A0068702_00370.xml,25,hofrätten_rådstufwu_pröfwar_följe_anseende
A0068702_00114.xml,12,häradshöfdingen_hofrätten_riddaren_mål_närwarande
A0068702_00446.xml,33,hofrätten_saken_parterne_afträdde_ansökning
A0068702_00359.xml,35,ränta_fordran_räkning_betalning_skuld
A0068702_00084.xml,22,tid_års_tiden_utom_anseende
A0068702_00196.xml,44,fru_förmyndare_testamente_barn_arf
A0068702_00309.xml,22,tid_års_tiden_utom_anseende
A0068702_00354.xml,35,ränta_fordran_räkning_betalning_skuld
A0068702_00164.xml,33,hofrätten_saken_parterne_afträdde_ansökning
A0068702_00070.xml,3,beswär_wite_deröfwer_hofrätten_förklara
A0068702_00243.xml,33,hofrätten_saken_parterne_afträdde_ansökning
A0068702_00038.xml,33,hofrätten_saken_parterne_afträdde_ansökning
A0068702_00105.xml,33,hofrätten_saken_parterne_afträdde_ansökning
A0068702_00415.xml,33,hofrätten_saken_parterne_afträdde_ansökning
A0068702_00069.xml,3,beswär_wite_deröfwer_hofrätten_förklara
A0068702_00444.xml,37,talan_afseende_målet_fråga_mål
A0068702_00457.xml,33,hofrätten_saken_parterne_afträdde_ansökning
A0068702_00087.xml,33,hofrätten_saken_parterne_afträdde_ansökning
A0068702_00161.xml,35,ränta_fordran_räkning_betalning_skuld
A0068702_00431.xml,25,hofrätten_rådstufwu_pröfwar_följe_anseende
A0068702_00162.xml,33,hofrätten_saken_parterne_afträdde_ansökning
A0068702_00485.xml,33,hofrätten_saken_parterne_afträdde_ansökning
A0068702_00008.xml,44,fru_förmyndare_testamente_barn_arf
A0068702_00065.xml,44,fru_förmyndare_testamente_barn_arf
A0068702_00224.xml,33,hofrätten_saken_parterne_afträdde_ansökning
A0068702_00265.xml,33,hofrätten_saken_parterne_afträdde_ansökning
A0068702_00325.xml,33,hofrätten_saken_parterne_afträdde_ansökning
A0068702_00127.xml,25,hofrätten_rådstufwu_pröfwar_följe_anseende
A0068702_00071.xml,33,hofrätten_saken_parterne_afträdde_ansökning
A0068702_00426.xml,33,hofrätten_saken_parterne_afträdde_ansökning
A0068702_00360.xml,35,ränta_fordran_räkning_betalning_skuld
A0068702_00332.xml,33,hofrätten_saken_parterne_afträdde_ansökning
A0068702_00036.xml,3,beswär_wite_deröfwer_hofrätten_förklara
A0068702_00496.xml,44,fru_förmyndare_testamente_barn_arf
A0068702_00330.xml,33,hofrätten_saken_parterne_afträdde_ansökning
A0068702_00312.xml,33,hofrätten_saken_parterne_afträdde_ansökning
A0068702_00311.xml,33,hofrätten_saken_parterne_afträdde_ansökning
A0068702_00139.xml,35,ränta_fordran_räkning_betalning_skuld
A0068702_00365.xml,33,hofrätten_saken_parterne_afträdde_ansökning
A0068702_00450.xml,33,hofrätten_saken_parterne_afträdde_ansökning
A0068702_00228.xml,3,beswär_wite_deröfwer_hofrätten_förklara
A0068702_00185.xml,33,hofrätten_saken_parterne_afträdde_ansökning
A0068702_00307.xml,33,hofrätten_saken_parterne_afträdde_ansökning
A0068702_00181.xml,33,hofrätten_saken_parterne_afträdde_ansökning
A0068702_00067.xml,33,hofrätten_saken_parterne_afträdde_ansökning
A0068702_00073.xml,22,tid_års_tiden_utom_anseende
A0068702_00482.xml,33,hofrätten_saken_parterne_afträdde_ansökning
A0068702_00315.xml,33,hofrätten_saken_parterne_afträdde_ansökning
A0068702_00058.xml,33,hofrätten_saken_parterne_afträdde_ansökning
A0068702_00109.xml,33,hofrätten_saken_parterne_afträdde_ansökning
A0068702_00345.xml,33,hofrätten_saken_parterne_afträdde_ansökning
A0068702_00493.xml,35,ränta_fordran_räkning_betalning_skuld
A0068702_00304.xml,22,tid_års_tiden_utom_anseende
A0068702_00347.xml,33,hofrätten_saken_parterne_afträdde_ansökning
A0068702_00088.xml,33,hofrätten_saken_parterne_afträdde_ansökning
A0068702_00053.xml,33,hofrätten_saken_parterne_afträdde_ansökning
A0068702_00443.xml,33,hofrätten_saken_parterne_afträdde_ansökning
A0068702_00125.xml,33,hofrätten_saken_parterne_afträdde_ansökning
A0068702_00276.xml,33,hofrätten_saken_parterne_afträdde_ansökning
A0068702_00480.xml,25,hofrätten_rådstufwu_pröfwar_följe_anseende
A0068702_00214.xml,44,fru_förmyndare_testamente_barn_arf
A0068702_00460.xml,22,tid_års_tiden_utom_anseende
A0068702_00159.xml,33,hofrätten_saken_parterne_afträdde_ansökning
A0068702_00266.xml,3,beswär_wite_deröfwer_hofrätten_förklara
A0068702_00046.xml,33,hofrätten_saken_parterne_afträdde_ansökning
A0068702_00412.xml,22,tid_års_tiden_utom_anseende
A0068702_00421.xml,25,hofrätten_rådstufwu_pröfwar_följe_anseende
A0068702_00141.xml,35,ränta_fordran_räkning_betalning_skuld
A0068702_00264.xml,33,hofrätten_saken_parterne_afträdde_ansökning
A0068702_00390.xml,33,hofrätten_saken_parterne_afträdde_ansökning
A0068702_00170.xml,33,hofrätten_saken_parterne_afträdde_ansökning
A0068702_00433.xml,33,hofrätten_saken_parterne_afträdde_ansökning
A0068702_00489.xml,25,hofrätten_rådstufwu_pröfwar_följe_anseende
A0068702_00104.xml,33,hofrätten_saken_parterne_afträdde_ansökning
A0068702_00190.xml,33,hofrätten_saken_parterne_afträdde_ansökning
A0068702_00252.xml,44,fru_förmyndare_testamente_barn_arf
A0068702_00488.xml,33,hofrätten_saken_parterne_afträdde_ansökning
A0068702_00495.xml,37,talan_afseende_målet_fråga_mål
A0068702_00167.xml,33,hofrätten_saken_parterne_afträdde_ansökning
A0068702_00373.xml,33,hofrätten_saken_parterne_afträdde_ansökning
A0068702_00100.xml,33,hofrätten_saken_parterne_afträdde_ansökning
A0068702_00111.xml,33,hofrätten_saken_parterne_afträdde_ansökning
A0068702_00154.xml,33,hofrätten_saken_parterne_afträdde_ansökning
A0068702_00441.xml,33,hofrätten_saken_parterne_afträdde_ansökning
A0068702_00246.xml,33,hofrätten_saken_parterne_afträdde_ansökning
A0068702_00449.xml,33,hofrätten_saken_parterne_afträdde_ansökning
A0068702_00232.xml,35,ränta_fordran_räkning_betalning_skuld
A0068702_00447.xml,33,hofrätten_saken_parterne_afträdde_ansökning
A0068702_00442.xml,3,beswär_wite_deröfwer_hofrätten_förklara
A0068702_00355.xml,25,hofrätten_rådstufwu_pröfwar_följe_anseende
A0068702_00377.xml,33,hofrätten_saken_parterne_afträdde_ansökning
A0068702_00226.xml,25,hofrätten_rådstufwu_pröfwar_följe_anseende
A0068702_00011.xml,44,fru_förmyndare_testamente_barn_arf
A0068702_00302.xml,33,hofrätten_saken_parterne_afträdde_ansökning
A0068702_00477.xml,3,beswär_wite_deröfwer_hofrätten_förklara
A0068702_00289.xml,3,beswär_wite_deröfwer_hofrätten_förklara
A0068702_00422.xml,25,hofrätten_rådstufwu_pröfwar_följe_anseende
A0068702_00119.xml,33,hofrätten_saken_parterne_afträdde_ansökning
A0068702_00303.xml,33,hofrätten_saken_parterne_afträdde_ansökning
A0068702_00402.xml,33,hofrätten_saken_parterne_afträdde_ansökning
A0068702_00409.xml,35,ränta_fordran_räkning_betalning_skuld
A0068702_00269.xml,33,hofrätten_saken_parterne_afträdde_ansökning
A0068702_00082.xml,35,ränta_fordran_räkning_betalning_skuld
A0068702_00401.xml,25,hofrätten_rådstufwu_pröfwar_följe_anseende
A0068702_00108.xml,33,hofrätten_saken_parterne_afträdde_ansökning
A0068702_00174.xml,33,hofrätten_saken_parterne_afträdde_ansökning
A0068702_00120.xml,33,hofrätten_saken_parterne_afträdde_ansökning
A0068702_00432.xml,3,beswär_wite_deröfwer_hofrätten_förklara
A0068702_00282.xml,17,bergs_ting_påstående_bruks_käranden
A0068702_00184.xml,3,beswär_wite_deröfwer_hofrätten_förklara
A0068702_00272.xml,3,beswär_wite_deröfwer_hofrätten_förklara
A0068702_00427.xml,43,hustru_dotter_hustrus_barn_christina
A0068702_00308.xml,33,hofrätten_saken_parterne_afträdde_ansökning
A0068702_00270.xml,33,hofrätten_saken_parterne_afträdde_ansökning
A0068702_00124.xml,33,hofrätten_saken_parterne_afträdde_ansökning
A0068702_00368.xml,3,beswär_wite_deröfwer_hofrätten_förklara
A0068702_00297.xml,33,hofrätten_saken_parterne_afträdde_ansökning
A0068702_00413.xml,33,hofrätten_saken_parterne_afträdde_ansökning
A0068702_00172.xml,3,beswär_wite_deröfwer_hofrätten_förklara
A0068702_00022.xml,33,hofrätten_saken_parterne_afträdde_ansökning
A0068702_00361.xml,35,ränta_fordran_räkning_betalning_skuld
A0068702_00435.xml,33,hofrätten_saken_parterne_afträdde_ansökning
A0068702_00351.xml,33,hofrätten_saken_parterne_afträdde_ansökning
A0068702_00206.xml,33,hofrätten_saken_parterne_afträdde_ansökning
A0068702_00204.xml,3,beswär_wite_deröfwer_hofrätten_förklara
A0068702_00451.xml,3,beswär_wite_deröfwer_hofrätten_förklara
A0068702_00472.xml,33,hofrätten_saken_parterne_afträdde_ansökning
A0068702_00379.xml,22,tid_års_tiden_utom_anseende
A0068702_00098.xml,25,hofrätten_rådstufwu_pröfwar_följe_anseende
A0068702_00470.xml,37,talan_afseende_målet_fråga_mål
A0068702_00333.xml,33,hofrätten_saken_parterne_afträdde_ansökning
A0068702_00193.xml,33,hofrätten_saken_parterne_afträdde_ansökning
A0068702_00407.xml,33,hofrätten_saken_parterne_afträdde_ansökning
A0068702_00092.xml,25,hofrätten_rådstufwu_pröfwar_följe_anseende
A0068702_00199.xml,34,fiscalen_advocat_rådmannen_rådman_riksens
A0068702_00499.xml,33,hofrätten_saken_parterne_afträdde_ansökning
A0068702_00231.xml,33,hofrätten_saken_parterne_afträdde_ansökning
A0068702_00103.xml,33,hofrätten_saken_parterne_afträdde_ansökning
A0068702_00406.xml,3,beswär_wite_deröfwer_hofrätten_förklara
A0068702_00357.xml,3,beswär_wite_deröfwer_hofrätten_förklara
A0068702_00271.xml,33,hofrätten_saken_parterne_afträdde_ansökning
A0068702_00173.xml,33,hofrätten_saken_parterne_afträdde_ansökning
A0068702_00061.xml,25,hofrätten_rådstufwu_pröfwar_följe_anseende
A0068702_00313.xml,33,hofrätten_saken_parterne_afträdde_ansökning
A0068702_00188.xml,33,hofrätten_saken_parterne_afträdde_ansökning
A0068702_00233.xml,25,hofrätten_rådstufwu_pröfwar_följe_anseende
A0068702_00216.xml,44,fru_förmyndare_testamente_barn_arf
A0068702_00062.xml,33,hofrätten_saken_parterne_afträdde_ansökning
A0068702_00490.xml,25,hofrätten_rådstufwu_pröfwar_följe_anseende
A0068702_00130.xml,33,hofrätten_saken_parterne_afträdde_ansökning
A0068702_00207.xml,33,hofrätten_saken_parterne_afträdde_ansökning
A0068702_00369.xml,25,hofrätten_rådstufwu_pröfwar_följe_anseende
A0068702_00052.xml,33,hofrätten_saken_parterne_afträdde_ansökning
A0068702_00424.xml,44,fru_förmyndare_testamente_barn_arf
A0068702_00115.xml,33,hofrätten_saken_parterne_afträdde_ansökning
A0068702_00217.xml,3,beswär_wite_deröfwer_hofrätten_förklara
A0068702_00168.xml,44,fru_förmyndare_testamente_barn_arf
A0068702_00013.xml,44,fru_förmyndare_testamente_barn_arf
A0068702_00158.xml,33,hofrätten_saken_parterne_afträdde_ansökning
A0068702_00155.xml,33,hofrätten_saken_parterne_afträdde_ansökning
A0068702_00418.xml,33,hofrätten_saken_parterne_afträdde_ansökning
A0068702_00023.xml,33,hofrätten_saken_parterne_afträdde_ansökning
A0068702_00374.xml,33,hofrätten_saken_parterne_afträdde_ansökning
A0068702_00324.xml,22,tid_års_tiden_utom_anseende
A0068702_00318.xml,35,ränta_fordran_räkning_betalning_skuld
A0068702_00458.xml,33,hofrätten_saken_parterne_afträdde_ansökning
A0068702_00478.xml,25,hofrätten_rådstufwu_pröfwar_följe_anseende
A0068702_00453.xml,25,hofrätten_rådstufwu_pröfwar_följe_anseende
A0068702_00240.xml,33,hofrätten_saken_parterne_afträdde_ansökning
A0068702_00331.xml,33,hofrätten_saken_parterne_afträdde_ansökning
A0068702_00025.xml,22,tid_års_tiden_utom_anseende
A0068702_00288.xml,3,beswär_wite_deröfwer_hofrätten_förklara
A0068702_00200.xml,33,hofrätten_saken_parterne_afträdde_ansökning
A0068702_00404.xml,25,hofrätten_rådstufwu_pröfwar_följe_anseende
A0068702_00112.xml,37,talan_afseende_målet_fråga_mål
A0068702_00033.xml,25,hofrätten_rådstufwu_pröfwar_följe_anseende
A0068702_00060.xml,25,hofrätten_rådstufwu_pröfwar_följe_anseende
A0068702_00081.xml,33,hofrätten_saken_parterne_afträdde_ansökning
A0068702_00085.xml,0,rättens_lagmans_resolution_saken_måhl
A0068702_00017.xml,3,beswär_wite_deröfwer_hofrätten_förklara
A0068702_00473.xml,33,hofrätten_saken_parterne_afträdde_ansökning
A0068702_00205.xml,3,beswär_wite_deröfwer_hofrätten_förklara
A0068702_00202.xml,33,hofrätten_saken_parterne_afträdde_ansökning
A0068702_00080.xml,3,beswär_wite_deröfwer_hofrätten_förklara
A0068702_00386.xml,33,hofrätten_saken_parterne_afträdde_ansökning
A0068702_00397.xml,25,hofrätten_rådstufwu_pröfwar_följe_anseende
A0068702_00391.xml,25,hofrätten_rådstufwu_pröfwar_följe_anseende
A0068702_00236.xml,33,hofrätten_saken_parterne_afträdde_ansökning
A0068702_00487.xml,35,ränta_fordran_räkning_betalning_skuld
A0068702_00491.xml,33,hofrätten_saken_parterne_afträdde_ansökning
A0068702_00147.xml,22,tid_års_tiden_utom_anseende
A0068702_00348.xml,33,hofrätten_saken_parterne_afträdde_ansökning
A0068702_00189.xml,33,hofrätten_saken_parterne_afträdde_ansökning
A0068702_00157.xml,33,hofrätten_saken_parterne_afträdde_ansökning
A0068702_00350.xml,35,ränta_fordran_räkning_betalning_skuld
A0068702_00498.xml,33,hofrätten_saken_parterne_afträdde_ansökning
A0068702_00035.xml,3,beswär_wite_deröfwer_hofrätten_förklara
A0068702_00393.xml,34,fiscalen_advocat_rådmannen_rådman_riksens
A0068702_00140.xml,35,ränta_fordran_räkning_betalning_skuld
A0068702_00227.xml,33,hofrätten_saken_parterne_afträdde_ansökning
A0068702_00305.xml,25,hofrätten_rådstufwu_pröfwar_följe_anseende
A0068702_00296.xml,25,hofrätten_rådstufwu_pröfwar_följe_anseende
A0068702_00015.xml,33,hofrätten_saken_parterne_afträdde_ansökning
A0068702_00037.xml,25,hofrätten_rådstufwu_pröfwar_följe_anseende
A0068702_00209.xml,8,sidan_ena_handlingarne_sak_saken
A0068702_00310.xml,22,tid_års_tiden_utom_anseende
A0068702_00476.xml,33,hofrätten_saken_parterne_afträdde_ansökning
A0068702_00230.xml,33,hofrätten_saken_parterne_afträdde_ansökning
A0068702_00163.xml,33,hofrätten_saken_parterne_afträdde_ansökning
A0068702_00334.xml,33,hofrätten_saken_parterne_afträdde_ansökning
A0068702_00455.xml,33,hofrätten_saken_parterne_afträdde_ansökning
A0068702_00146.xml,33,hofrätten_saken_parterne_afträdde_ansökning
A0068702_00229.xml,3,beswär_wite_deröfwer_hofrätten_förklara
A0068702_00142.xml,33,hofrätten_saken_parterne_afträdde_ansökning
A0068702_00436.xml,33,hofrätten_saken_parterne_afträdde_ansökning
A0068702_00165.xml,33,hofrätten_saken_parterne_afträdde_ansökning
A0068702_00117.xml,33,hofrätten_saken_parterne_afträdde_ansökning
A0068702_00156.xml,33,hofrätten_saken_parterne_afträdde_ansökning
A0068702_00301.xml,33,hofrätten_saken_parterne_afträdde_ansökning
A0068702_00434.xml,33,hofrätten_saken_parterne_afträdde_ansökning
A0068702_00383.xml,33,hofrätten_saken_parterne_afträdde_ansökning
A0068702_00467.xml,3,beswär_wite_deröfwer_hofrätten_förklara
A0068702_00143.xml,33,hofrätten_saken_parterne_afträdde_ansökning
A0068702_00187.xml,33,hofrätten_saken_parterne_afträdde_ansökning
A0068702_00363.xml,3,beswär_wite_deröfwer_hofrätten_förklara
A0068702_00192.xml,44,fru_förmyndare_testamente_barn_arf
A0068702_00107.xml,33,hofrätten_saken_parterne_afträdde_ansökning
A0068702_00241.xml,33,hofrätten_saken_parterne_afträdde_ansökning
A0068702_00009.xml,44,fru_förmyndare_testamente_barn_arf
A0068702_00012.xml,18,sahl_samme_hlr_sub_post
A0068702_00484.xml,22,tid_års_tiden_utom_anseende
A0068702_00335.xml,22,tid_års_tiden_utom_anseende
A0068702_00341.xml,35,ränta_fordran_räkning_betalning_skuld
A0068702_00250.xml,35,ränta_fordran_räkning_betalning_skuld
A0068702_00281.xml,33,hofrätten_saken_parterne_afträdde_ansökning
A0068702_00437.xml,33,hofrätten_saken_parterne_afträdde_ansökning
A0068702_00182.xml,33,hofrätten_saken_parterne_afträdde_ansökning
A0068702_00197.xml,33,hofrätten_saken_parterne_afträdde_ansökning
A0068702_00416.xml,33,hofrätten_saken_parterne_afträdde_ansökning
A0068702_00474.xml,33,hofrätten_saken_parterne_afträdde_ansökning
A0068702_00086.xml,3,beswär_wite_deröfwer_hofrätten_förklara
A0068702_00268.xml,33,hofrätten_saken_parterne_afträdde_ansökning
A0068702_00019.xml,25,hofrätten_rådstufwu_pröfwar_följe_anseende
A0068702_00255.xml,33,hofrätten_saken_parterne_afträdde_ansökning
A0068702_00346.xml,33,hofrätten_saken_parterne_afträdde_ansökning
A0068702_00417.xml,25,hofrätten_rådstufwu_pröfwar_följe_anseende
A0068702_00131.xml,8,sidan_ena_handlingarne_sak_saken
A0068702_00384.xml,33,hofrätten_saken_parterne_afträdde_ansökning
A0068702_00051.xml,35,ränta_fordran_räkning_betalning_skuld
A0068702_00291.xml,3,beswär_wite_deröfwer_hofrätten_förklara
A0068702_00042.xml,8,sidan_ena_handlingarne_sak_saken
A0068702_00045.xml,33,hofrätten_saken_parterne_afträdde_ansökning
A0068702_00102.xml,33,hofrätten_saken_parterne_afträdde_ansökning
A0068702_00387.xml,33,hofrätten_saken_parterne_afträdde_ansökning
A0068702_00090.xml,25,hofrätten_rådstufwu_pröfwar_följe_anseende
A0068702_00169.xml,33,hofrätten_saken_parterne_afträdde_ansökning
A0068702_00134.xml,33,hofrätten_saken_parterne_afträdde_ansökning
A0068702_00063.xml,33,hofrätten_saken_parterne_afträdde_ansökning
A0068702_00201.xml,25,hofrätten_rådstufwu_pröfwar_följe_anseende
A0068702_00101.xml,8,sidan_ena_handlingarne_sak_saken
A0068702_00075.xml,44,fru_förmyndare_testamente_barn_arf
A0068702_00410.xml,33,hofrätten_saken_parterne_afträdde_ansökning
A0068702_00076.xml,33,hofrätten_saken_parterne_afträdde_ansökning
A0068702_00016.xml,3,beswär_wite_deröfwer_hofrätten_förklara
A0068702_00237.xml,44,fru_förmyndare_testamente_barn_arf
A0068702_00212.xml,33,hofrätten_saken_parterne_afträdde_ansökning
A0068702_00248.xml,35,ränta_fordran_räkning_betalning_skuld
A0068702_00481.xml,35,ränta_fordran_räkning_betalning_skuld
A0068702_00328.xml,33,hofrätten_saken_parterne_afträdde_ansökning
A0068702_00299.xml,33,hofrätten_saken_parterne_afträdde_ansökning
A0068702_00438.xml,22,tid_års_tiden_utom_anseende
A0068702_00298.xml,33,hofrätten_saken_parterne_afträdde_ansökning
A0068702_00261.xml,33,hofrätten_saken_parterne_afträdde_ansökning
A0068702_00494.xml,25,hofrätten_rådstufwu_pröfwar_följe_anseende
A0068702_00106.xml,33,hofrätten_saken_parterne_afträdde_ansökning
A0068702_00306.xml,22,tid_års_tiden_utom_anseende
A0068702_00064.xml,33,hofrätten_saken_parterne_afträdde_ansökning
A0068702_00050.xml,25,hofrätten_rådstufwu_pröfwar_följe_anseende
A0068702_00454.xml,33,hofrätten_saken_parterne_afträdde_ansökning
A0068702_00317.xml,33,hofrätten_saken_parterne_afträdde_ansökning
A0068702_00072.xml,22,tid_års_tiden_utom_anseende
A0068702_00366.xml,33,hofrätten_saken_parterne_afträdde_ansökning
A0068702_00018.xml,33,hofrätten_saken_parterne_afträdde_ansökning
A0068702_00492.xml,33,hofrätten_saken_parterne_afträdde_ansökning
A0068702_00121.xml,33,hofrätten_saken_parterne_afträdde_ansökning
A0068702_00110.xml,33,hofrätten_saken_parterne_afträdde_ansökning
A0068702_00055.xml,33,hofrätten_saken_parterne_afträdde_ansökning
A0068702_00385.xml,33,hofrätten_saken_parterne_afträdde_ansökning
A0068702_00010.xml,30,lieutenanten_capitainen_borgmästaren_enka_borgenärer
A0068702_00394.xml,25,hofrätten_rådstufwu_pröfwar_följe_anseende
A0068702_00048.xml,33,hofrätten_saken_parterne_afträdde_ansökning
A0068702_00283.xml,33,hofrätten_saken_parterne_afträdde_ansökning
A0068702_00059.xml,33,hofrätten_saken_parterne_afträdde_ansökning
A0068702_00358.xml,3,beswär_wite_deröfwer_hofrätten_förklara
A0068702_00319.xml,33,hofrätten_saken_parterne_afträdde_ansökning
A0068702_00372.xml,33,hofrätten_saken_parterne_afträdde_ansökning
A0068702_00326.xml,33,hofrätten_saken_parterne_afträdde_ansökning
A0068702_00031.xml,33,hofrätten_saken_parterne_afträdde_ansökning
A0068702_00007.xml,42,berg_maii_aprill_dahl_ingifva
A0068702_00316.xml,33,hofrätten_saken_parterne_afträdde_ansökning
A0068702_00273.xml,33,hofrätten_saken_parterne_afträdde_ansökning
A0068702_00123.xml,33,hofrätten_saken_parterne_afträdde_ansökning
A0068702_00425.xml,1,wittnen_wittnet_berättelse_tagit_sedt
A0068702_00118.xml,33,hofrätten_saken_parterne_afträdde_ansökning
A0068702_00403.xml,33,hofrätten_saken_parterne_afträdde_ansökning
A0068702_00056.xml,25,hofrätten_rådstufwu_pröfwar_följe_anseende
A0068702_00218.xml,33,hofrätten_saken_parterne_afträdde_ansökning
A0068702_00399.xml,33,hofrätten_saken_parterne_afträdde_ansökning
A0068702_00367.xml,33,hofrätten_saken_parterne_afträdde_ansökning
A0068702_00314.xml,33,hofrätten_saken_parterne_afträdde_ansökning
A0068702_00129.xml,25,hofrätten_rådstufwu_pröfwar_följe_anseende
A0068702_00068.xml,25,hofrätten_rådstufwu_pröfwar_följe_anseende
A0068702_00396.xml,25,hofrätten_rådstufwu_pröfwar_följe_anseende
A0068702_00132.xml,33,hofrätten_saken_parterne_afträdde_ansökning
A0068702_00323.xml,25,hofrätten_rådstufwu_pröfwar_följe_anseende
A0068702_00395.xml,33,hofrätten_saken_parterne_afträdde_ansökning
A0068702_00137.xml,33,hofrätten_saken_parterne_afträdde_ansökning
A0068702_00126.xml,33,hofrätten_saken_parterne_afträdde_ansökning
A0068702_00340.xml,3,beswär_wite_deröfwer_hofrätten_förklara
A0068702_00339.xml,3,beswär_wite_deröfwer_hofrätten_förklara
A0068702_00378.xml,33,hofrätten_saken_parterne_afträdde_ansökning
A0068702_00388.xml,25,hofrätten_rådstufwu_pröfwar_följe_anseende
A0068702_00223.xml,33,hofrätten_saken_parterne_afträdde_ansökning
A0068702_00342.xml,33,hofrätten_saken_parterne_afträdde_ansökning
A0068702_00448.xml,33,hofrätten_saken_parterne_afträdde_ansökning
A0068702_00027.xml,3,beswär_wite_deröfwer_hofrätten_förklara
A0068702_00364.xml,35,ränta_fordran_räkning_betalning_skuld
A0068702_00066.xml,3,beswär_wite_deröfwer_hofrätten_förklara
A0068702_00439.xml,22,tid_års_tiden_utom_anseende
A0068702_00475.xml,22,tid_års_tiden_utom_anseende
A0068702_00259.xml,33,hofrätten_saken_parterne_afträdde_ansökning
A0068702_00091.xml,25,hofrätten_rådstufwu_pröfwar_följe_anseende
A0068702_00014.xml,30,lieutenanten_capitainen_borgmästaren_enka_borgenärer
A0068702_00116.xml,33,hofrätten_saken_parterne_afträdde_ansökning
A0068702_00320.xml,33,hofrätten_saken_parterne_afträdde_ansökning
A0068702_00349.xml,33,hofrätten_saken_parterne_afträdde_ansökning
A0068702_00375.xml,33,hofrätten_saken_parterne_afträdde_ansökning
A0068702_00034.xml,3,beswär_wite_deröfwer_hofrätten_förklara
A0068702_00275.xml,45,huset_lagmannen_jöran_boende_doom
A0068702_00099.xml,25,hofrätten_rådstufwu_pröfwar_följe_anseende
A0068702_00327.xml,37,talan_afseende_målet_fråga_mål
A0068702_00043.xml,3,beswär_wite_deröfwer_hofrätten_förklara
A0068702_00211.xml,33,hofrätten_saken_parterne_afträdde_ansökning
A0068702_00260.xml,22,tid_års_tiden_utom_anseende
A0068702_00144.xml,25,hofrätten_rådstufwu_pröfwar_följe_anseende
A0068702_00198.xml,33,hofrätten_saken_parterne_afträdde_ansökning
A0068702_00329.xml,44,fru_förmyndare_testamente_barn_arf
A0068702_00456.xml,3,beswär_wite_deröfwer_hofrätten_förklara
A0068702_00078.xml,33,hofrätten_saken_parterne_afträdde_ansökning
A0068702_00208.xml,3,beswär_wite_deröfwer_hofrätten_förklara
A0068702_00021.xml,33,hofrätten_saken_parterne_afträdde_ansökning
A0068702_00322.xml,33,hofrätten_saken_parterne_afträdde_ansökning
A0068702_00408.xml,22,tid_års_tiden_utom_anseende
A0068702_00428.xml,25,hofrätten_rådstufwu_pröfwar_följe_anseende
A0068702_00258.xml,33,hofrätten_saken_parterne_afträdde_ansökning
A0068702_00280.xml,33,hofrätten_saken_parterne_afträdde_ansökning
A0068702_00497.xml,33,hofrätten_saken_parterne_afträdde_ansökning
A0068702_00392.xml,25,hofrätten_rådstufwu_pröfwar_följe_anseende
A0068702_00030.xml,33,hofrätten_saken_parterne_afträdde_ansökning
A0068702_00292.xml,33,hofrätten_saken_parterne_afträdde_ansökning
A0068702_00047.xml,25,hofrätten_rådstufwu_pröfwar_följe_anseende
A0067168_00134.xml,22,tid_års_tiden_utom_anseende
A0067168_00096.xml,22,tid_års_tiden_utom_anseende
A0067168_00127.xml,22,tid_års_tiden_utom_anseende
A0067168_00116.xml,22,tid_års_tiden_utom_anseende
A0067168_00029.xml,22,tid_års_tiden_utom_anseende
A0067168_00040.xml,22,tid_års_tiden_utom_anseende
A0067168_00153.xml,22,tid_års_tiden_utom_anseende
A0067168_00122.xml,22,tid_års_tiden_utom_anseende
A0067168_00074.xml,35,ränta_fordran_räkning_betalning_skuld
A0067168_00028.xml,22,tid_års_tiden_utom_anseende
A0067168_00047.xml,22,tid_års_tiden_utom_anseende
A0067168_00098.xml,22,tid_års_tiden_utom_anseende
A0067168_00073.xml,22,tid_års_tiden_utom_anseende
A0067168_00093.xml,1,wittnen_wittnet_berättelse_tagit_sedt
A0067168_00150.xml,22,tid_års_tiden_utom_anseende
A0067168_00056.xml,17,bergs_ting_påstående_bruks_käranden
A0067168_00013.xml,22,tid_års_tiden_utom_anseende
A0067168_00025.xml,22,tid_års_tiden_utom_anseende
A0067168_00113.xml,22,tid_års_tiden_utom_anseende
A0067168_00048.xml,37,talan_afseende_målet_fråga_mål
A0067168_00181.xml,22,tid_års_tiden_utom_anseende
A0067168_00117.xml,37,talan_afseende_målet_fråga_mål
A0067168_00084.xml,22,tid_års_tiden_utom_anseende
A0067168_00145.xml,22,tid_års_tiden_utom_anseende
A0067168_00160.xml,35,ränta_fordran_räkning_betalning_skuld
A0067168_00026.xml,22,tid_års_tiden_utom_anseende
A0067168_00036.xml,22,tid_års_tiden_utom_anseende
A0067168_00133.xml,22,tid_års_tiden_utom_anseende
A0067168_00019.xml,22,tid_års_tiden_utom_anseende
A0067168_00171.xml,22,tid_års_tiden_utom_anseende
A0067168_00072.xml,22,tid_års_tiden_utom_anseende
A0067168_00164.xml,22,tid_års_tiden_utom_anseende
A0067168_00042.xml,22,tid_års_tiden_utom_anseende
A0067168_00052.xml,22,tid_års_tiden_utom_anseende
A0067168_00130.xml,22,tid_års_tiden_utom_anseende
A0067168_00124.xml,22,tid_års_tiden_utom_anseende
A0067168_00033.xml,22,tid_års_tiden_utom_anseende
A0067168_00061.xml,22,tid_års_tiden_utom_anseende
A0067168_00017.xml,22,tid_års_tiden_utom_anseende
A0067168_00102.xml,22,tid_års_tiden_utom_anseende
A0067168_00035.xml,22,tid_års_tiden_utom_anseende
A0067168_00154.xml,22,tid_års_tiden_utom_anseende
A0067168_00023.xml,22,tid_års_tiden_utom_anseende
A0067168_00173.xml,22,tid_års_tiden_utom_anseende
A0067168_00080.xml,22,tid_års_tiden_utom_anseende
A0067168_00166.xml,22,tid_års_tiden_utom_anseende
A0067168_00174.xml,22,tid_års_tiden_utom_anseende
A0067168_00024.xml,22,tid_års_tiden_utom_anseende
A0067168_00091.xml,22,tid_års_tiden_utom_anseende
A0067168_00030.xml,22,tid_års_tiden_utom_anseende
A0067168_00071.xml,22,tid_års_tiden_utom_anseende
A0067168_00014.xml,33,hofrätten_saken_parterne_afträdde_ansökning
A0067168_00060.xml,22,tid_års_tiden_utom_anseende
A0067168_00131.xml,22,tid_års_tiden_utom_anseende
A0067168_00155.xml,22,tid_års_tiden_utom_anseende
A0067168_00105.xml,22,tid_års_tiden_utom_anseende
A0067168_00095.xml,1,wittnen_wittnet_berättelse_tagit_sedt
A0067168_00065.xml,22,tid_års_tiden_utom_anseende
A0067168_00086.xml,22,tid_års_tiden_utom_anseende
A0067168_00008.xml,22,tid_års_tiden_utom_anseende
A0067168_00148.xml,22,tid_års_tiden_utom_anseende
A0067168_00142.xml,22,tid_års_tiden_utom_anseende
A0067168_00172.xml,22,tid_års_tiden_utom_anseende
A0067168_00057.xml,22,tid_års_tiden_utom_anseende
A0067168_00125.xml,22,tid_års_tiden_utom_anseende
A0067168_00016.xml,22,tid_års_tiden_utom_anseende
A0067168_00118.xml,22,tid_års_tiden_utom_anseende
A0067168_00049.xml,22,tid_års_tiden_utom_anseende
A0067168_00062.xml,22,tid_års_tiden_utom_anseende
A0067168_00041.xml,22,tid_års_tiden_utom_anseende
A0067168_00115.xml,22,tid_års_tiden_utom_anseende
A0067168_00141.xml,22,tid_års_tiden_utom_anseende
A0067168_00079.xml,22,tid_års_tiden_utom_anseende
A0067168_00059.xml,22,tid_års_tiden_utom_anseende
A0067168_00058.xml,22,tid_års_tiden_utom_anseende
A0067168_00051.xml,22,tid_års_tiden_utom_anseende
A0067168_00022.xml,12,häradshöfdingen_hofrätten_riddaren_mål_närwarande
A0067168_00185.xml,22,tid_års_tiden_utom_anseende
A0067168_00082.xml,17,bergs_ting_påstående_bruks_käranden
A0067168_00078.xml,22,tid_års_tiden_utom_anseende
A0067168_00182.xml,22,tid_års_tiden_utom_anseende
A0067168_00007.xml,22,tid_års_tiden_utom_anseende
A0067168_00110.xml,22,tid_års_tiden_utom_anseende
A0067168_00100.xml,22,tid_års_tiden_utom_anseende
A0067168_00087.xml,22,tid_års_tiden_utom_anseende
A0067168_00031.xml,22,tid_års_tiden_utom_anseende
A0067168_00132.xml,22,tid_års_tiden_utom_anseende
A0067168_00109.xml,22,tid_års_tiden_utom_anseende
A0067168_00111.xml,22,tid_års_tiden_utom_anseende
A0067168_00009.xml,22,tid_års_tiden_utom_anseende
A0067168_00038.xml,22,tid_års_tiden_utom_anseende
A0067168_00032.xml,22,tid_års_tiden_utom_anseende
A0067168_00144.xml,22,tid_års_tiden_utom_anseende
A0067168_00120.xml,22,tid_års_tiden_utom_anseende
A0067168_00046.xml,22,tid_års_tiden_utom_anseende
A0067168_00076.xml,22,tid_års_tiden_utom_anseende
A0067168_00183.xml,22,tid_års_tiden_utom_anseende
A0067168_00068.xml,22,tid_års_tiden_utom_anseende
A0067168_00054.xml,22,tid_års_tiden_utom_anseende
A0067168_00176.xml,22,tid_års_tiden_utom_anseende
A0067168_00114.xml,22,tid_års_tiden_utom_anseende
A0067168_00053.xml,22,tid_års_tiden_utom_anseende
A0067168_00149.xml,22,tid_års_tiden_utom_anseende
A0067168_00090.xml,22,tid_års_tiden_utom_anseende
A0067168_00027.xml,22,tid_års_tiden_utom_anseende
A0067168_00011.xml,22,tid_års_tiden_utom_anseende
A0067168_00043.xml,22,tid_års_tiden_utom_anseende
A0067168_00163.xml,22,tid_års_tiden_utom_anseende
A0067168_00010.xml,22,tid_års_tiden_utom_anseende
A0067168_00075.xml,22,tid_års_tiden_utom_anseende
A0067168_00034.xml,22,tid_års_tiden_utom_anseende
A0067168_00119.xml,22,tid_års_tiden_utom_anseende
A0067168_00044.xml,22,tid_års_tiden_utom_anseende
A0067168_00123.xml,22,tid_års_tiden_utom_anseende
A0067168_00143.xml,22,tid_års_tiden_utom_anseende
A0067168_00069.xml,22,tid_års_tiden_utom_anseende
A0067168_00156.xml,22,tid_års_tiden_utom_anseende
A0067168_00121.xml,22,tid_års_tiden_utom_anseende
A0067168_00177.xml,22,tid_års_tiden_utom_anseende
A0067168_00083.xml,22,tid_års_tiden_utom_anseende
A0067168_00152.xml,22,tid_års_tiden_utom_anseende
A0067168_00104.xml,1,wittnen_wittnet_berättelse_tagit_sedt
A0067168_00103.xml,1,wittnen_wittnet_berättelse_tagit_sedt
A0067168_00135.xml,22,tid_års_tiden_utom_anseende
A0067168_00157.xml,22,tid_års_tiden_utom_anseende
A0067168_00129.xml,22,tid_års_tiden_utom_anseende
A0067168_00126.xml,22,tid_års_tiden_utom_anseende
A0067168_00020.xml,22,tid_års_tiden_utom_anseende
A0067168_00050.xml,22,tid_års_tiden_utom_anseende
A0067168_00170.xml,22,tid_års_tiden_utom_anseende
A0067168_00136.xml,22,tid_års_tiden_utom_anseende
A0067168_00101.xml,22,tid_års_tiden_utom_anseende
A0067168_00161.xml,22,tid_års_tiden_utom_anseende
A0067168_00184.xml,22,tid_års_tiden_utom_anseende
A0067168_00178.xml,22,tid_års_tiden_utom_anseende
A0067168_00180.xml,22,tid_års_tiden_utom_anseende
A0067168_00088.xml,22,tid_års_tiden_utom_anseende
A0067168_00140.xml,22,tid_års_tiden_utom_anseende
A0067168_00015.xml,22,tid_års_tiden_utom_anseende
A0067168_00018.xml,22,tid_års_tiden_utom_anseende
A0067168_00159.xml,22,tid_års_tiden_utom_anseende
A0067168_00097.xml,22,tid_års_tiden_utom_anseende
A0067168_00089.xml,22,tid_års_tiden_utom_anseende
A0067168_00012.xml,22,tid_års_tiden_utom_anseende
A0067168_00108.xml,22,tid_års_tiden_utom_anseende
A0067168_00112.xml,22,tid_års_tiden_utom_anseende
A0067168_00162.xml,22,tid_års_tiden_utom_anseende
A0067168_00077.xml,22,tid_års_tiden_utom_anseende
A0067168_00094.xml,1,wittnen_wittnet_berättelse_tagit_sedt
A0067168_00063.xml,22,tid_års_tiden_utom_anseende
A0067168_00081.xml,17,bergs_ting_påstående_bruks_käranden
A0067168_00067.xml,22,tid_års_tiden_utom_anseende
A0067168_00151.xml,22,tid_års_tiden_utom_anseende
A0067168_00106.xml,22,tid_års_tiden_utom_anseende
A0067168_00045.xml,22,tid_års_tiden_utom_anseende
A0067168_00175.xml,22,tid_års_tiden_utom_anseende
A0067168_00186.xml,35,ränta_fordran_räkning_betalning_skuld
A0067168_00037.xml,22,tid_års_tiden_utom_anseende
A0067168_00070.xml,22,tid_års_tiden_utom_anseende
A0067168_00158.xml,22,tid_års_tiden_utom_anseende
A0067168_00039.xml,22,tid_års_tiden_utom_anseende
A0067168_00165.xml,22,tid_års_tiden_utom_anseende
A0067168_00168.xml,22,tid_års_tiden_utom_anseende
A0067168_00055.xml,22,tid_års_tiden_utom_anseende
A0067168_00146.xml,22,tid_års_tiden_utom_anseende
A0067168_00064.xml,22,tid_års_tiden_utom_anseende
A0067168_00169.xml,22,tid_års_tiden_utom_anseende
A0067168_00107.xml,1,wittnen_wittnet_berättelse_tagit_sedt
A0067168_00147.xml,22,tid_års_tiden_utom_anseende
A0067168_00179.xml,22,tid_års_tiden_utom_anseende
A0067168_00128.xml,22,tid_års_tiden_utom_anseende
A0067168_00066.xml,22,tid_års_tiden_utom_anseende
A0067168_00099.xml,22,tid_års_tiden_utom_anseende
A0067168_00092.xml,17,bergs_ting_påstående_bruks_käranden
A0067168_00021.xml,22,tid_års_tiden_utom_anseende
A0067168_00137.xml,22,tid_års_tiden_utom_anseende
A0067168_00085.xml,22,tid_års_tiden_utom_anseende
A0067168_00167.xml,22,tid_års_tiden_utom_anseende
A0067168_00139.xml,22,tid_års_tiden_utom_anseende
A0068444_00289.xml,41,män_emoot_huus_haar_tienare
A0068444_00276.xml,38,grefwe_hoffrätten_herre_sweriges_råd
A0068444_00612.xml,19,åhrs_wedh_utj_wed_äre
A0068444_00434.xml,10,will_willia_ähre_gudh_saken
A0068444_00693.xml,38,grefwe_hoffrätten_herre_sweriges_råd
A0068444_00075.xml,10,will_willia_ähre_gudh_saken
A0068444_00115.xml,43,hustru_dotter_hustrus_barn_christina
A0068444_00647.xml,10,will_willia_ähre_gudh_saken
A0068444_00757.xml,19,åhrs_wedh_utj_wed_äre
A0068444_00731.xml,10,will_willia_ähre_gudh_saken
A0068444_00044.xml,38,grefwe_hoffrätten_herre_sweriges_råd
A0068444_00490.xml,41,män_emoot_huus_haar_tienare
A0068444_00506.xml,10,will_willia_ähre_gudh_saken
A0068444_00502.xml,41,män_emoot_huus_haar_tienare
A0068444_00198.xml,38,grefwe_hoffrätten_herre_sweriges_råd
A0068444_00529.xml,10,will_willia_ähre_gudh_saken
A0068444_00601.xml,0,rättens_lagmans_resolution_saken_måhl
A0068444_00505.xml,25,hofrätten_rådstufwu_pröfwar_följe_anseende
A0068444_00553.xml,19,åhrs_wedh_utj_wed_äre
A0068444_00204.xml,10,will_willia_ähre_gudh_saken
A0068444_00259.xml,19,åhrs_wedh_utj_wed_äre
A0068444_00171.xml,10,will_willia_ähre_gudh_saken
A0068444_00279.xml,19,åhrs_wedh_utj_wed_äre
A0068444_00225.xml,19,åhrs_wedh_utj_wed_äre
A0068444_00688.xml,29,swarade_domb_inspectoren_dehl_straxt
A0068444_00617.xml,19,åhrs_wedh_utj_wed_äre
A0068444_00674.xml,10,will_willia_ähre_gudh_saken
A0068444_00103.xml,28,summa_betalt_interesse_specie_penningar
A0068444_00010.xml,0,rättens_lagmans_resolution_saken_måhl
A0068444_00697.xml,10,will_willia_ähre_gudh_saken
A0068444_00551.xml,19,åhrs_wedh_utj_wed_äre
A0068444_00026.xml,28,summa_betalt_interesse_specie_penningar
A0068444_00118.xml,19,åhrs_wedh_utj_wed_äre
A0068444_00598.xml,10,will_willia_ähre_gudh_saken
A0068444_00543.xml,19,åhrs_wedh_utj_wed_äre
A0068444_00404.xml,19,åhrs_wedh_utj_wed_äre
A0068444_00485.xml,19,åhrs_wedh_utj_wed_äre
A0068444_00214.xml,11,namn_undergå_fängelse_bröd_dagars
A0068444_00127.xml,38,grefwe_hoffrätten_herre_sweriges_råd
A0068444_00117.xml,19,åhrs_wedh_utj_wed_äre
A0068444_00021.xml,10,will_willia_ähre_gudh_saken
A0068444_00571.xml,10,will_willia_ähre_gudh_saken
A0068444_00253.xml,38,grefwe_hoffrätten_herre_sweriges_råd
A0068444_00557.xml,19,åhrs_wedh_utj_wed_äre
A0068444_00423.xml,10,will_willia_ähre_gudh_saken
A0068444_00482.xml,10,will_willia_ähre_gudh_saken
A0068444_00022.xml,10,will_willia_ähre_gudh_saken
A0068444_00065.xml,42,berg_maii_aprill_dahl_ingifva
A0068444_00447.xml,10,will_willia_ähre_gudh_saken
A0068444_00392.xml,10,will_willia_ähre_gudh_saken
A0068444_00148.xml,0,rättens_lagmans_resolution_saken_måhl
A0068444_00600.xml,10,will_willia_ähre_gudh_saken
A0068444_00539.xml,10,will_willia_ähre_gudh_saken
A0068444_00433.xml,10,will_willia_ähre_gudh_saken
A0068444_00147.xml,18,sahl_samme_hlr_sub_post
A0068444_00621.xml,10,will_willia_ähre_gudh_saken
A0068444_00663.xml,38,grefwe_hoffrätten_herre_sweriges_råd
A0068444_00615.xml,27,eder_for_etc_herman_wie
A0068444_00720.xml,0,rättens_lagmans_resolution_saken_måhl
A0068444_00274.xml,39,contract_grufwan_contractet_sökia_hafwande
A0068444_00184.xml,10,will_willia_ähre_gudh_saken
A0068444_00191.xml,19,åhrs_wedh_utj_wed_äre
A0068444_00088.xml,33,hofrätten_saken_parterne_afträdde_ansökning
A0068444_00236.xml,9,öre_may_nembl_hustro_breff
A0068444_00161.xml,19,åhrs_wedh_utj_wed_äre
A0068444_00334.xml,0,rättens_lagmans_resolution_saken_måhl
A0068444_00761.xml,38,grefwe_hoffrätten_herre_sweriges_råd
A0068444_00527.xml,10,will_willia_ähre_gudh_saken
A0068444_00200.xml,38,grefwe_hoffrätten_herre_sweriges_råd
A0068444_00734.xml,10,will_willia_ähre_gudh_saken
A0068444_00210.xml,10,will_willia_ähre_gudh_saken
A0068444_00176.xml,10,will_willia_ähre_gudh_saken
A0068444_00658.xml,25,hofrätten_rådstufwu_pröfwar_följe_anseende
A0068444_00639.xml,10,will_willia_ähre_gudh_saken
A0068444_00181.xml,19,åhrs_wedh_utj_wed_äre
A0068444_00467.xml,10,will_willia_ähre_gudh_saken
A0068444_00648.xml,19,åhrs_wedh_utj_wed_äre
A0068444_00101.xml,9,öre_may_nembl_hustro_breff
A0068444_00536.xml,38,grefwe_hoffrätten_herre_sweriges_råd
A0068444_00340.xml,10,will_willia_ähre_gudh_saken
A0068444_00226.xml,10,will_willia_ähre_gudh_saken
A0068444_00015.xml,10,will_willia_ähre_gudh_saken
A0068444_00064.xml,38,grefwe_hoffrätten_herre_sweriges_råd
A0068444_00278.xml,10,will_willia_ähre_gudh_saken
A0068444_00538.xml,10,will_willia_ähre_gudh_saken
A0068444_00513.xml,10,will_willia_ähre_gudh_saken
A0068444_00708.xml,10,will_willia_ähre_gudh_saken
A0068444_00642.xml,10,will_willia_ähre_gudh_saken
A0068444_00655.xml,19,åhrs_wedh_utj_wed_äre
A0068444_00068.xml,0,rättens_lagmans_resolution_saken_måhl
A0068444_00400.xml,10,will_willia_ähre_gudh_saken
A0068444_00548.xml,29,swarade_domb_inspectoren_dehl_straxt
A0068444_00251.xml,10,will_willia_ähre_gudh_saken
A0068444_00072.xml,15,tijdh_hindrich_compagnie_saaken_banquen
A0068444_00569.xml,10,will_willia_ähre_gudh_saken
A0068444_00192.xml,18,sahl_samme_hlr_sub_post
A0068444_00336.xml,38,grefwe_hoffrätten_herre_sweriges_råd
A0068444_00174.xml,10,will_willia_ähre_gudh_saken
A0068444_00544.xml,19,åhrs_wedh_utj_wed_äre
A0068444_00577.xml,8,sidan_ena_handlingarne_sak_saken
A0068444_00281.xml,10,will_willia_ähre_gudh_saken
A0068444_00337.xml,19,åhrs_wedh_utj_wed_äre
A0068444_00350.xml,10,will_willia_ähre_gudh_saken
A0068444_00451.xml,10,will_willia_ähre_gudh_saken
A0068444_00030.xml,38,grefwe_hoffrätten_herre_sweriges_råd
A0068444_00763.xml,10,will_willia_ähre_gudh_saken
A0068444_00185.xml,10,will_willia_ähre_gudh_saken
A0068444_00089.xml,10,will_willia_ähre_gudh_saken
A0068444_00298.xml,10,will_willia_ähre_gudh_saken
A0068444_00416.xml,19,åhrs_wedh_utj_wed_äre
A0068444_00643.xml,10,will_willia_ähre_gudh_saken
A0068444_00541.xml,10,will_willia_ähre_gudh_saken
A0068444_00231.xml,10,will_willia_ähre_gudh_saken
A0068444_00141.xml,19,åhrs_wedh_utj_wed_äre
A0068444_00422.xml,7,hemman_hemmanet_ägor_jord_skatte
A0068444_00377.xml,38,grefwe_hoffrätten_herre_sweriges_råd
A0068444_00019.xml,19,åhrs_wedh_utj_wed_äre
A0068444_00651.xml,10,will_willia_ähre_gudh_saken
A0068444_00653.xml,29,swarade_domb_inspectoren_dehl_straxt
A0068444_00509.xml,15,tijdh_hindrich_compagnie_saaken_banquen
A0068444_00742.xml,10,will_willia_ähre_gudh_saken
A0068444_00637.xml,10,will_willia_ähre_gudh_saken
A0068444_00206.xml,10,will_willia_ähre_gudh_saken
A0068444_00285.xml,42,berg_maii_aprill_dahl_ingifva
A0068444_00344.xml,38,grefwe_hoffrätten_herre_sweriges_råd
A0068444_00366.xml,10,will_willia_ähre_gudh_saken
A0068444_00741.xml,19,åhrs_wedh_utj_wed_äre
A0068444_00570.xml,38,grefwe_hoffrätten_herre_sweriges_råd
A0068444_00556.xml,7,hemman_hemmanet_ägor_jord_skatte
A0068444_00261.xml,19,åhrs_wedh_utj_wed_äre
A0068444_00483.xml,19,åhrs_wedh_utj_wed_äre
A0068444_00318.xml,10,will_willia_ähre_gudh_saken
A0068444_00679.xml,0,rättens_lagmans_resolution_saken_måhl
A0068444_00628.xml,10,will_willia_ähre_gudh_saken
A0068444_00301.xml,19,åhrs_wedh_utj_wed_äre
A0068444_00754.xml,10,will_willia_ähre_gudh_saken
A0068444_00024.xml,19,åhrs_wedh_utj_wed_äre
A0068444_00166.xml,10,will_willia_ähre_gudh_saken
A0068444_00566.xml,10,will_willia_ähre_gudh_saken
A0068444_00687.xml,10,will_willia_ähre_gudh_saken
A0068444_00216.xml,0,rättens_lagmans_resolution_saken_måhl
A0068444_00779.xml,38,grefwe_hoffrätten_herre_sweriges_råd
A0068444_00023.xml,38,grefwe_hoffrätten_herre_sweriges_råd
A0068444_00257.xml,10,will_willia_ähre_gudh_saken
A0068444_00296.xml,37,talan_afseende_målet_fråga_mål
A0068444_00144.xml,10,will_willia_ähre_gudh_saken
A0068444_00205.xml,19,åhrs_wedh_utj_wed_äre
A0068444_00365.xml,10,will_willia_ähre_gudh_saken
A0068444_00484.xml,10,will_willia_ähre_gudh_saken
A0068444_00616.xml,10,will_willia_ähre_gudh_saken
A0068444_00641.xml,19,åhrs_wedh_utj_wed_äre
A0068444_00453.xml,19,åhrs_wedh_utj_wed_äre
A0068444_00042.xml,10,will_willia_ähre_gudh_saken
A0068444_00239.xml,1,wittnen_wittnet_berättelse_tagit_sedt
A0068444_00702.xml,10,will_willia_ähre_gudh_saken
A0068444_00640.xml,19,åhrs_wedh_utj_wed_äre
A0068444_00714.xml,19,åhrs_wedh_utj_wed_äre
A0068444_00113.xml,10,will_willia_ähre_gudh_saken
A0068444_00634.xml,0,rättens_lagmans_resolution_saken_måhl
A0068444_00450.xml,10,will_willia_ähre_gudh_saken
A0068444_00470.xml,28,summa_betalt_interesse_specie_penningar
A0068444_00605.xml,21,måns_worden_samuel_bergz_smeden
A0068444_00579.xml,38,grefwe_hoffrätten_herre_sweriges_råd
A0068444_00427.xml,10,will_willia_ähre_gudh_saken
A0068444_00283.xml,10,will_willia_ähre_gudh_saken
A0068444_00455.xml,10,will_willia_ähre_gudh_saken
A0068444_00592.xml,28,summa_betalt_interesse_specie_penningar
A0068444_00740.xml,10,will_willia_ähre_gudh_saken
A0068444_00661.xml,0,rättens_lagmans_resolution_saken_måhl
A0068444_00142.xml,10,will_willia_ähre_gudh_saken
A0068444_00408.xml,0,rättens_lagmans_resolution_saken_måhl
A0068444_00145.xml,10,will_willia_ähre_gudh_saken
A0068444_00514.xml,10,will_willia_ähre_gudh_saken
A0068444_00091.xml,44,fru_förmyndare_testamente_barn_arf
A0068444_00391.xml,10,will_willia_ähre_gudh_saken
A0068444_00031.xml,38,grefwe_hoffrätten_herre_sweriges_råd
A0068444_00129.xml,10,will_willia_ähre_gudh_saken
A0068444_00705.xml,29,swarade_domb_inspectoren_dehl_straxt
A0068444_00701.xml,10,will_willia_ähre_gudh_saken
A0068444_00177.xml,10,will_willia_ähre_gudh_saken
A0068444_00468.xml,19,åhrs_wedh_utj_wed_äre
A0068444_00081.xml,10,will_willia_ähre_gudh_saken
A0068444_00286.xml,38,grefwe_hoffrätten_herre_sweriges_råd
A0068444_00196.xml,38,grefwe_hoffrätten_herre_sweriges_råd
A0068444_00540.xml,10,will_willia_ähre_gudh_saken
A0068444_00458.xml,19,åhrs_wedh_utj_wed_äre
A0068444_00487.xml,10,will_willia_ähre_gudh_saken
A0068444_00303.xml,10,will_willia_ähre_gudh_saken
A0068444_00494.xml,10,will_willia_ähre_gudh_saken
A0068444_00093.xml,28,summa_betalt_interesse_specie_penningar
A0068444_00452.xml,10,will_willia_ähre_gudh_saken
A0068444_00258.xml,10,will_willia_ähre_gudh_saken
A0068444_00664.xml,10,will_willia_ähre_gudh_saken
A0068444_00393.xml,19,åhrs_wedh_utj_wed_äre
A0068444_00533.xml,38,grefwe_hoffrätten_herre_sweriges_råd
A0068444_00407.xml,10,will_willia_ähre_gudh_saken
A0068444_00635.xml,0,rättens_lagmans_resolution_saken_måhl
A0068444_00244.xml,44,fru_förmyndare_testamente_barn_arf
A0068444_00558.xml,0,rättens_lagmans_resolution_saken_måhl
A0068444_00265.xml,0,rättens_lagmans_resolution_saken_måhl
A0068444_00076.xml,10,will_willia_ähre_gudh_saken
A0068444_00221.xml,10,will_willia_ähre_gudh_saken
A0068444_00684.xml,38,grefwe_hoffrätten_herre_sweriges_råd
A0068444_00589.xml,38,grefwe_hoffrätten_herre_sweriges_råd
A0068444_00162.xml,4,majoren_general_sal_godz_öfwersten
A0068444_00053.xml,19,åhrs_wedh_utj_wed_äre
A0068444_00599.xml,10,will_willia_ähre_gudh_saken
A0068444_00315.xml,10,will_willia_ähre_gudh_saken
A0068444_00094.xml,10,will_willia_ähre_gudh_saken
A0068444_00650.xml,10,will_willia_ähre_gudh_saken
A0068444_00130.xml,10,will_willia_ähre_gudh_saken
A0068444_00729.xml,10,will_willia_ähre_gudh_saken
A0068444_00629.xml,30,lieutenanten_capitainen_borgmästaren_enka_borgenärer
A0068444_00109.xml,6,gången_grufwe_wijd_decembr_nästkommande
A0068444_00667.xml,48,person_karl_thomas_fattige_isaac
A0068444_00716.xml,0,rättens_lagmans_resolution_saken_måhl
A0068444_00061.xml,10,will_willia_ähre_gudh_saken
A0068444_00419.xml,10,will_willia_ähre_gudh_saken
A0068444_00124.xml,10,will_willia_ähre_gudh_saken
A0068444_00348.xml,10,will_willia_ähre_gudh_saken
A0068444_00373.xml,10,will_willia_ähre_gudh_saken
A0068444_00168.xml,19,åhrs_wedh_utj_wed_äre
A0068444_00150.xml,38,grefwe_hoffrätten_herre_sweriges_råd
A0068444_00203.xml,10,will_willia_ähre_gudh_saken
A0068444_00037.xml,38,grefwe_hoffrätten_herre_sweriges_råd
A0068444_00245.xml,10,will_willia_ähre_gudh_saken
A0068444_00706.xml,10,will_willia_ähre_gudh_saken
A0068444_00146.xml,19,åhrs_wedh_utj_wed_äre
A0068444_00047.xml,0,rättens_lagmans_resolution_saken_måhl
A0068444_00535.xml,38,grefwe_hoffrätten_herre_sweriges_råd
A0068444_00574.xml,22,tid_års_tiden_utom_anseende
A0068444_00492.xml,10,will_willia_ähre_gudh_saken
A0068444_00421.xml,10,will_willia_ähre_gudh_saken
A0068444_00085.xml,0,rättens_lagmans_resolution_saken_måhl
A0068444_00219.xml,21,måns_worden_samuel_bergz_smeden
A0068444_00153.xml,19,åhrs_wedh_utj_wed_äre
A0068444_00290.xml,7,hemman_hemmanet_ägor_jord_skatte
A0068444_00760.xml,10,will_willia_ähre_gudh_saken
A0068444_00156.xml,19,åhrs_wedh_utj_wed_äre
A0068444_00321.xml,10,will_willia_ähre_gudh_saken
A0068444_00776.xml,10,will_willia_ähre_gudh_saken
A0068444_00051.xml,5,skal_sit_elr_domen_assessor
A0068444_00777.xml,0,rättens_lagmans_resolution_saken_måhl
A0068444_00735.xml,10,will_willia_ähre_gudh_saken
A0068444_00680.xml,10,will_willia_ähre_gudh_saken
A0068444_00430.xml,44,fru_förmyndare_testamente_barn_arf
A0068444_00602.xml,37,talan_afseende_målet_fråga_mål
A0068444_00228.xml,10,will_willia_ähre_gudh_saken
A0068444_00552.xml,19,åhrs_wedh_utj_wed_äre
A0068444_00588.xml,38,grefwe_hoffrätten_herre_sweriges_råd
A0068444_00372.xml,10,will_willia_ähre_gudh_saken
A0068444_00652.xml,10,will_willia_ähre_gudh_saken
A0068444_00299.xml,10,will_willia_ähre_gudh_saken
A0068444_00008.xml,10,will_willia_ähre_gudh_saken
A0068444_00685.xml,38,grefwe_hoffrätten_herre_sweriges_råd
A0068444_00402.xml,0,rättens_lagmans_resolution_saken_måhl
A0068444_00009.xml,18,sahl_samme_hlr_sub_post
A0068444_00151.xml,10,will_willia_ähre_gudh_saken
A0068444_00399.xml,0,rättens_lagmans_resolution_saken_måhl
A0068444_00649.xml,10,will_willia_ähre_gudh_saken
A0068444_00178.xml,19,åhrs_wedh_utj_wed_äre
A0068444_00463.xml,28,summa_betalt_interesse_specie_penningar
A0068444_00329.xml,0,rättens_lagmans_resolution_saken_måhl
A0068444_00288.xml,10,will_willia_ähre_gudh_saken
A0068444_00020.xml,19,åhrs_wedh_utj_wed_äre
A0068444_00737.xml,19,åhrs_wedh_utj_wed_äre
A0068444_00160.xml,19,åhrs_wedh_utj_wed_äre
A0068444_00284.xml,10,will_willia_ähre_gudh_saken
A0068444_00522.xml,10,will_willia_ähre_gudh_saken
A0068444_00473.xml,14,skog_skogen_mark_grefve_östra
A0068444_00461.xml,29,swarade_domb_inspectoren_dehl_straxt
A0068444_00420.xml,10,will_willia_ähre_gudh_saken
A0068444_00043.xml,19,åhrs_wedh_utj_wed_äre
A0068444_00256.xml,10,will_willia_ähre_gudh_saken
A0068444_00378.xml,3,beswär_wite_deröfwer_hofrätten_förklara
A0068444_00390.xml,10,will_willia_ähre_gudh_saken
A0068444_00401.xml,19,åhrs_wedh_utj_wed_äre
A0068444_00108.xml,19,åhrs_wedh_utj_wed_äre
A0068444_00382.xml,5,skal_sit_elr_domen_assessor
A0068444_00092.xml,18,sahl_samme_hlr_sub_post
A0068444_00385.xml,0,rättens_lagmans_resolution_saken_måhl
A0068444_00199.xml,10,will_willia_ähre_gudh_saken
A0068444_00425.xml,10,will_willia_ähre_gudh_saken
A0068444_00778.xml,38,grefwe_hoffrätten_herre_sweriges_råd
A0068444_00175.xml,10,will_willia_ähre_gudh_saken
A0068444_00078.xml,38,grefwe_hoffrätten_herre_sweriges_råd
A0068444_00676.xml,18,sahl_samme_hlr_sub_post
A0068444_00445.xml,2,und_die_mit_abraham_capitain
A0068444_00314.xml,10,will_willia_ähre_gudh_saken
A0068444_00480.xml,3,beswär_wite_deröfwer_hofrätten_förklara
A0068444_00724.xml,4,majoren_general_sal_godz_öfwersten
A0068444_00260.xml,10,will_willia_ähre_gudh_saken
A0068444_00164.xml,10,will_willia_ähre_gudh_saken
A0068444_00414.xml,10,will_willia_ähre_gudh_saken
A0068444_00567.xml,10,will_willia_ähre_gudh_saken
A0068444_00090.xml,19,åhrs_wedh_utj_wed_äre
A0068444_00131.xml,10,will_willia_ähre_gudh_saken
A0068444_00060.xml,19,åhrs_wedh_utj_wed_äre
A0068444_00673.xml,10,will_willia_ähre_gudh_saken
A0068444_00247.xml,10,will_willia_ähre_gudh_saken
A0068444_00017.xml,10,will_willia_ähre_gudh_saken
A0068444_00405.xml,19,åhrs_wedh_utj_wed_äre
A0068444_00682.xml,0,rättens_lagmans_resolution_saken_måhl
A0068444_00263.xml,10,will_willia_ähre_gudh_saken
A0068444_00575.xml,10,will_willia_ähre_gudh_saken
A0068444_00208.xml,10,will_willia_ähre_gudh_saken
A0068444_00133.xml,10,will_willia_ähre_gudh_saken
A0068444_00488.xml,10,will_willia_ähre_gudh_saken
A0068444_00772.xml,19,åhrs_wedh_utj_wed_äre
A0068444_00524.xml,10,will_willia_ähre_gudh_saken
A0068444_00773.xml,38,grefwe_hoffrätten_herre_sweriges_råd
A0068444_00624.xml,21,måns_worden_samuel_bergz_smeden
A0068444_00712.xml,10,will_willia_ähre_gudh_saken
A0068444_00190.xml,19,åhrs_wedh_utj_wed_äre
A0068444_00677.xml,0,rättens_lagmans_resolution_saken_måhl
A0068444_00656.xml,10,will_willia_ähre_gudh_saken
A0068444_00678.xml,10,will_willia_ähre_gudh_saken
A0068444_00683.xml,10,will_willia_ähre_gudh_saken
A0068444_00560.xml,18,sahl_samme_hlr_sub_post
A0068444_00082.xml,10,will_willia_ähre_gudh_saken
A0068444_00154.xml,10,will_willia_ähre_gudh_saken
A0068444_00743.xml,10,will_willia_ähre_gudh_saken
A0068444_00747.xml,0,rättens_lagmans_resolution_saken_måhl
A0068444_00384.xml,42,berg_maii_aprill_dahl_ingifva
A0068444_00224.xml,10,will_willia_ähre_gudh_saken
A0068444_00681.xml,0,rättens_lagmans_resolution_saken_måhl
A0068444_00152.xml,19,åhrs_wedh_utj_wed_äre
A0068444_00132.xml,10,will_willia_ähre_gudh_saken
A0068444_00029.xml,38,grefwe_hoffrätten_herre_sweriges_råd
A0068444_00105.xml,19,åhrs_wedh_utj_wed_äre
A0068444_00785.xml,28,summa_betalt_interesse_specie_penningar
A0068444_00317.xml,10,will_willia_ähre_gudh_saken
A0068444_00686.xml,38,grefwe_hoffrätten_herre_sweriges_råd
A0068444_00312.xml,10,will_willia_ähre_gudh_saken
A0068444_00491.xml,10,will_willia_ähre_gudh_saken
A0068444_00339.xml,10,will_willia_ähre_gudh_saken
A0068444_00292.xml,0,rättens_lagmans_resolution_saken_måhl
A0068444_00717.xml,0,rättens_lagmans_resolution_saken_måhl
A0068444_00323.xml,10,will_willia_ähre_gudh_saken
A0068444_00016.xml,19,åhrs_wedh_utj_wed_äre
A0068444_00732.xml,10,will_willia_ähre_gudh_saken
A0068444_00376.xml,10,will_willia_ähre_gudh_saken
A0068444_00172.xml,10,will_willia_ähre_gudh_saken
A0068444_00227.xml,38,grefwe_hoffrätten_herre_sweriges_råd
A0068444_00733.xml,10,will_willia_ähre_gudh_saken
A0068444_00744.xml,0,rättens_lagmans_resolution_saken_måhl
A0068444_00305.xml,28,summa_betalt_interesse_specie_penningar
A0068444_00545.xml,38,grefwe_hoffrätten_herre_sweriges_råd
A0068444_00039.xml,38,grefwe_hoffrätten_herre_sweriges_råd
A0068444_00510.xml,10,will_willia_ähre_gudh_saken
A0068444_00446.xml,33,hofrätten_saken_parterne_afträdde_ansökning
A0068444_00440.xml,38,grefwe_hoffrätten_herre_sweriges_råd
A0068444_00096.xml,10,will_willia_ähre_gudh_saken
A0068444_00507.xml,10,will_willia_ähre_gudh_saken
A0068444_00424.xml,10,will_willia_ähre_gudh_saken
A0068444_00619.xml,19,åhrs_wedh_utj_wed_äre
A0068444_00486.xml,33,hofrätten_saken_parterne_afträdde_ansökning
A0068444_00232.xml,12,häradshöfdingen_hofrätten_riddaren_mål_närwarande
A0068444_00246.xml,10,will_willia_ähre_gudh_saken
A0068444_00715.xml,19,åhrs_wedh_utj_wed_äre
A0068444_00387.xml,19,åhrs_wedh_utj_wed_äre
A0068444_00396.xml,10,will_willia_ähre_gudh_saken
A0068444_00059.xml,10,will_willia_ähre_gudh_saken
A0068444_00610.xml,38,grefwe_hoffrätten_herre_sweriges_råd
A0068444_00229.xml,19,åhrs_wedh_utj_wed_äre
A0068444_00503.xml,5,skal_sit_elr_domen_assessor
A0068444_00341.xml,10,will_willia_ähre_gudh_saken
A0068444_00163.xml,19,åhrs_wedh_utj_wed_äre
A0068444_00189.xml,19,åhrs_wedh_utj_wed_äre
A0068444_00477.xml,0,rättens_lagmans_resolution_saken_måhl
A0068444_00038.xml,38,grefwe_hoffrätten_herre_sweriges_råd
A0068444_00322.xml,10,will_willia_ähre_gudh_saken
A0068444_00707.xml,10,will_willia_ähre_gudh_saken
A0068444_00444.xml,2,und_die_mit_abraham_capitain
A0068444_00725.xml,4,majoren_general_sal_godz_öfwersten
A0068444_00125.xml,0,rättens_lagmans_resolution_saken_måhl
A0068444_00180.xml,10,will_willia_ähre_gudh_saken
A0068444_00718.xml,19,åhrs_wedh_utj_wed_äre
A0068444_00104.xml,38,grefwe_hoffrätten_herre_sweriges_råd
A0068444_00449.xml,10,will_willia_ähre_gudh_saken
A0068444_00410.xml,10,will_willia_ähre_gudh_saken
A0068444_00073.xml,38,grefwe_hoffrätten_herre_sweriges_råd
A0068444_00040.xml,38,grefwe_hoffrätten_herre_sweriges_råd
A0068444_00590.xml,19,åhrs_wedh_utj_wed_äre
A0068444_00438.xml,10,will_willia_ähre_gudh_saken
A0068444_00394.xml,10,will_willia_ähre_gudh_saken
A0068444_00671.xml,10,will_willia_ähre_gudh_saken
A0068444_00169.xml,9,öre_may_nembl_hustro_breff
A0068444_00120.xml,10,will_willia_ähre_gudh_saken
A0068444_00319.xml,10,will_willia_ähre_gudh_saken
A0068444_00493.xml,19,åhrs_wedh_utj_wed_äre
A0068444_00638.xml,19,åhrs_wedh_utj_wed_äre
A0068444_00046.xml,10,will_willia_ähre_gudh_saken
A0068444_00011.xml,10,will_willia_ähre_gudh_saken
A0068444_00187.xml,37,talan_afseende_målet_fråga_mål
A0068444_00460.xml,10,will_willia_ähre_gudh_saken
A0068444_00346.xml,10,will_willia_ähre_gudh_saken
A0068444_00594.xml,19,åhrs_wedh_utj_wed_äre
A0068444_00441.xml,2,und_die_mit_abraham_capitain
A0068444_00515.xml,10,will_willia_ähre_gudh_saken
A0068444_00194.xml,26,bevis_vore_enkan_född_vite
A0068444_00155.xml,38,grefwe_hoffrätten_herre_sweriges_råd
A0068444_00497.xml,2,und_die_mit_abraham_capitain
A0068444_00555.xml,38,grefwe_hoffrätten_herre_sweriges_råd
A0068444_00696.xml,10,will_willia_ähre_gudh_saken
A0068444_00249.xml,0,rättens_lagmans_resolution_saken_måhl
A0068444_00508.xml,10,will_willia_ähre_gudh_saken
A0068444_00406.xml,10,will_willia_ähre_gudh_saken
A0068444_00727.xml,10,will_willia_ähre_gudh_saken
A0068444_00280.xml,19,åhrs_wedh_utj_wed_äre
A0068444_00654.xml,38,grefwe_hoffrätten_herre_sweriges_råd
A0068444_00606.xml,21,måns_worden_samuel_bergz_smeden
A0068444_00428.xml,10,will_willia_ähre_gudh_saken
A0068444_00711.xml,10,will_willia_ähre_gudh_saken
A0068444_00459.xml,10,will_willia_ähre_gudh_saken
A0068444_00143.xml,10,will_willia_ähre_gudh_saken
A0068444_00275.xml,10,will_willia_ähre_gudh_saken
A0068444_00437.xml,19,åhrs_wedh_utj_wed_äre
A0068444_00439.xml,29,swarade_domb_inspectoren_dehl_straxt
A0068444_00381.xml,0,rättens_lagmans_resolution_saken_måhl
A0068444_00140.xml,10,will_willia_ähre_gudh_saken
A0068444_00475.xml,10,will_willia_ähre_gudh_saken
A0068444_00753.xml,4,majoren_general_sal_godz_öfwersten
A0068444_00636.xml,10,will_willia_ähre_gudh_saken
A0068444_00511.xml,19,åhrs_wedh_utj_wed_äre
A0068444_00363.xml,38,grefwe_hoffrätten_herre_sweriges_råd
A0068444_00371.xml,0,rättens_lagmans_resolution_saken_måhl
A0068444_00709.xml,10,will_willia_ähre_gudh_saken
A0068444_00374.xml,10,will_willia_ähre_gudh_saken
A0068444_00758.xml,18,sahl_samme_hlr_sub_post
A0068444_00568.xml,10,will_willia_ähre_gudh_saken
A0068444_00282.xml,19,åhrs_wedh_utj_wed_äre
A0068444_00633.xml,10,will_willia_ähre_gudh_saken
A0068444_00531.xml,19,åhrs_wedh_utj_wed_äre
A0068444_00525.xml,10,will_willia_ähre_gudh_saken
A0068444_00035.xml,18,sahl_samme_hlr_sub_post
A0068444_00692.xml,38,grefwe_hoffrätten_herre_sweriges_råd
A0068444_00349.xml,10,will_willia_ähre_gudh_saken
A0068444_00465.xml,38,grefwe_hoffrätten_herre_sweriges_råd
A0068444_00418.xml,38,grefwe_hoffrätten_herre_sweriges_råd
A0068444_00165.xml,10,will_willia_ähre_gudh_saken
A0068444_00672.xml,10,will_willia_ähre_gudh_saken
A0068444_00233.xml,10,will_willia_ähre_gudh_saken
A0068444_00495.xml,10,will_willia_ähre_gudh_saken
A0068444_00211.xml,0,rättens_lagmans_resolution_saken_måhl
A0068444_00739.xml,19,åhrs_wedh_utj_wed_äre
A0068444_00074.xml,38,grefwe_hoffrätten_herre_sweriges_råd
A0068444_00644.xml,10,will_willia_ähre_gudh_saken
A0068444_00368.xml,10,will_willia_ähre_gudh_saken
A0068444_00304.xml,10,will_willia_ähre_gudh_saken
A0068444_00264.xml,0,rättens_lagmans_resolution_saken_måhl
A0068444_00770.xml,0,rättens_lagmans_resolution_saken_måhl
A0068444_00195.xml,10,will_willia_ähre_gudh_saken
A0068444_00698.xml,10,will_willia_ähre_gudh_saken
A0068444_00704.xml,38,grefwe_hoffrätten_herre_sweriges_råd
A0068444_00167.xml,10,will_willia_ähre_gudh_saken
A0068444_00183.xml,10,will_willia_ähre_gudh_saken
A0068444_00593.xml,19,åhrs_wedh_utj_wed_äre
A0068444_00595.xml,10,will_willia_ähre_gudh_saken
A0068444_00080.xml,10,will_willia_ähre_gudh_saken
A0068444_00230.xml,10,will_willia_ähre_gudh_saken
A0068444_00550.xml,38,grefwe_hoffrätten_herre_sweriges_råd
A0068444_00762.xml,10,will_willia_ähre_gudh_saken
A0068444_00277.xml,10,will_willia_ähre_gudh_saken
A0068444_00417.xml,10,will_willia_ähre_gudh_saken
A0068444_00330.xml,0,rättens_lagmans_resolution_saken_måhl
A0068444_00512.xml,43,hustru_dotter_hustrus_barn_christina
A0068444_00526.xml,0,rättens_lagmans_resolution_saken_måhl
A0068444_00591.xml,10,will_willia_ähre_gudh_saken
A0068444_00250.xml,10,will_willia_ähre_gudh_saken
A0068444_00223.xml,0,rättens_lagmans_resolution_saken_måhl
A0068444_00662.xml,10,will_willia_ähre_gudh_saken
A0068444_00659.xml,10,will_willia_ähre_gudh_saken
A0068444_00728.xml,19,åhrs_wedh_utj_wed_äre
A0068444_00309.xml,41,män_emoot_huus_haar_tienare
A0068444_00300.xml,10,will_willia_ähre_gudh_saken
A0068444_00351.xml,10,will_willia_ähre_gudh_saken
A0068444_00320.xml,10,will_willia_ähre_gudh_saken
A0068444_00756.xml,10,will_willia_ähre_gudh_saken
A0068444_00573.xml,38,grefwe_hoffrätten_herre_sweriges_råd
A0068444_00367.xml,10,will_willia_ähre_gudh_saken
A0068444_00572.xml,38,grefwe_hoffrätten_herre_sweriges_råd
A0068444_00209.xml,10,will_willia_ähre_gudh_saken
A0068444_00746.xml,0,rättens_lagmans_resolution_saken_måhl
A0068444_00058.xml,19,åhrs_wedh_utj_wed_äre
A0068444_00665.xml,10,will_willia_ähre_gudh_saken
A0068444_00613.xml,38,grefwe_hoffrätten_herre_sweriges_råd
A0068444_00128.xml,10,will_willia_ähre_gudh_saken
A0068444_00347.xml,10,will_willia_ähre_gudh_saken
A0068444_00530.xml,10,will_willia_ähre_gudh_saken
A0068444_00456.xml,10,will_willia_ähre_gudh_saken
A0068444_00765.xml,32,augusti_stockholms_stads_september_bonden
A0068444_00297.xml,10,will_willia_ähre_gudh_saken
A0068444_00498.xml,2,und_die_mit_abraham_capitain
A0068444_00554.xml,19,åhrs_wedh_utj_wed_äre
A0068444_00193.xml,19,åhrs_wedh_utj_wed_äre
A0068444_00596.xml,0,rättens_lagmans_resolution_saken_måhl
A0068444_00611.xml,38,grefwe_hoffrätten_herre_sweriges_råd
A0068444_00411.xml,0,rättens_lagmans_resolution_saken_måhl
A0068444_00472.xml,10,will_willia_ähre_gudh_saken
A0068444_00398.xml,38,grefwe_hoffrätten_herre_sweriges_råd
A0068444_00188.xml,10,will_willia_ähre_gudh_saken
A0068444_00457.xml,17,bergs_ting_påstående_bruks_käranden
A0068444_00324.xml,10,will_willia_ähre_gudh_saken
A0068444_00287.xml,10,will_willia_ähre_gudh_saken
A0068444_00489.xml,10,will_willia_ähre_gudh_saken
A0068444_00316.xml,10,will_willia_ähre_gudh_saken
A0068444_00700.xml,10,will_willia_ähre_gudh_saken
A0068444_00603.xml,0,rättens_lagmans_resolution_saken_måhl
A0068444_00389.xml,19,åhrs_wedh_utj_wed_äre
A0068444_00077.xml,10,will_willia_ähre_gudh_saken
A0068444_00116.xml,0,rättens_lagmans_resolution_saken_måhl
A0068444_00062.xml,10,will_willia_ähre_gudh_saken
A0068444_00397.xml,10,will_willia_ähre_gudh_saken
A0068444_00007.xml,10,will_willia_ähre_gudh_saken
A0068444_00273.xml,33,hofrätten_saken_parterne_afträdde_ansökning
A0068444_00764.xml,10,will_willia_ähre_gudh_saken
A0068444_00442.xml,19,åhrs_wedh_utj_wed_äre
A0068444_00028.xml,38,grefwe_hoffrätten_herre_sweriges_råd
A0068444_00170.xml,35,ränta_fordran_räkning_betalning_skuld
A0068444_00325.xml,10,will_willia_ähre_gudh_saken
A0068444_00119.xml,10,will_willia_ähre_gudh_saken
A0068444_00343.xml,10,will_willia_ähre_gudh_saken
A0068444_00182.xml,10,will_willia_ähre_gudh_saken
A0068444_00369.xml,10,will_willia_ähre_gudh_saken
A0068444_00135.xml,0,rättens_lagmans_resolution_saken_måhl
A0068444_00614.xml,38,grefwe_hoffrätten_herre_sweriges_råd
A0068444_00255.xml,10,will_willia_ähre_gudh_saken
A0068444_00056.xml,10,will_willia_ähre_gudh_saken
A0068444_00202.xml,38,grefwe_hoffrätten_herre_sweriges_råd
A0068444_00563.xml,10,will_willia_ähre_gudh_saken
A0068444_00730.xml,10,will_willia_ähre_gudh_saken
A0068444_00675.xml,10,will_willia_ähre_gudh_saken
A0068444_00240.xml,0,rättens_lagmans_resolution_saken_måhl
A0068444_00415.xml,10,will_willia_ähre_gudh_saken
A0068444_00537.xml,10,will_willia_ähre_gudh_saken
A0068444_00670.xml,38,grefwe_hoffrätten_herre_sweriges_råd
A0068444_00469.xml,38,grefwe_hoffrätten_herre_sweriges_råd
A0068444_00736.xml,19,åhrs_wedh_utj_wed_äre
A0068444_00496.xml,10,will_willia_ähre_gudh_saken
A0068444_00448.xml,7,hemman_hemmanet_ägor_jord_skatte
A0068444_00775.xml,10,will_willia_ähre_gudh_saken
A0068444_00345.xml,10,will_willia_ähre_gudh_saken
A0068444_00454.xml,19,åhrs_wedh_utj_wed_äre
A0068444_00699.xml,10,will_willia_ähre_gudh_saken
A0068444_00587.xml,38,grefwe_hoffrätten_herre_sweriges_råd
A0068444_00564.xml,10,will_willia_ähre_gudh_saken
A0068444_00521.xml,19,åhrs_wedh_utj_wed_äre
A0068444_00745.xml,19,åhrs_wedh_utj_wed_äre
A0068444_00738.xml,38,grefwe_hoffrätten_herre_sweriges_råd
A0068444_00618.xml,19,åhrs_wedh_utj_wed_äre
A0068444_00248.xml,10,will_willia_ähre_gudh_saken
A0068444_00138.xml,49,gården_malm_gård_mårten_gårdh
A0068444_00095.xml,38,grefwe_hoffrätten_herre_sweriges_råd
A0068444_00254.xml,41,män_emoot_huus_haar_tienare
A0068444_00338.xml,10,will_willia_ähre_gudh_saken
A0068444_00755.xml,10,will_willia_ähre_gudh_saken
A0068444_00622.xml,10,will_willia_ähre_gudh_saken
A0068444_00179.xml,19,åhrs_wedh_utj_wed_äre
A0068444_00063.xml,10,will_willia_ähre_gudh_saken
A0068444_00723.xml,38,grefwe_hoffrätten_herre_sweriges_råd
A0068444_00353.xml,45,huset_lagmannen_jöran_boende_doom
A0068444_00201.xml,0,rättens_lagmans_resolution_saken_måhl
A0068444_00719.xml,19,åhrs_wedh_utj_wed_äre
A0068444_00149.xml,10,will_willia_ähre_gudh_saken
A0068444_00107.xml,19,åhrs_wedh_utj_wed_äre
A0068444_00620.xml,38,grefwe_hoffrätten_herre_sweriges_råd
A0068444_00751.xml,4,majoren_general_sal_godz_öfwersten
A0068444_00370.xml,28,summa_betalt_interesse_specie_penningar
A0068444_00234.xml,10,will_willia_ähre_gudh_saken
A0068444_00429.xml,10,will_willia_ähre_gudh_saken
A0068444_00057.xml,10,will_willia_ähre_gudh_saken
A0068444_00114.xml,10,will_willia_ähre_gudh_saken
A0068444_00436.xml,19,åhrs_wedh_utj_wed_äre
A0068444_00774.xml,10,will_willia_ähre_gudh_saken
A0068444_00308.xml,27,eder_for_etc_herman_wie
A0068444_00462.xml,28,summa_betalt_interesse_specie_penningar
A0068444_00331.xml,0,rättens_lagmans_resolution_saken_måhl
A0068444_00139.xml,10,will_willia_ähre_gudh_saken
A0068444_00027.xml,38,grefwe_hoffrätten_herre_sweriges_råd
A0068444_00689.xml,10,will_willia_ähre_gudh_saken
A0068444_00079.xml,10,will_willia_ähre_gudh_saken
A0068444_00025.xml,5,skal_sit_elr_domen_assessor
A0068444_00326.xml,10,will_willia_ähre_gudh_saken
A0068444_00413.xml,9,öre_may_nembl_hustro_breff
A0068444_00750.xml,38,grefwe_hoffrätten_herre_sweriges_råd
A0068444_00471.xml,38,grefwe_hoffrätten_herre_sweriges_råd
A0068444_00055.xml,38,grefwe_hoffrätten_herre_sweriges_råd
A0068444_00565.xml,10,will_willia_ähre_gudh_saken
A0068444_00126.xml,10,will_willia_ähre_gudh_saken
A0068444_00528.xml,10,will_willia_ähre_gudh_saken
A0068444_00466.xml,10,will_willia_ähre_gudh_saken
A0068444_00302.xml,10,will_willia_ähre_gudh_saken
A0068444_00173.xml,10,will_willia_ähre_gudh_saken
A0068444_00759.xml,10,will_willia_ähre_gudh_saken
A0068444_00159.xml,49,gården_malm_gård_mårten_gårdh
A0068444_00041.xml,9,öre_may_nembl_hustro_breff
A0068444_00342.xml,17,bergs_ting_påstående_bruks_käranden
A0068444_00722.xml,19,åhrs_wedh_utj_wed_äre
A0068444_00443.xml,2,und_die_mit_abraham_capitain
A0068444_00197.xml,0,rättens_lagmans_resolution_saken_måhl
A0068444_00106.xml,10,will_willia_ähre_gudh_saken
A0068444_00713.xml,21,måns_worden_samuel_bergz_smeden
A0068444_00431.xml,0,rättens_lagmans_resolution_saken_måhl
A0068444_00695.xml,0,rättens_lagmans_resolution_saken_måhl
A0068444_00262.xml,10,will_willia_ähre_gudh_saken
A0068444_00386.xml,38,grefwe_hoffrätten_herre_sweriges_råd
A0068444_00690.xml,4,majoren_general_sal_godz_öfwersten
A0068444_00432.xml,10,will_willia_ähre_gudh_saken
A0068444_00241.xml,10,will_willia_ähre_gudh_saken
A0068444_00710.xml,10,will_willia_ähre_gudh_saken
A0068444_00703.xml,10,will_willia_ähre_gudh_saken
A0068444_00307.xml,10,will_willia_ähre_gudh_saken
A0068444_00375.xml,10,will_willia_ähre_gudh_saken
A0068444_00660.xml,10,will_willia_ähre_gudh_saken
A0068444_00549.xml,10,will_willia_ähre_gudh_saken
A0068444_00749.xml,4,majoren_general_sal_godz_öfwersten
A0068444_00313.xml,10,will_willia_ähre_gudh_saken
A0068444_00435.xml,19,åhrs_wedh_utj_wed_äre
A0068444_00412.xml,10,will_willia_ähre_gudh_saken
A0068444_00045.xml,10,will_willia_ähre_gudh_saken
A0068444_00207.xml,33,hofrätten_saken_parterne_afträdde_ansökning
A0068444_00186.xml,10,will_willia_ähre_gudh_saken
A0068444_00222.xml,10,will_willia_ähre_gudh_saken
A0068444_00721.xml,10,will_willia_ähre_gudh_saken
A0068444_00609.xml,24,banco_rst_sedlar_rsr_rsd
A0068444_00295.xml,10,will_willia_ähre_gudh_saken
A0068444_00520.xml,10,will_willia_ähre_gudh_saken
A0068444_00291.xml,19,åhrs_wedh_utj_wed_äre
40008080_00030.xml,31,härads_rättens_målet_utslaget_dömd
40008080_00105.xml,43,hustru_dotter_hustrus_barn_christina
40008080_00027.xml,31,härads_rättens_målet_utslaget_dömd
40008080_00118.xml,12,häradshöfdingen_hofrätten_riddaren_mål_närwarande
40008080_00051.xml,31,härads_rättens_målet_utslaget_dömd
40008080_00041.xml,32,augusti_stockholms_stads_september_bonden
40008080_00095.xml,31,härads_rättens_målet_utslaget_dömd
40008080_00077.xml,31,härads_rättens_målet_utslaget_dömd
40008080_00032.xml,17,bergs_ting_påstående_bruks_käranden
40008080_00080.xml,31,härads_rättens_målet_utslaget_dömd
40008080_00066.xml,31,härads_rättens_målet_utslaget_dömd
40008080_00022.xml,31,härads_rättens_målet_utslaget_dömd
40008080_00021.xml,32,augusti_stockholms_stads_september_bonden
40008080_00048.xml,31,härads_rättens_målet_utslaget_dömd
40008080_00052.xml,32,augusti_stockholms_stads_september_bonden
40008080_00014.xml,12,häradshöfdingen_hofrätten_riddaren_mål_närwarande
40008080_00013.xml,31,härads_rättens_målet_utslaget_dömd
40008080_00068.xml,8,sidan_ena_handlingarne_sak_saken
40008080_00010.xml,3,beswär_wite_deröfwer_hofrätten_förklara
40008080_00096.xml,31,härads_rättens_målet_utslaget_dömd
40008080_00043.xml,12,häradshöfdingen_hofrätten_riddaren_mål_närwarande
40008080_00093.xml,31,härads_rättens_målet_utslaget_dömd
40008080_00084.xml,11,namn_undergå_fängelse_bröd_dagars
40008080_00029.xml,3,beswär_wite_deröfwer_hofrätten_förklara
40008080_00061.xml,12,häradshöfdingen_hofrätten_riddaren_mål_närwarande
40008080_00110.xml,31,härads_rättens_målet_utslaget_dömd
40008080_00116.xml,3,beswär_wite_deröfwer_hofrätten_förklara
40008080_00060.xml,31,härads_rättens_målet_utslaget_dömd
40008080_00028.xml,3,beswär_wite_deröfwer_hofrätten_förklara
40008080_00072.xml,3,beswär_wite_deröfwer_hofrätten_förklara
40008080_00119.xml,3,beswär_wite_deröfwer_hofrätten_förklara
40008080_00099.xml,31,härads_rättens_målet_utslaget_dömd
40008080_00026.xml,31,härads_rättens_målet_utslaget_dömd
40008080_00042.xml,16,riksdaler_daler_banco_twå_balken
40008080_00076.xml,32,augusti_stockholms_stads_september_bonden
40008080_00040.xml,31,härads_rättens_målet_utslaget_dömd
40008080_00064.xml,31,härads_rättens_målet_utslaget_dömd
40008080_00102.xml,0,rättens_lagmans_resolution_saken_måhl
40008080_00017.xml,31,härads_rättens_målet_utslaget_dömd
40008080_00033.xml,21,måns_worden_samuel_bergz_smeden
40008080_00107.xml,3,beswär_wite_deröfwer_hofrätten_förklara
40008080_00012.xml,32,augusti_stockholms_stads_september_bonden
40008080_00047.xml,31,härads_rättens_målet_utslaget_dömd
40008080_00117.xml,3,beswär_wite_deröfwer_hofrätten_förklara
40008080_00063.xml,3,beswär_wite_deröfwer_hofrätten_förklara
40008080_00006.xml,31,härads_rättens_målet_utslaget_dömd
40008080_00086.xml,31,härads_rättens_målet_utslaget_dömd
40008080_00065.xml,31,härads_rättens_målet_utslaget_dömd
40008080_00103.xml,12,häradshöfdingen_hofrätten_riddaren_mål_närwarande
40008080_00062.xml,12,häradshöfdingen_hofrätten_riddaren_mål_närwarande
40008080_00011.xml,34,fiscalen_advocat_rådmannen_rådman_riksens
40008080_00075.xml,31,härads_rättens_målet_utslaget_dömd
40008080_00094.xml,31,härads_rättens_målet_utslaget_dömd
40008080_00088.xml,31,härads_rättens_målet_utslaget_dömd
40008080_00038.xml,12,häradshöfdingen_hofrätten_riddaren_mål_närwarande
40008080_00082.xml,31,härads_rättens_målet_utslaget_dömd
40008080_00071.xml,31,härads_rättens_målet_utslaget_dömd
40008080_00009.xml,33,hofrätten_saken_parterne_afträdde_ansökning
40008080_00049.xml,31,härads_rättens_målet_utslaget_dömd
40008080_00115.xml,3,beswär_wite_deröfwer_hofrätten_förklara
40008080_00092.xml,31,härads_rättens_målet_utslaget_dömd
40008080_00106.xml,31,härads_rättens_målet_utslaget_dömd
40008080_00059.xml,25,hofrätten_rådstufwu_pröfwar_följe_anseende
40008080_00120.xml,3,beswär_wite_deröfwer_hofrätten_förklara
40008080_00058.xml,31,härads_rättens_målet_utslaget_dömd
40008080_00037.xml,32,augusti_stockholms_stads_september_bonden
40008080_00005.xml,31,härads_rättens_målet_utslaget_dömd
40008080_00114.xml,3,beswär_wite_deröfwer_hofrätten_förklara
40008080_00056.xml,31,härads_rättens_målet_utslaget_dömd
40008080_00018.xml,3,beswär_wite_deröfwer_hofrätten_förklara
40008080_00054.xml,32,augusti_stockholms_stads_september_bonden
40008080_00023.xml,48,person_karl_thomas_fattige_isaac
40008080_00045.xml,12,häradshöfdingen_hofrätten_riddaren_mål_närwarande
40008080_00019.xml,12,häradshöfdingen_hofrätten_riddaren_mål_närwarande
40008080_00015.xml,3,beswär_wite_deröfwer_hofrätten_förklara
40008080_00034.xml,12,häradshöfdingen_hofrätten_riddaren_mål_närwarande
40008080_00074.xml,31,härads_rättens_målet_utslaget_dömd
40008080_00067.xml,31,härads_rättens_målet_utslaget_dömd
40008080_00097.xml,25,hofrätten_rådstufwu_pröfwar_följe_anseende
40008080_00087.xml,31,härads_rättens_målet_utslaget_dömd
40008080_00004.xml,31,härads_rättens_målet_utslaget_dömd
40008080_00100.xml,45,huset_lagmannen_jöran_boende_doom
40008080_00036.xml,31,härads_rättens_målet_utslaget_dömd
40008080_00070.xml,31,härads_rättens_målet_utslaget_dömd
40008080_00112.xml,44,fru_förmyndare_testamente_barn_arf
40008080_00053.xml,22,tid_års_tiden_utom_anseende
40008080_00057.xml,31,härads_rättens_målet_utslaget_dömd
40008080_00044.xml,3,beswär_wite_deröfwer_hofrätten_förklara
40008080_00083.xml,31,härads_rättens_målet_utslaget_dömd
40006520_00361.xml,8,sidan_ena_handlingarne_sak_saken
40006520_00006.xml,25,hofrätten_rådstufwu_pröfwar_följe_anseende
40006520_00111.xml,43,hustru_dotter_hustrus_barn_christina
40006520_00178.xml,37,talan_afseende_målet_fråga_mål
40006520_00268.xml,37,talan_afseende_målet_fråga_mål
40006520_00441.xml,37,talan_afseende_målet_fråga_mål
40006520_00250.xml,33,hofrätten_saken_parterne_afträdde_ansökning
40006520_00446.xml,37,talan_afseende_målet_fråga_mål
40006520_00209.xml,25,hofrätten_rådstufwu_pröfwar_följe_anseende
40006520_00363.xml,8,sidan_ena_handlingarne_sak_saken
40006520_00373.xml,25,hofrätten_rådstufwu_pröfwar_följe_anseende
40006520_00401.xml,35,ränta_fordran_räkning_betalning_skuld
40006520_00095.xml,22,tid_års_tiden_utom_anseende
40006520_00080.xml,25,hofrätten_rådstufwu_pröfwar_följe_anseende
40006520_00201.xml,25,hofrätten_rådstufwu_pröfwar_följe_anseende
40006520_00035.xml,8,sidan_ena_handlingarne_sak_saken
40006520_00043.xml,43,hustru_dotter_hustrus_barn_christina
40006520_00135.xml,25,hofrätten_rådstufwu_pröfwar_följe_anseende
40006520_00009.xml,8,sidan_ena_handlingarne_sak_saken
40006520_00311.xml,8,sidan_ena_handlingarne_sak_saken
40006520_00176.xml,25,hofrätten_rådstufwu_pröfwar_följe_anseende
40006520_00437.xml,35,ränta_fordran_räkning_betalning_skuld
40006520_00282.xml,25,hofrätten_rådstufwu_pröfwar_följe_anseende
40006520_00377.xml,7,hemman_hemmanet_ägor_jord_skatte
40006520_00393.xml,12,häradshöfdingen_hofrätten_riddaren_mål_närwarande
40006520_00249.xml,8,sidan_ena_handlingarne_sak_saken
40006520_00053.xml,8,sidan_ena_handlingarne_sak_saken
40006520_00355.xml,25,hofrätten_rådstufwu_pröfwar_följe_anseende
40006520_00229.xml,17,bergs_ting_påstående_bruks_käranden
40006520_00381.xml,35,ränta_fordran_räkning_betalning_skuld
40006520_00458.xml,37,talan_afseende_målet_fråga_mål
40006520_00113.xml,7,hemman_hemmanet_ägor_jord_skatte
40006520_00466.xml,37,talan_afseende_målet_fråga_mål
40006520_00304.xml,25,hofrätten_rådstufwu_pröfwar_följe_anseende
40006520_00463.xml,25,hofrätten_rådstufwu_pröfwar_följe_anseende
40006520_00011.xml,8,sidan_ena_handlingarne_sak_saken
40006520_00020.xml,25,hofrätten_rådstufwu_pröfwar_följe_anseende
40006520_00141.xml,25,hofrätten_rådstufwu_pröfwar_följe_anseende
40006520_00426.xml,35,ränta_fordran_räkning_betalning_skuld
40006520_00257.xml,25,hofrätten_rådstufwu_pröfwar_följe_anseende
40006520_00386.xml,37,talan_afseende_målet_fråga_mål
40006520_00221.xml,33,hofrätten_saken_parterne_afträdde_ansökning
40006520_00045.xml,8,sidan_ena_handlingarne_sak_saken
40006520_00443.xml,25,hofrätten_rådstufwu_pröfwar_följe_anseende
40006520_00233.xml,22,tid_års_tiden_utom_anseende
40006520_00078.xml,25,hofrätten_rådstufwu_pröfwar_följe_anseende
40006520_00344.xml,8,sidan_ena_handlingarne_sak_saken
40006520_00139.xml,33,hofrätten_saken_parterne_afträdde_ansökning
40006520_00424.xml,35,ränta_fordran_räkning_betalning_skuld
40006520_00395.xml,7,hemman_hemmanet_ägor_jord_skatte
40006520_00418.xml,7,hemman_hemmanet_ägor_jord_skatte
40006520_00184.xml,0,rättens_lagmans_resolution_saken_måhl
40006520_00333.xml,25,hofrätten_rådstufwu_pröfwar_följe_anseende
40006520_00056.xml,8,sidan_ena_handlingarne_sak_saken
40006520_00445.xml,37,talan_afseende_målet_fråga_mål
40006520_00350.xml,8,sidan_ena_handlingarne_sak_saken
40006520_00195.xml,35,ränta_fordran_räkning_betalning_skuld
40006520_00403.xml,35,ränta_fordran_räkning_betalning_skuld
40006520_00414.xml,37,talan_afseende_målet_fråga_mål
40006520_00312.xml,8,sidan_ena_handlingarne_sak_saken
40006520_00292.xml,8,sidan_ena_handlingarne_sak_saken
40006520_00181.xml,25,hofrätten_rådstufwu_pröfwar_följe_anseende
40006520_00291.xml,25,hofrätten_rådstufwu_pröfwar_följe_anseende
40006520_00054.xml,8,sidan_ena_handlingarne_sak_saken
40006520_00061.xml,25,hofrätten_rådstufwu_pröfwar_följe_anseende
40006520_00332.xml,25,hofrätten_rådstufwu_pröfwar_följe_anseende
40006520_00088.xml,25,hofrätten_rådstufwu_pröfwar_följe_anseende
40006520_00330.xml,25,hofrätten_rådstufwu_pröfwar_följe_anseende
40006520_00378.xml,33,hofrätten_saken_parterne_afträdde_ansökning
40006520_00357.xml,8,sidan_ena_handlingarne_sak_saken
40006520_00246.xml,37,talan_afseende_målet_fråga_mål
40006520_00214.xml,37,talan_afseende_målet_fråga_mål
40006520_00213.xml,37,talan_afseende_målet_fråga_mål
40006520_00285.xml,25,hofrätten_rådstufwu_pröfwar_följe_anseende
40006520_00263.xml,37,talan_afseende_målet_fråga_mål
40006520_00087.xml,22,tid_års_tiden_utom_anseende
40006520_00219.xml,25,hofrätten_rådstufwu_pröfwar_följe_anseende
40006520_00406.xml,35,ränta_fordran_räkning_betalning_skuld
40006520_00298.xml,37,talan_afseende_målet_fråga_mål
40006520_00392.xml,37,talan_afseende_målet_fråga_mål
40006520_00211.xml,7,hemman_hemmanet_ägor_jord_skatte
40006520_00037.xml,8,sidan_ena_handlingarne_sak_saken
40006520_00450.xml,37,talan_afseende_målet_fråga_mål
40006520_00175.xml,25,hofrätten_rådstufwu_pröfwar_följe_anseende
40006520_00428.xml,35,ränta_fordran_räkning_betalning_skuld
40006520_00419.xml,7,hemman_hemmanet_ägor_jord_skatte
40006520_00174.xml,35,ränta_fordran_räkning_betalning_skuld
40006520_00324.xml,31,härads_rättens_målet_utslaget_dömd
40006520_00142.xml,37,talan_afseende_målet_fråga_mål
40006520_00302.xml,25,hofrätten_rådstufwu_pröfwar_följe_anseende
40006520_00050.xml,8,sidan_ena_handlingarne_sak_saken
40006520_00409.xml,26,bevis_vore_enkan_född_vite
40006520_00123.xml,37,talan_afseende_målet_fråga_mål
40006520_00227.xml,7,hemman_hemmanet_ägor_jord_skatte
40006520_00024.xml,8,sidan_ena_handlingarne_sak_saken
40006520_00039.xml,25,hofrätten_rådstufwu_pröfwar_följe_anseende
40006520_00352.xml,8,sidan_ena_handlingarne_sak_saken
40006520_00131.xml,8,sidan_ena_handlingarne_sak_saken
40006520_00407.xml,35,ränta_fordran_räkning_betalning_skuld
40006520_00030.xml,7,hemman_hemmanet_ägor_jord_skatte
40006520_00218.xml,22,tid_års_tiden_utom_anseende
40006520_00462.xml,25,hofrätten_rådstufwu_pröfwar_följe_anseende
40006520_00259.xml,35,ränta_fordran_räkning_betalning_skuld
40006520_00179.xml,43,hustru_dotter_hustrus_barn_christina
40006520_00198.xml,25,hofrätten_rådstufwu_pröfwar_följe_anseende
40006520_00388.xml,25,hofrätten_rådstufwu_pröfwar_följe_anseende
40006520_00187.xml,7,hemman_hemmanet_ägor_jord_skatte
40006520_00245.xml,8,sidan_ena_handlingarne_sak_saken
40006520_00116.xml,25,hofrätten_rådstufwu_pröfwar_följe_anseende
40006520_00101.xml,7,hemman_hemmanet_ägor_jord_skatte
40006520_00307.xml,37,talan_afseende_målet_fråga_mål
40006520_00079.xml,25,hofrätten_rådstufwu_pröfwar_följe_anseende
40006520_00203.xml,32,augusti_stockholms_stads_september_bonden
40006520_00382.xml,22,tid_års_tiden_utom_anseende
40006520_00188.xml,7,hemman_hemmanet_ägor_jord_skatte
40006520_00387.xml,25,hofrätten_rådstufwu_pröfwar_följe_anseende
40006520_00442.xml,25,hofrätten_rådstufwu_pröfwar_följe_anseende
40006520_00034.xml,37,talan_afseende_målet_fråga_mål
40006520_00036.xml,35,ränta_fordran_räkning_betalning_skuld
40006520_00059.xml,37,talan_afseende_målet_fråga_mål
40006520_00151.xml,35,ränta_fordran_räkning_betalning_skuld
40006520_00362.xml,8,sidan_ena_handlingarne_sak_saken
40006520_00130.xml,37,talan_afseende_målet_fråga_mål
40006520_00416.xml,37,talan_afseende_målet_fråga_mål
40006520_00205.xml,8,sidan_ena_handlingarne_sak_saken
40006520_00313.xml,7,hemman_hemmanet_ägor_jord_skatte
40006520_00345.xml,8,sidan_ena_handlingarne_sak_saken
40006520_00270.xml,25,hofrätten_rådstufwu_pröfwar_följe_anseende
40006520_00447.xml,25,hofrätten_rådstufwu_pröfwar_följe_anseende
40006520_00132.xml,33,hofrätten_saken_parterne_afträdde_ansökning
40006520_00193.xml,25,hofrätten_rådstufwu_pröfwar_följe_anseende
40006520_00026.xml,37,talan_afseende_målet_fråga_mål
40006520_00081.xml,8,sidan_ena_handlingarne_sak_saken
40006520_00325.xml,25,hofrätten_rådstufwu_pröfwar_följe_anseende
40006520_00064.xml,8,sidan_ena_handlingarne_sak_saken
40006520_00254.xml,25,hofrätten_rådstufwu_pröfwar_följe_anseende
40006520_00117.xml,25,hofrätten_rådstufwu_pröfwar_följe_anseende
40006520_00217.xml,25,hofrätten_rådstufwu_pröfwar_följe_anseende
40006520_00136.xml,33,hofrätten_saken_parterne_afträdde_ansökning
40006520_00367.xml,8,sidan_ena_handlingarne_sak_saken
40006520_00375.xml,37,talan_afseende_målet_fråga_mål
40006520_00008.xml,25,hofrätten_rådstufwu_pröfwar_följe_anseende
40006520_00284.xml,22,tid_års_tiden_utom_anseende
40006520_00449.xml,37,talan_afseende_målet_fråga_mål
40006520_00204.xml,8,sidan_ena_handlingarne_sak_saken
40006520_00023.xml,8,sidan_ena_handlingarne_sak_saken
40006520_00173.xml,35,ränta_fordran_räkning_betalning_skuld
40006520_00400.xml,35,ränta_fordran_räkning_betalning_skuld
40006520_00461.xml,25,hofrätten_rådstufwu_pröfwar_följe_anseende
40006520_00138.xml,12,häradshöfdingen_hofrätten_riddaren_mål_närwarande
40006520_00129.xml,37,talan_afseende_målet_fråga_mål
40006520_00215.xml,37,talan_afseende_målet_fråga_mål
40006520_00267.xml,7,hemman_hemmanet_ägor_jord_skatte
40006520_00411.xml,37,talan_afseende_målet_fråga_mål
40006520_00467.xml,25,hofrätten_rådstufwu_pröfwar_följe_anseende
40006520_00269.xml,25,hofrätten_rådstufwu_pröfwar_följe_anseende
40006520_00110.xml,37,talan_afseende_målet_fråga_mål
40006520_00033.xml,22,tid_års_tiden_utom_anseende
40006520_00069.xml,25,hofrätten_rådstufwu_pröfwar_följe_anseende
40006520_00439.xml,8,sidan_ena_handlingarne_sak_saken
40006520_00410.xml,22,tid_års_tiden_utom_anseende
40006520_00277.xml,37,talan_afseende_målet_fråga_mål
40006520_00261.xml,25,hofrätten_rådstufwu_pröfwar_följe_anseende
40006520_00086.xml,35,ränta_fordran_räkning_betalning_skuld
40006520_00096.xml,37,talan_afseende_målet_fråga_mål
40006520_00077.xml,25,hofrätten_rådstufwu_pröfwar_följe_anseende
40006520_00260.xml,8,sidan_ena_handlingarne_sak_saken
40006520_00163.xml,22,tid_års_tiden_utom_anseende
40006520_00425.xml,35,ränta_fordran_räkning_betalning_skuld
40006520_00273.xml,37,talan_afseende_målet_fråga_mål
40006520_00275.xml,25,hofrätten_rådstufwu_pröfwar_följe_anseende
40006520_00010.xml,8,sidan_ena_handlingarne_sak_saken
40006520_00255.xml,8,sidan_ena_handlingarne_sak_saken
40006520_00177.xml,25,hofrätten_rådstufwu_pröfwar_följe_anseende
40006520_00071.xml,37,talan_afseende_målet_fråga_mål
40006520_00398.xml,35,ränta_fordran_räkning_betalning_skuld
40006520_00297.xml,25,hofrätten_rådstufwu_pröfwar_följe_anseende
40006520_00286.xml,22,tid_års_tiden_utom_anseende
40006520_00306.xml,8,sidan_ena_handlingarne_sak_saken
40006520_00321.xml,37,talan_afseende_målet_fråga_mål
40006520_00150.xml,8,sidan_ena_handlingarne_sak_saken
40006520_00294.xml,43,hustru_dotter_hustrus_barn_christina
40006520_00103.xml,37,talan_afseende_målet_fråga_mål
40006520_00207.xml,25,hofrätten_rådstufwu_pröfwar_följe_anseende
40006520_00091.xml,37,talan_afseende_målet_fråga_mål
40006520_00199.xml,8,sidan_ena_handlingarne_sak_saken
40006520_00308.xml,8,sidan_ena_handlingarne_sak_saken
40006520_00070.xml,22,tid_års_tiden_utom_anseende
40006520_00159.xml,35,ränta_fordran_räkning_betalning_skuld
40006520_00465.xml,25,hofrätten_rådstufwu_pröfwar_följe_anseende
40006520_00435.xml,44,fru_förmyndare_testamente_barn_arf
40006520_00107.xml,25,hofrätten_rådstufwu_pröfwar_följe_anseende
40006520_00146.xml,8,sidan_ena_handlingarne_sak_saken
40006520_00190.xml,37,talan_afseende_målet_fråga_mål
40006520_00455.xml,35,ränta_fordran_räkning_betalning_skuld
40006520_00459.xml,37,talan_afseende_målet_fråga_mål
40006520_00084.xml,22,tid_års_tiden_utom_anseende
40006520_00422.xml,35,ränta_fordran_räkning_betalning_skuld
40006520_00185.xml,7,hemman_hemmanet_ägor_jord_skatte
40006520_00253.xml,25,hofrätten_rådstufwu_pröfwar_följe_anseende
40006520_00105.xml,25,hofrätten_rådstufwu_pröfwar_följe_anseende
40006520_00354.xml,25,hofrätten_rådstufwu_pröfwar_följe_anseende
40006520_00319.xml,25,hofrätten_rådstufwu_pröfwar_följe_anseende
40006520_00429.xml,22,tid_års_tiden_utom_anseende
40006520_00326.xml,25,hofrätten_rådstufwu_pröfwar_följe_anseende
40006520_00216.xml,7,hemman_hemmanet_ägor_jord_skatte
40006520_00183.xml,37,talan_afseende_målet_fråga_mål
40006520_00052.xml,7,hemman_hemmanet_ägor_jord_skatte
40006520_00433.xml,25,hofrätten_rådstufwu_pröfwar_följe_anseende
40006520_00102.xml,37,talan_afseende_målet_fråga_mål
40006520_00016.xml,35,ränta_fordran_räkning_betalning_skuld
40006520_00021.xml,25,hofrätten_rådstufwu_pröfwar_följe_anseende
40006520_00164.xml,8,sidan_ena_handlingarne_sak_saken
40006520_00048.xml,8,sidan_ena_handlingarne_sak_saken
40006520_00121.xml,37,talan_afseende_målet_fråga_mål
40006520_00220.xml,37,talan_afseende_målet_fråga_mål
40006520_00240.xml,25,hofrätten_rådstufwu_pröfwar_följe_anseende
40006520_00399.xml,35,ränta_fordran_räkning_betalning_skuld
40006520_00456.xml,35,ränta_fordran_räkning_betalning_skuld
40006520_00106.xml,43,hustru_dotter_hustrus_barn_christina
40006520_00421.xml,7,hemman_hemmanet_ägor_jord_skatte
40006520_00197.xml,25,hofrätten_rådstufwu_pröfwar_följe_anseende
40006520_00212.xml,25,hofrätten_rådstufwu_pröfwar_följe_anseende
40006520_00063.xml,19,åhrs_wedh_utj_wed_äre
40006520_00228.xml,17,bergs_ting_påstående_bruks_käranden
40006520_00118.xml,46,transport_bord_gamla_diverse_lod
40006520_00341.xml,25,hofrätten_rådstufwu_pröfwar_följe_anseende
40006520_00094.xml,33,hofrätten_saken_parterne_afträdde_ansökning
40006520_00288.xml,8,sidan_ena_handlingarne_sak_saken
40006520_00210.xml,37,talan_afseende_målet_fråga_mål
40006520_00346.xml,25,hofrätten_rådstufwu_pröfwar_följe_anseende
40006520_00457.xml,25,hofrätten_rådstufwu_pröfwar_följe_anseende
40006520_00266.xml,25,hofrätten_rådstufwu_pröfwar_följe_anseende
40006520_00412.xml,26,bevis_vore_enkan_född_vite
40006520_00368.xml,25,hofrätten_rådstufwu_pröfwar_följe_anseende
40006520_00032.xml,25,hofrätten_rådstufwu_pröfwar_följe_anseende
40006520_00208.xml,8,sidan_ena_handlingarne_sak_saken
40006520_00337.xml,8,sidan_ena_handlingarne_sak_saken
40006520_00074.xml,25,hofrätten_rådstufwu_pröfwar_följe_anseende
40006520_00460.xml,37,talan_afseende_målet_fråga_mål
40006520_00047.xml,8,sidan_ena_handlingarne_sak_saken
40006520_00031.xml,25,hofrätten_rådstufwu_pröfwar_följe_anseende
40006520_00420.xml,25,hofrätten_rådstufwu_pröfwar_följe_anseende
40006520_00167.xml,5,skal_sit_elr_domen_assessor
40006520_00013.xml,8,sidan_ena_handlingarne_sak_saken
40006520_00342.xml,33,hofrätten_saken_parterne_afträdde_ansökning
40006520_00089.xml,37,talan_afseende_målet_fråga_mål
40006520_00108.xml,35,ränta_fordran_räkning_betalning_skuld
40006520_00348.xml,25,hofrätten_rådstufwu_pröfwar_följe_anseende
40006520_00315.xml,7,hemman_hemmanet_ägor_jord_skatte
40006520_00417.xml,44,fru_förmyndare_testamente_barn_arf
40006520_00323.xml,22,tid_års_tiden_utom_anseende
40006520_00042.xml,8,sidan_ena_handlingarne_sak_saken
40006520_00365.xml,25,hofrätten_rådstufwu_pröfwar_följe_anseende
40006520_00340.xml,25,hofrätten_rådstufwu_pröfwar_följe_anseende
40006520_00322.xml,25,hofrätten_rådstufwu_pröfwar_följe_anseende
40006520_00432.xml,8,sidan_ena_handlingarne_sak_saken
40006520_00029.xml,8,sidan_ena_handlingarne_sak_saken
40006520_00196.xml,35,ränta_fordran_räkning_betalning_skuld
40006520_00339.xml,8,sidan_ena_handlingarne_sak_saken
40006520_00046.xml,8,sidan_ena_handlingarne_sak_saken
40006520_00396.xml,26,bevis_vore_enkan_född_vite
40006520_00283.xml,8,sidan_ena_handlingarne_sak_saken
40006520_00067.xml,35,ränta_fordran_räkning_betalning_skuld
40006520_00328.xml,35,ränta_fordran_räkning_betalning_skuld
40006520_00351.xml,25,hofrätten_rådstufwu_pröfwar_följe_anseende
40006520_00051.xml,25,hofrätten_rådstufwu_pröfwar_följe_anseende
40006520_00239.xml,25,hofrätten_rådstufwu_pröfwar_följe_anseende
40006520_00380.xml,35,ränta_fordran_räkning_betalning_skuld
40006520_00075.xml,25,hofrätten_rådstufwu_pröfwar_följe_anseende
40006520_00453.xml,37,talan_afseende_målet_fråga_mål
40006520_00066.xml,37,talan_afseende_målet_fråga_mål
40006520_00243.xml,37,talan_afseende_målet_fråga_mål
40006520_00098.xml,37,talan_afseende_målet_fråga_mål
40006520_00060.xml,37,talan_afseende_målet_fråga_mål
40006520_00025.xml,8,sidan_ena_handlingarne_sak_saken
40006520_00335.xml,25,hofrätten_rådstufwu_pröfwar_följe_anseende
40006520_00295.xml,25,hofrätten_rådstufwu_pröfwar_följe_anseende
40006520_00180.xml,43,hustru_dotter_hustrus_barn_christina
40006520_00438.xml,44,fru_förmyndare_testamente_barn_arf
40006520_00170.xml,27,eder_for_etc_herman_wie
40006520_00189.xml,35,ränta_fordran_räkning_betalning_skuld
40006520_00153.xml,8,sidan_ena_handlingarne_sak_saken
40006520_00440.xml,25,hofrätten_rådstufwu_pröfwar_följe_anseende
40006520_00293.xml,25,hofrätten_rådstufwu_pröfwar_följe_anseende
40006520_00133.xml,37,talan_afseende_målet_fråga_mål
40006520_00072.xml,22,tid_års_tiden_utom_anseende
40006520_00451.xml,37,talan_afseende_målet_fråga_mål
40006520_00082.xml,37,talan_afseende_målet_fråga_mål
40006520_00137.xml,30,lieutenanten_capitainen_borgmästaren_enka_borgenärer
40006520_00299.xml,22,tid_års_tiden_utom_anseende
40006520_00372.xml,8,sidan_ena_handlingarne_sak_saken
40006520_00202.xml,7,hemman_hemmanet_ägor_jord_skatte
40006520_00126.xml,12,häradshöfdingen_hofrätten_riddaren_mål_närwarande
40006520_00012.xml,7,hemman_hemmanet_ägor_jord_skatte
40006520_00100.xml,1,wittnen_wittnet_berättelse_tagit_sedt
40006520_00038.xml,25,hofrätten_rådstufwu_pröfwar_följe_anseende
40006520_00394.xml,26,bevis_vore_enkan_född_vite
40006520_00262.xml,25,hofrätten_rådstufwu_pröfwar_följe_anseende
40006520_00320.xml,35,ränta_fordran_räkning_betalning_skuld
40006520_00055.xml,35,ränta_fordran_räkning_betalning_skuld
40006520_00305.xml,8,sidan_ena_handlingarne_sak_saken
40006520_00018.xml,8,sidan_ena_handlingarne_sak_saken
40006520_00115.xml,37,talan_afseende_målet_fråga_mål
40006520_00252.xml,22,tid_års_tiden_utom_anseende
40006520_00226.xml,33,hofrätten_saken_parterne_afträdde_ansökning
40006520_00076.xml,25,hofrätten_rådstufwu_pröfwar_följe_anseende
40006520_00161.xml,37,talan_afseende_målet_fråga_mål
40006520_00160.xml,8,sidan_ena_handlingarne_sak_saken
40006520_00385.xml,37,talan_afseende_målet_fråga_mål
40006520_00200.xml,35,ränta_fordran_räkning_betalning_skuld
40006520_00235.xml,8,sidan_ena_handlingarne_sak_saken
40006520_00112.xml,37,talan_afseende_målet_fråga_mål
40006520_00014.xml,8,sidan_ena_handlingarne_sak_saken
40006520_00122.xml,37,talan_afseende_målet_fråga_mål
40006520_00360.xml,25,hofrätten_rådstufwu_pröfwar_följe_anseende
40006520_00222.xml,8,sidan_ena_handlingarne_sak_saken
40006520_00448.xml,35,ränta_fordran_räkning_betalning_skuld
40006520_00192.xml,25,hofrätten_rådstufwu_pröfwar_följe_anseende
40006520_00044.xml,35,ränta_fordran_räkning_betalning_skuld
40006520_00359.xml,8,sidan_ena_handlingarne_sak_saken
40006520_00057.xml,25,hofrätten_rådstufwu_pröfwar_följe_anseende
40006520_00085.xml,35,ränta_fordran_räkning_betalning_skuld
40006520_00444.xml,25,hofrätten_rådstufwu_pröfwar_följe_anseende
40006520_00028.xml,8,sidan_ena_handlingarne_sak_saken
40006520_00364.xml,25,hofrätten_rådstufwu_pröfwar_följe_anseende
40006520_00272.xml,37,talan_afseende_målet_fråga_mål
40006520_00237.xml,25,hofrätten_rådstufwu_pröfwar_följe_anseende
40006520_00301.xml,43,hustru_dotter_hustrus_barn_christina
40006520_00390.xml,7,hemman_hemmanet_ägor_jord_skatte
40006520_00402.xml,35,ränta_fordran_räkning_betalning_skuld
40006520_00353.xml,25,hofrätten_rådstufwu_pröfwar_följe_anseende
40006520_00347.xml,8,sidan_ena_handlingarne_sak_saken
40006520_00251.xml,44,fru_förmyndare_testamente_barn_arf
40006520_00430.xml,25,hofrätten_rådstufwu_pröfwar_följe_anseende
40006520_00109.xml,35,ränta_fordran_räkning_betalning_skuld
40006520_00073.xml,19,åhrs_wedh_utj_wed_äre
40006520_00371.xml,8,sidan_ena_handlingarne_sak_saken
40006520_00232.xml,25,hofrätten_rådstufwu_pröfwar_följe_anseende
40006520_00186.xml,7,hemman_hemmanet_ägor_jord_skatte
40006520_00027.xml,44,fru_förmyndare_testamente_barn_arf
40006520_00370.xml,25,hofrätten_rådstufwu_pröfwar_följe_anseende
40006520_00389.xml,37,talan_afseende_målet_fråga_mål
40006520_00049.xml,8,sidan_ena_handlingarne_sak_saken
40006520_00331.xml,25,hofrätten_rådstufwu_pröfwar_följe_anseende
40006520_00162.xml,35,ränta_fordran_räkning_betalning_skuld
40006520_00152.xml,8,sidan_ena_handlingarne_sak_saken
40006520_00415.xml,37,talan_afseende_målet_fråga_mål
40006520_00358.xml,8,sidan_ena_handlingarne_sak_saken
40006520_00303.xml,25,hofrätten_rådstufwu_pröfwar_följe_anseende
40006520_00265.xml,12,häradshöfdingen_hofrätten_riddaren_mål_närwarande
40006520_00271.xml,25,hofrätten_rådstufwu_pröfwar_följe_anseende
40006520_00058.xml,25,hofrätten_rådstufwu_pröfwar_följe_anseende
40006520_00244.xml,8,sidan_ena_handlingarne_sak_saken
40006520_00408.xml,26,bevis_vore_enkan_född_vite
40006520_00314.xml,7,hemman_hemmanet_ägor_jord_skatte
40006520_00191.xml,25,hofrätten_rådstufwu_pröfwar_följe_anseende
40006520_00093.xml,22,tid_års_tiden_utom_anseende
40006520_00083.xml,37,talan_afseende_målet_fråga_mål
40006520_00336.xml,8,sidan_ena_handlingarne_sak_saken
40006520_00223.xml,25,hofrätten_rådstufwu_pröfwar_följe_anseende
40006520_00169.xml,43,hustru_dotter_hustrus_barn_christina
40006520_00125.xml,37,talan_afseende_målet_fråga_mål
40006520_00464.xml,37,talan_afseende_målet_fråga_mål
40006520_00391.xml,7,hemman_hemmanet_ägor_jord_skatte
40006520_00097.xml,7,hemman_hemmanet_ägor_jord_skatte
40006520_00290.xml,8,sidan_ena_handlingarne_sak_saken
40006520_00172.xml,8,sidan_ena_handlingarne_sak_saken
40006520_00258.xml,35,ränta_fordran_räkning_betalning_skuld
40006520_00397.xml,35,ränta_fordran_räkning_betalning_skuld
40006520_00374.xml,37,talan_afseende_målet_fråga_mål
40006520_00154.xml,37,talan_afseende_målet_fråga_mål
40006520_00157.xml,7,hemman_hemmanet_ägor_jord_skatte
40006520_00015.xml,25,hofrätten_rådstufwu_pröfwar_följe_anseende
40006520_00231.xml,33,hofrätten_saken_parterne_afträdde_ansökning
40006520_00434.xml,37,talan_afseende_målet_fråga_mål
40006520_00454.xml,25,hofrätten_rådstufwu_pröfwar_följe_anseende
40006520_00404.xml,28,summa_betalt_interesse_specie_penningar
40006520_00114.xml,8,sidan_ena_handlingarne_sak_saken
40006520_00140.xml,8,sidan_ena_handlingarne_sak_saken
40006520_00206.xml,14,skog_skogen_mark_grefve_östra
40006520_00309.xml,37,talan_afseende_målet_fråga_mål
40006520_00241.xml,44,fru_förmyndare_testamente_barn_arf
40006520_00248.xml,37,talan_afseende_målet_fråga_mål
40006520_00287.xml,37,talan_afseende_målet_fråga_mål
40006520_00379.xml,22,tid_års_tiden_utom_anseende
40006520_00383.xml,37,talan_afseende_målet_fråga_mål
40006520_00431.xml,25,hofrätten_rådstufwu_pröfwar_följe_anseende
40006520_00264.xml,37,talan_afseende_målet_fråga_mål
40006520_00329.xml,25,hofrätten_rådstufwu_pröfwar_följe_anseende
40006520_00316.xml,22,tid_års_tiden_utom_anseende
40006520_00279.xml,7,hemman_hemmanet_ägor_jord_skatte
40006520_00356.xml,8,sidan_ena_handlingarne_sak_saken
40006520_00278.xml,22,tid_års_tiden_utom_anseende
40006520_00242.xml,35,ränta_fordran_räkning_betalning_skuld
40006520_00017.xml,25,hofrätten_rådstufwu_pröfwar_följe_anseende
40006520_00090.xml,8,sidan_ena_handlingarne_sak_saken
40006520_00366.xml,35,ränta_fordran_räkning_betalning_skuld
40006520_00104.xml,8,sidan_ena_handlingarne_sak_saken
40006520_00092.xml,14,skog_skogen_mark_grefve_östra
40006520_00120.xml,33,hofrätten_saken_parterne_afträdde_ansökning
40006520_00040.xml,8,sidan_ena_handlingarne_sak_saken
40006520_00230.xml,25,hofrätten_rådstufwu_pröfwar_följe_anseende
40006520_00327.xml,25,hofrätten_rådstufwu_pröfwar_följe_anseende
40006520_00349.xml,8,sidan_ena_handlingarne_sak_saken
40006520_00281.xml,8,sidan_ena_handlingarne_sak_saken
40006520_00376.xml,37,talan_afseende_målet_fråga_mål
40006520_00338.xml,25,hofrätten_rådstufwu_pröfwar_följe_anseende
40006520_00318.xml,7,hemman_hemmanet_ägor_jord_skatte
40006520_00452.xml,37,talan_afseende_målet_fråga_mål
40006520_00041.xml,8,sidan_ena_handlingarne_sak_saken
40006520_00134.xml,37,talan_afseende_målet_fråga_mål
40006520_00124.xml,8,sidan_ena_handlingarne_sak_saken
40006520_00022.xml,25,hofrätten_rådstufwu_pröfwar_följe_anseende
40006520_00236.xml,37,talan_afseende_målet_fråga_mål
40006520_00276.xml,37,talan_afseende_målet_fråga_mål
40006520_00194.xml,25,hofrätten_rådstufwu_pröfwar_följe_anseende
40006520_00019.xml,8,sidan_ena_handlingarne_sak_saken
40006520_00413.xml,22,tid_års_tiden_utom_anseende
40006520_00280.xml,22,tid_års_tiden_utom_anseende
40006520_00065.xml,35,ränta_fordran_räkning_betalning_skuld
40006520_00310.xml,16,riksdaler_daler_banco_twå_balken
40006520_00256.xml,25,hofrätten_rådstufwu_pröfwar_följe_anseende
40006520_00436.xml,8,sidan_ena_handlingarne_sak_saken
40006520_00274.xml,37,talan_afseende_målet_fråga_mål
40006520_00238.xml,43,hustru_dotter_hustrus_barn_christina
40006520_00427.xml,35,ränta_fordran_räkning_betalning_skuld
40006520_00062.xml,37,talan_afseende_målet_fråga_mål
40006520_00384.xml,37,talan_afseende_målet_fråga_mål
40006520_00007.xml,8,sidan_ena_handlingarne_sak_saken
40006520_00369.xml,25,hofrätten_rådstufwu_pröfwar_följe_anseende
40006520_00225.xml,25,hofrätten_rådstufwu_pröfwar_följe_anseende
40006520_00423.xml,35,ränta_fordran_räkning_betalning_skuld
40006520_00247.xml,25,hofrätten_rådstufwu_pröfwar_följe_anseende
40006520_00099.xml,22,tid_års_tiden_utom_anseende
40006520_00317.xml,7,hemman_hemmanet_ägor_jord_skatte
40006520_00068.xml,25,hofrätten_rådstufwu_pröfwar_följe_anseende
40006520_00182.xml,37,talan_afseende_målet_fråga_mål
40006520_00343.xml,37,talan_afseende_målet_fråga_mål
40006520_00334.xml,8,sidan_ena_handlingarne_sak_saken
A0027877_00533.xml,22,tid_års_tiden_utom_anseende
A0027877_00257.xml,17,bergs_ting_påstående_bruks_käranden
A0027877_00675.xml,26,bevis_vore_enkan_född_vite
A0027877_00303.xml,17,bergs_ting_påstående_bruks_käranden
A0027877_00579.xml,22,tid_års_tiden_utom_anseende
A0027877_00529.xml,1,wittnen_wittnet_berättelse_tagit_sedt
A0027877_00269.xml,17,bergs_ting_påstående_bruks_käranden
A0027877_00046.xml,17,bergs_ting_påstående_bruks_käranden
A0027877_00230.xml,26,bevis_vore_enkan_född_vite
A0027877_00180.xml,17,bergs_ting_påstående_bruks_käranden
A0027877_00414.xml,1,wittnen_wittnet_berättelse_tagit_sedt
A0027877_00770.xml,22,tid_års_tiden_utom_anseende
A0027877_00437.xml,17,bergs_ting_påstående_bruks_käranden
A0027877_00670.xml,26,bevis_vore_enkan_född_vite
A0027877_00567.xml,22,tid_års_tiden_utom_anseende
A0027877_00515.xml,49,gården_malm_gård_mårten_gårdh
A0027877_00173.xml,17,bergs_ting_påstående_bruks_käranden
A0027877_00728.xml,35,ränta_fordran_räkning_betalning_skuld
A0027877_00183.xml,1,wittnen_wittnet_berättelse_tagit_sedt
A0027877_00744.xml,22,tid_års_tiden_utom_anseende
A0027877_00677.xml,22,tid_års_tiden_utom_anseende
A0027877_00418.xml,1,wittnen_wittnet_berättelse_tagit_sedt
A0027877_00120.xml,17,bergs_ting_påstående_bruks_käranden
A0027877_00463.xml,22,tid_års_tiden_utom_anseende
A0027877_00031.xml,17,bergs_ting_påstående_bruks_käranden
A0027877_00128.xml,17,bergs_ting_påstående_bruks_käranden
A0027877_00837.xml,26,bevis_vore_enkan_född_vite
A0027877_00106.xml,22,tid_års_tiden_utom_anseende
A0027877_00536.xml,22,tid_års_tiden_utom_anseende
A0027877_00635.xml,22,tid_års_tiden_utom_anseende
A0027877_00265.xml,1,wittnen_wittnet_berättelse_tagit_sedt
A0027877_00181.xml,33,hofrätten_saken_parterne_afträdde_ansökning
A0027877_00009.xml,22,tid_års_tiden_utom_anseende
A0027877_00023.xml,49,gården_malm_gård_mårten_gårdh
A0027877_00150.xml,17,bergs_ting_påstående_bruks_käranden
A0027877_00570.xml,22,tid_års_tiden_utom_anseende
A0027877_00834.xml,22,tid_års_tiden_utom_anseende
A0027877_00436.xml,17,bergs_ting_påstående_bruks_käranden
A0027877_00571.xml,1,wittnen_wittnet_berättelse_tagit_sedt
A0027877_00242.xml,17,bergs_ting_påstående_bruks_käranden
A0027877_00787.xml,26,bevis_vore_enkan_född_vite
A0027877_00124.xml,37,talan_afseende_målet_fråga_mål
A0027877_00121.xml,17,bergs_ting_påstående_bruks_käranden
A0027877_00755.xml,17,bergs_ting_påstående_bruks_käranden
A0027877_00083.xml,17,bergs_ting_påstående_bruks_käranden
A0027877_00127.xml,17,bergs_ting_påstående_bruks_käranden
A0027877_00608.xml,22,tid_års_tiden_utom_anseende
A0027877_00199.xml,22,tid_års_tiden_utom_anseende
A0027877_00167.xml,17,bergs_ting_påstående_bruks_käranden
A0027877_00501.xml,17,bergs_ting_påstående_bruks_käranden
A0027877_00810.xml,22,tid_års_tiden_utom_anseende
A0027877_00684.xml,17,bergs_ting_påstående_bruks_käranden
A0027877_00232.xml,17,bergs_ting_påstående_bruks_käranden
A0027877_00450.xml,22,tid_års_tiden_utom_anseende
A0027877_00196.xml,17,bergs_ting_påstående_bruks_käranden
A0027877_00371.xml,37,talan_afseende_målet_fråga_mål
A0027877_00642.xml,17,bergs_ting_påstående_bruks_käranden
A0027877_00132.xml,17,bergs_ting_påstående_bruks_käranden
A0027877_00218.xml,17,bergs_ting_påstående_bruks_käranden
A0027877_00320.xml,26,bevis_vore_enkan_född_vite
A0027877_00336.xml,17,bergs_ting_påstående_bruks_käranden
A0027877_00266.xml,26,bevis_vore_enkan_född_vite
A0027877_00302.xml,17,bergs_ting_påstående_bruks_käranden
A0027877_00270.xml,35,ränta_fordran_räkning_betalning_skuld
A0027877_00348.xml,26,bevis_vore_enkan_född_vite
A0027877_00646.xml,17,bergs_ting_påstående_bruks_käranden
A0027877_00177.xml,17,bergs_ting_påstående_bruks_käranden
A0027877_00457.xml,26,bevis_vore_enkan_född_vite
A0027877_00634.xml,17,bergs_ting_påstående_bruks_käranden
A0027877_00362.xml,17,bergs_ting_påstående_bruks_käranden
A0027877_00611.xml,22,tid_års_tiden_utom_anseende
A0027877_00458.xml,26,bevis_vore_enkan_född_vite
A0027877_00548.xml,17,bergs_ting_påstående_bruks_käranden
A0027877_00492.xml,35,ränta_fordran_räkning_betalning_skuld
A0027877_00653.xml,17,bergs_ting_påstående_bruks_käranden
A0027877_00409.xml,17,bergs_ting_påstående_bruks_käranden
A0027877_00308.xml,26,bevis_vore_enkan_född_vite
A0027877_00731.xml,26,bevis_vore_enkan_född_vite
A0027877_00370.xml,17,bergs_ting_påstående_bruks_käranden
A0027877_00245.xml,17,bergs_ting_påstående_bruks_käranden
A0027877_00381.xml,17,bergs_ting_påstående_bruks_käranden
A0027877_00330.xml,17,bergs_ting_påstående_bruks_käranden
A0027877_00161.xml,17,bergs_ting_påstående_bruks_käranden
A0027877_00043.xml,22,tid_års_tiden_utom_anseende
A0027877_00761.xml,22,tid_års_tiden_utom_anseende
A0027877_00665.xml,17,bergs_ting_påstående_bruks_käranden
A0027877_00416.xml,17,bergs_ting_påstående_bruks_käranden
A0027877_00769.xml,22,tid_års_tiden_utom_anseende
A0027877_00412.xml,22,tid_års_tiden_utom_anseende
A0027877_00352.xml,22,tid_års_tiden_utom_anseende
A0027877_00213.xml,22,tid_års_tiden_utom_anseende
A0027877_00798.xml,17,bergs_ting_påstående_bruks_käranden
A0027877_00768.xml,22,tid_års_tiden_utom_anseende
A0027877_00721.xml,17,bergs_ting_påstående_bruks_käranden
A0027877_00359.xml,17,bergs_ting_påstående_bruks_käranden
A0027877_00205.xml,17,bergs_ting_påstående_bruks_käranden
A0027877_00758.xml,49,gården_malm_gård_mårten_gårdh
A0027877_00469.xml,17,bergs_ting_påstående_bruks_käranden
A0027877_00219.xml,49,gården_malm_gård_mårten_gårdh
A0027877_00255.xml,17,bergs_ting_påstående_bruks_käranden
A0027877_00517.xml,22,tid_års_tiden_utom_anseende
A0027877_00708.xml,22,tid_års_tiden_utom_anseende
A0027877_00618.xml,22,tid_års_tiden_utom_anseende
A0027877_00682.xml,22,tid_års_tiden_utom_anseende
A0027877_00703.xml,37,talan_afseende_målet_fråga_mål
A0027877_00651.xml,22,tid_års_tiden_utom_anseende
A0027877_00681.xml,22,tid_års_tiden_utom_anseende
A0027877_00619.xml,22,tid_års_tiden_utom_anseende
A0027877_00786.xml,26,bevis_vore_enkan_född_vite
A0027877_00030.xml,17,bergs_ting_påstående_bruks_käranden
A0027877_00747.xml,22,tid_års_tiden_utom_anseende
A0027877_00811.xml,17,bergs_ting_påstående_bruks_käranden
A0027877_00538.xml,37,talan_afseende_målet_fråga_mål
A0027877_00495.xml,22,tid_års_tiden_utom_anseende
A0027877_00534.xml,22,tid_års_tiden_utom_anseende
A0027877_00182.xml,26,bevis_vore_enkan_född_vite
A0027877_00604.xml,22,tid_års_tiden_utom_anseende
A0027877_00015.xml,17,bergs_ting_påstående_bruks_käranden
A0027877_00765.xml,22,tid_års_tiden_utom_anseende
A0027877_00505.xml,17,bergs_ting_påstående_bruks_käranden
A0027877_00668.xml,17,bergs_ting_påstående_bruks_käranden
A0027877_00160.xml,49,gården_malm_gård_mårten_gårdh
A0027877_00401.xml,22,tid_års_tiden_utom_anseende
A0027877_00376.xml,22,tid_års_tiden_utom_anseende
A0027877_00559.xml,22,tid_års_tiden_utom_anseende
A0027877_00210.xml,22,tid_års_tiden_utom_anseende
A0027877_00830.xml,1,wittnen_wittnet_berättelse_tagit_sedt
A0027877_00833.xml,37,talan_afseende_målet_fråga_mål
A0027877_00349.xml,17,bergs_ting_påstående_bruks_käranden
A0027877_00035.xml,17,bergs_ting_påstående_bruks_käranden
A0027877_00404.xml,22,tid_års_tiden_utom_anseende
A0027877_00221.xml,49,gården_malm_gård_mårten_gårdh
A0027877_00683.xml,17,bergs_ting_påstående_bruks_käranden
A0027877_00331.xml,22,tid_års_tiden_utom_anseende
A0027877_00580.xml,22,tid_års_tiden_utom_anseende
A0027877_00171.xml,17,bergs_ting_påstående_bruks_käranden
A0027877_00784.xml,17,bergs_ting_påstående_bruks_käranden
A0027877_00678.xml,1,wittnen_wittnet_berättelse_tagit_sedt
A0027877_00164.xml,22,tid_års_tiden_utom_anseende
A0027877_00345.xml,22,tid_års_tiden_utom_anseende
A0027877_00827.xml,17,bergs_ting_påstående_bruks_käranden
A0027877_00576.xml,26,bevis_vore_enkan_född_vite
A0027877_00193.xml,17,bergs_ting_påstående_bruks_käranden
A0027877_00374.xml,22,tid_års_tiden_utom_anseende
A0027877_00453.xml,22,tid_års_tiden_utom_anseende
A0027877_00510.xml,17,bergs_ting_påstående_bruks_käranden
A0027877_00511.xml,17,bergs_ting_påstående_bruks_käranden
A0027877_00485.xml,1,wittnen_wittnet_berättelse_tagit_sedt
A0027877_00057.xml,22,tid_års_tiden_utom_anseende
A0027877_00489.xml,17,bergs_ting_påstående_bruks_käranden
A0027877_00844.xml,12,häradshöfdingen_hofrätten_riddaren_mål_närwarande
A0027877_00089.xml,1,wittnen_wittnet_berättelse_tagit_sedt
A0027877_00482.xml,22,tid_års_tiden_utom_anseende
A0027877_00347.xml,17,bergs_ting_påstående_bruks_käranden
A0027877_00228.xml,22,tid_års_tiden_utom_anseende
A0027877_00502.xml,17,bergs_ting_påstående_bruks_käranden
A0027877_00638.xml,14,skog_skogen_mark_grefve_östra
A0027877_00719.xml,17,bergs_ting_påstående_bruks_käranden
A0027877_00054.xml,17,bergs_ting_påstående_bruks_käranden
A0027877_00220.xml,49,gården_malm_gård_mårten_gårdh
A0027877_00018.xml,17,bergs_ting_påstående_bruks_käranden
A0027877_00689.xml,17,bergs_ting_påstående_bruks_käranden
A0027877_00666.xml,17,bergs_ting_påstående_bruks_käranden
A0027877_00814.xml,22,tid_års_tiden_utom_anseende
A0027877_00647.xml,22,tid_års_tiden_utom_anseende
A0027877_00337.xml,22,tid_års_tiden_utom_anseende
A0027877_00058.xml,17,bergs_ting_påstående_bruks_käranden
A0027877_00593.xml,17,bergs_ting_påstående_bruks_käranden
A0027877_00578.xml,22,tid_års_tiden_utom_anseende
A0027877_00674.xml,22,tid_års_tiden_utom_anseende
A0027877_00585.xml,25,hofrätten_rådstufwu_pröfwar_följe_anseende
A0027877_00107.xml,22,tid_års_tiden_utom_anseende
A0027877_00759.xml,33,hofrätten_saken_parterne_afträdde_ansökning
A0027877_00452.xml,22,tid_års_tiden_utom_anseende
A0027877_00476.xml,17,bergs_ting_påstående_bruks_käranden
A0027877_00713.xml,17,bergs_ting_påstående_bruks_käranden
A0027877_00048.xml,17,bergs_ting_påstående_bruks_käranden
A0027877_00272.xml,22,tid_års_tiden_utom_anseende
A0027877_00676.xml,1,wittnen_wittnet_berättelse_tagit_sedt
A0027877_00032.xml,22,tid_års_tiden_utom_anseende
A0027877_00253.xml,17,bergs_ting_påstående_bruks_käranden
A0027877_00052.xml,37,talan_afseende_målet_fråga_mål
A0027877_00690.xml,37,talan_afseende_målet_fråga_mål
A0027877_00325.xml,1,wittnen_wittnet_berättelse_tagit_sedt
A0027877_00439.xml,17,bergs_ting_påstående_bruks_käranden
A0027877_00262.xml,22,tid_års_tiden_utom_anseende
A0027877_00279.xml,17,bergs_ting_påstående_bruks_käranden
A0027877_00130.xml,17,bergs_ting_påstående_bruks_käranden
A0027877_00841.xml,22,tid_års_tiden_utom_anseende
A0027877_00367.xml,22,tid_års_tiden_utom_anseende
A0027877_00016.xml,17,bergs_ting_påstående_bruks_käranden
A0027877_00317.xml,22,tid_års_tiden_utom_anseende
A0027877_00145.xml,22,tid_års_tiden_utom_anseende
A0027877_00217.xml,22,tid_års_tiden_utom_anseende
A0027877_00530.xml,26,bevis_vore_enkan_född_vite
A0027877_00704.xml,1,wittnen_wittnet_berättelse_tagit_sedt
A0027877_00657.xml,26,bevis_vore_enkan_född_vite
A0027877_00738.xml,22,tid_års_tiden_utom_anseende
A0027877_00479.xml,22,tid_års_tiden_utom_anseende
A0027877_00344.xml,22,tid_års_tiden_utom_anseende
A0027877_00211.xml,22,tid_års_tiden_utom_anseende
A0027877_00524.xml,22,tid_års_tiden_utom_anseende
A0027877_00669.xml,17,bergs_ting_påstående_bruks_käranden
A0027877_00176.xml,17,bergs_ting_påstående_bruks_käranden
A0027877_00092.xml,22,tid_års_tiden_utom_anseende
A0027877_00446.xml,17,bergs_ting_påstående_bruks_käranden
A0027877_00760.xml,22,tid_års_tiden_utom_anseende
A0027877_00803.xml,1,wittnen_wittnet_berättelse_tagit_sedt
A0027877_00158.xml,17,bergs_ting_påstående_bruks_käranden
A0027877_00626.xml,22,tid_års_tiden_utom_anseende
A0027877_00286.xml,22,tid_års_tiden_utom_anseende
A0027877_00063.xml,22,tid_års_tiden_utom_anseende
A0027877_00202.xml,35,ränta_fordran_räkning_betalning_skuld
A0027877_00137.xml,22,tid_års_tiden_utom_anseende
A0027877_00139.xml,37,talan_afseende_målet_fråga_mål
A0027877_00812.xml,22,tid_års_tiden_utom_anseende
A0027877_00550.xml,17,bergs_ting_påstående_bruks_käranden
A0027877_00820.xml,22,tid_års_tiden_utom_anseende
A0027877_00342.xml,26,bevis_vore_enkan_född_vite
A0027877_00554.xml,17,bergs_ting_påstående_bruks_käranden
A0027877_00034.xml,1,wittnen_wittnet_berättelse_tagit_sedt
A0027877_00672.xml,26,bevis_vore_enkan_född_vite
A0027877_00544.xml,31,härads_rättens_målet_utslaget_dömd
A0027877_00444.xml,22,tid_års_tiden_utom_anseende
A0027877_00767.xml,22,tid_års_tiden_utom_anseende
A0027877_00399.xml,22,tid_års_tiden_utom_anseende
A0027877_00734.xml,26,bevis_vore_enkan_född_vite
A0027877_00445.xml,22,tid_års_tiden_utom_anseende
A0027877_00420.xml,22,tid_års_tiden_utom_anseende
A0027877_00756.xml,1,wittnen_wittnet_berättelse_tagit_sedt
A0027877_00322.xml,22,tid_års_tiden_utom_anseende
A0027877_00512.xml,22,tid_års_tiden_utom_anseende
A0027877_00723.xml,22,tid_års_tiden_utom_anseende
A0027877_00577.xml,12,häradshöfdingen_hofrätten_riddaren_mål_närwarande
A0027877_00296.xml,37,talan_afseende_målet_fråga_mål
A0027877_00350.xml,26,bevis_vore_enkan_född_vite
A0027877_00525.xml,22,tid_års_tiden_utom_anseende
A0027877_00290.xml,22,tid_års_tiden_utom_anseende
A0027877_00274.xml,22,tid_års_tiden_utom_anseende
A0027877_00135.xml,37,talan_afseende_målet_fråga_mål
A0027877_00624.xml,17,bergs_ting_påstående_bruks_käranden
A0027877_00156.xml,37,talan_afseende_målet_fråga_mål
A0027877_00688.xml,17,bergs_ting_påstående_bruks_käranden
A0027877_00304.xml,17,bergs_ting_påstående_bruks_käranden
A0027877_00170.xml,22,tid_års_tiden_utom_anseende
A0027877_00065.xml,17,bergs_ting_påstående_bruks_käranden
A0027877_00070.xml,37,talan_afseende_målet_fråga_mål
A0027877_00099.xml,22,tid_års_tiden_utom_anseende
A0027877_00209.xml,22,tid_års_tiden_utom_anseende
A0027877_00788.xml,1,wittnen_wittnet_berättelse_tagit_sedt
A0027877_00097.xml,22,tid_års_tiden_utom_anseende
A0027877_00592.xml,1,wittnen_wittnet_berättelse_tagit_sedt
A0027877_00561.xml,22,tid_års_tiden_utom_anseende
A0027877_00717.xml,17,bergs_ting_påstående_bruks_käranden
A0027877_00602.xml,17,bergs_ting_påstående_bruks_käranden
A0027877_00379.xml,35,ränta_fordran_räkning_betalning_skuld
A0027877_00435.xml,17,bergs_ting_påstående_bruks_käranden
A0027877_00339.xml,17,bergs_ting_påstående_bruks_käranden
A0027877_00656.xml,22,tid_års_tiden_utom_anseende
A0027877_00312.xml,22,tid_års_tiden_utom_anseende
A0027877_00553.xml,22,tid_års_tiden_utom_anseende
A0027877_00163.xml,22,tid_års_tiden_utom_anseende
A0027877_00547.xml,22,tid_års_tiden_utom_anseende
A0027877_00609.xml,14,skog_skogen_mark_grefve_östra
A0027877_00563.xml,17,bergs_ting_påstående_bruks_käranden
A0027877_00700.xml,22,tid_års_tiden_utom_anseende
A0027877_00131.xml,17,bergs_ting_påstående_bruks_käranden
A0027877_00033.xml,17,bergs_ting_påstående_bruks_käranden
A0027877_00372.xml,22,tid_års_tiden_utom_anseende
A0027877_00141.xml,37,talan_afseende_målet_fråga_mål
A0027877_00157.xml,22,tid_års_tiden_utom_anseende
A0027877_00558.xml,22,tid_års_tiden_utom_anseende
A0027877_00273.xml,22,tid_års_tiden_utom_anseende
A0027877_00410.xml,17,bergs_ting_påstående_bruks_käranden
A0027877_00477.xml,17,bergs_ting_påstående_bruks_käranden
A0027877_00061.xml,22,tid_års_tiden_utom_anseende
A0027877_00425.xml,17,bergs_ting_påstående_bruks_käranden
A0027877_00660.xml,24,banco_rst_sedlar_rsr_rsd
A0027877_00795.xml,22,tid_års_tiden_utom_anseende
A0027877_00326.xml,1,wittnen_wittnet_berättelse_tagit_sedt
A0027877_00223.xml,49,gården_malm_gård_mårten_gårdh
A0027877_00398.xml,22,tid_års_tiden_utom_anseende
A0027877_00630.xml,22,tid_års_tiden_utom_anseende
A0027877_00725.xml,17,bergs_ting_påstående_bruks_käranden
A0027877_00039.xml,22,tid_års_tiden_utom_anseende
A0027877_00487.xml,17,bergs_ting_påstående_bruks_käranden
A0027877_00010.xml,26,bevis_vore_enkan_född_vite
A0027877_00804.xml,1,wittnen_wittnet_berättelse_tagit_sedt
A0027877_00780.xml,37,talan_afseende_målet_fråga_mål
A0027877_00022.xml,1,wittnen_wittnet_berättelse_tagit_sedt
A0027877_00574.xml,22,tid_års_tiden_utom_anseende
A0027877_00044.xml,22,tid_års_tiden_utom_anseende
A0027877_00056.xml,17,bergs_ting_påstående_bruks_käranden
A0027877_00718.xml,17,bergs_ting_påstående_bruks_käranden
A0027877_00234.xml,22,tid_års_tiden_utom_anseende
A0027877_00434.xml,17,bergs_ting_påstående_bruks_käranden
A0027877_00667.xml,17,bergs_ting_påstående_bruks_käranden
A0027877_00307.xml,17,bergs_ting_påstående_bruks_käranden
A0027877_00691.xml,37,talan_afseende_målet_fråga_mål
A0027877_00117.xml,17,bergs_ting_påstående_bruks_käranden
A0027877_00334.xml,17,bergs_ting_påstående_bruks_käranden
A0027877_00600.xml,22,tid_års_tiden_utom_anseende
A0027877_00241.xml,17,bergs_ting_påstående_bruks_käranden
A0027877_00658.xml,17,bergs_ting_påstående_bruks_käranden
A0027877_00772.xml,37,talan_afseende_målet_fråga_mål
A0027877_00387.xml,22,tid_års_tiden_utom_anseende
A0027877_00551.xml,17,bergs_ting_påstående_bruks_käranden
A0027877_00461.xml,17,bergs_ting_påstående_bruks_käranden
A0027877_00754.xml,17,bergs_ting_påstående_bruks_käranden
A0027877_00147.xml,17,bergs_ting_påstående_bruks_käranden
A0027877_00237.xml,17,bergs_ting_påstående_bruks_käranden
A0027877_00149.xml,22,tid_års_tiden_utom_anseende
A0027877_00605.xml,22,tid_års_tiden_utom_anseende
A0027877_00310.xml,22,tid_års_tiden_utom_anseende
A0027877_00764.xml,22,tid_års_tiden_utom_anseende
A0027877_00648.xml,17,bergs_ting_påstående_bruks_käranden
A0027877_00405.xml,17,bergs_ting_påstående_bruks_käranden
A0027877_00383.xml,22,tid_års_tiden_utom_anseende
A0027877_00843.xml,14,skog_skogen_mark_grefve_östra
A0027877_00808.xml,17,bergs_ting_påstående_bruks_käranden
A0027877_00762.xml,22,tid_års_tiden_utom_anseende
A0027877_00468.xml,22,tid_års_tiden_utom_anseende
A0027877_00695.xml,17,bergs_ting_påstående_bruks_käranden
A0027877_00037.xml,22,tid_års_tiden_utom_anseende
A0027877_00560.xml,22,tid_års_tiden_utom_anseende
A0027877_00355.xml,17,bergs_ting_påstående_bruks_käranden
A0027877_00397.xml,22,tid_års_tiden_utom_anseende
A0027877_00249.xml,17,bergs_ting_påstående_bruks_käranden
A0027877_00632.xml,17,bergs_ting_påstående_bruks_käranden
A0027877_00726.xml,17,bergs_ting_påstående_bruks_käranden
A0027877_00086.xml,22,tid_års_tiden_utom_anseende
A0027877_00162.xml,17,bergs_ting_påstående_bruks_käranden
A0027877_00254.xml,17,bergs_ting_påstående_bruks_käranden
A0027877_00671.xml,26,bevis_vore_enkan_född_vite
A0027877_00038.xml,22,tid_års_tiden_utom_anseende
A0027877_00742.xml,22,tid_års_tiden_utom_anseende
A0027877_00494.xml,22,tid_års_tiden_utom_anseende
A0027877_00431.xml,1,wittnen_wittnet_berättelse_tagit_sedt
A0027877_00777.xml,17,bergs_ting_påstående_bruks_käranden
A0027877_00343.xml,22,tid_års_tiden_utom_anseende
A0027877_00662.xml,22,tid_års_tiden_utom_anseende
A0027877_00727.xml,17,bergs_ting_påstående_bruks_käranden
A0027877_00109.xml,22,tid_års_tiden_utom_anseende
A0027877_00606.xml,22,tid_års_tiden_utom_anseende
A0027877_00838.xml,26,bevis_vore_enkan_född_vite
A0027877_00090.xml,1,wittnen_wittnet_berättelse_tagit_sedt
A0027877_00064.xml,26,bevis_vore_enkan_född_vite
A0027877_00771.xml,22,tid_års_tiden_utom_anseende
A0027877_00004.xml,17,bergs_ting_påstående_bruks_käranden
A0027877_00110.xml,22,tid_års_tiden_utom_anseende
A0027877_00138.xml,37,talan_afseende_målet_fråga_mål
A0027877_00679.xml,1,wittnen_wittnet_berättelse_tagit_sedt
A0027877_00036.xml,17,bergs_ting_påstående_bruks_käranden
A0027877_00720.xml,17,bergs_ting_påstående_bruks_käranden
A0027877_00817.xml,22,tid_års_tiden_utom_anseende
A0027877_00287.xml,37,talan_afseende_målet_fråga_mål
A0027877_00614.xml,22,tid_års_tiden_utom_anseende
A0027877_00260.xml,17,bergs_ting_påstående_bruks_käranden
A0027877_00340.xml,22,tid_års_tiden_utom_anseende
A0027877_00207.xml,17,bergs_ting_påstående_bruks_käranden
A0027877_00572.xml,22,tid_års_tiden_utom_anseende
A0027877_00521.xml,22,tid_års_tiden_utom_anseende
A0027877_00006.xml,22,tid_års_tiden_utom_anseende
A0027877_00166.xml,22,tid_års_tiden_utom_anseende
A0027877_00172.xml,17,bergs_ting_påstående_bruks_käranden
A0027877_00504.xml,17,bergs_ting_påstående_bruks_käranden
A0027877_00368.xml,37,talan_afseende_målet_fråga_mål
A0027877_00616.xml,22,tid_års_tiden_utom_anseende
A0027877_00238.xml,17,bergs_ting_påstående_bruks_käranden
A0027877_00085.xml,22,tid_års_tiden_utom_anseende
A0027877_00244.xml,17,bergs_ting_påstående_bruks_käranden
A0027877_00351.xml,26,bevis_vore_enkan_född_vite
A0027877_00204.xml,22,tid_års_tiden_utom_anseende
A0027877_00640.xml,22,tid_års_tiden_utom_anseende
A0027877_00327.xml,17,bergs_ting_påstående_bruks_käranden
A0027877_00484.xml,1,wittnen_wittnet_berättelse_tagit_sedt
A0027877_00112.xml,22,tid_års_tiden_utom_anseende
A0027877_00801.xml,17,bergs_ting_påstående_bruks_käranden
A0027877_00188.xml,22,tid_års_tiden_utom_anseende
A0027877_00116.xml,17,bergs_ting_påstående_bruks_käranden
A0027877_00354.xml,22,tid_års_tiden_utom_anseende
A0027877_00069.xml,22,tid_års_tiden_utom_anseende
A0027877_00625.xml,17,bergs_ting_påstående_bruks_käranden
A0027877_00750.xml,17,bergs_ting_påstående_bruks_käranden
A0027877_00466.xml,1,wittnen_wittnet_berättelse_tagit_sedt
A0027877_00705.xml,17,bergs_ting_påstående_bruks_käranden
A0027877_00261.xml,17,bergs_ting_påstående_bruks_käranden
A0027877_00486.xml,17,bergs_ting_påstående_bruks_käranden
A0027877_00746.xml,22,tid_års_tiden_utom_anseende
A0027877_00825.xml,22,tid_års_tiden_utom_anseende
A0027877_00403.xml,22,tid_års_tiden_utom_anseende
A0027877_00456.xml,17,bergs_ting_påstående_bruks_käranden
A0027877_00008.xml,22,tid_års_tiden_utom_anseende
A0027877_00673.xml,22,tid_års_tiden_utom_anseende
A0027877_00467.xml,26,bevis_vore_enkan_född_vite
A0027877_00346.xml,17,bergs_ting_påstående_bruks_käranden
A0027877_00073.xml,17,bergs_ting_påstående_bruks_käranden
A0027877_00595.xml,22,tid_års_tiden_utom_anseende
A0027877_00041.xml,22,tid_års_tiden_utom_anseende
A0027877_00555.xml,22,tid_års_tiden_utom_anseende
A0027877_00201.xml,17,bergs_ting_påstående_bruks_käranden
A0027877_00556.xml,22,tid_års_tiden_utom_anseende
A0027877_00522.xml,1,wittnen_wittnet_berättelse_tagit_sedt
A0027877_00252.xml,17,bergs_ting_påstående_bruks_käranden
A0027877_00474.xml,17,bergs_ting_påstående_bruks_käranden
A0027877_00552.xml,17,bergs_ting_påstående_bruks_käranden
A0027877_00392.xml,26,bevis_vore_enkan_född_vite
A0027877_00507.xml,17,bergs_ting_påstående_bruks_käranden
A0027877_00741.xml,22,tid_års_tiden_utom_anseende
A0027877_00447.xml,17,bergs_ting_påstående_bruks_käranden
A0027877_00224.xml,22,tid_års_tiden_utom_anseende
A0027877_00440.xml,17,bergs_ting_påstående_bruks_käranden
A0027877_00236.xml,17,bergs_ting_påstående_bruks_käranden
A0027877_00594.xml,22,tid_års_tiden_utom_anseende
A0027877_00583.xml,26,bevis_vore_enkan_född_vite
A0027877_00292.xml,35,ränta_fordran_räkning_betalning_skuld
A0027877_00697.xml,37,talan_afseende_målet_fråga_mål
A0027877_00776.xml,24,banco_rst_sedlar_rsr_rsd
A0027877_00295.xml,22,tid_års_tiden_utom_anseende
A0027877_00017.xml,17,bergs_ting_påstående_bruks_käranden
A0027877_00751.xml,17,bergs_ting_påstående_bruks_käranden
A0027877_00187.xml,17,bergs_ting_påstående_bruks_käranden
A0027877_00059.xml,22,tid_års_tiden_utom_anseende
A0027877_00739.xml,22,tid_års_tiden_utom_anseende
A0027877_00356.xml,17,bergs_ting_påstående_bruks_käranden
A0027877_00821.xml,22,tid_års_tiden_utom_anseende
A0027877_00297.xml,22,tid_års_tiden_utom_anseende
A0027877_00796.xml,22,tid_års_tiden_utom_anseende
A0027877_00005.xml,22,tid_års_tiden_utom_anseende
A0027877_00385.xml,22,tid_års_tiden_utom_anseende
A0027877_00321.xml,22,tid_års_tiden_utom_anseende
A0027877_00455.xml,17,bergs_ting_påstående_bruks_käranden
A0027877_00263.xml,22,tid_års_tiden_utom_anseende
A0027877_00753.xml,17,bergs_ting_påstående_bruks_käranden
A0027877_00516.xml,12,häradshöfdingen_hofrätten_riddaren_mål_närwarande
A0027877_00333.xml,17,bergs_ting_påstående_bruks_käranden
A0027877_00557.xml,22,tid_års_tiden_utom_anseende
A0027877_00178.xml,17,bergs_ting_påstående_bruks_käranden
A0027877_00836.xml,22,tid_års_tiden_utom_anseende
A0027877_00315.xml,17,bergs_ting_påstående_bruks_käranden
A0027877_00305.xml,17,bergs_ting_påstående_bruks_käranden
A0027877_00789.xml,1,wittnen_wittnet_berättelse_tagit_sedt
A0027877_00508.xml,24,banco_rst_sedlar_rsr_rsd
A0027877_00621.xml,22,tid_års_tiden_utom_anseende
A0027877_00027.xml,37,talan_afseende_målet_fråga_mål
A0027877_00154.xml,17,bergs_ting_påstående_bruks_käranden
A0027877_00408.xml,17,bergs_ting_påstående_bruks_käranden
A0027877_00014.xml,17,bergs_ting_påstående_bruks_käranden
A0027877_00631.xml,17,bergs_ting_påstående_bruks_käranden
A0027877_00411.xml,17,bergs_ting_påstående_bruks_käranden
A0027877_00185.xml,1,wittnen_wittnet_berättelse_tagit_sedt
A0027877_00710.xml,14,skog_skogen_mark_grefve_östra
A0027877_00294.xml,22,tid_års_tiden_utom_anseende
A0027877_00699.xml,22,tid_års_tiden_utom_anseende
A0027877_00509.xml,17,bergs_ting_påstående_bruks_käranden
A0027877_00391.xml,22,tid_års_tiden_utom_anseende
A0027877_00500.xml,22,tid_års_tiden_utom_anseende
A0027877_00115.xml,17,bergs_ting_påstående_bruks_käranden
A0027877_00432.xml,1,wittnen_wittnet_berättelse_tagit_sedt
A0027877_00395.xml,22,tid_års_tiden_utom_anseende
A0027877_00067.xml,22,tid_års_tiden_utom_anseende
A0027877_00729.xml,22,tid_års_tiden_utom_anseende
A0027877_00227.xml,17,bergs_ting_påstående_bruks_käranden
A0027877_00299.xml,22,tid_års_tiden_utom_anseende
A0027877_00104.xml,22,tid_års_tiden_utom_anseende
A0027877_00659.xml,37,talan_afseende_målet_fråga_mål
A0027877_00490.xml,22,tid_års_tiden_utom_anseende
A0027877_00800.xml,22,tid_års_tiden_utom_anseende
A0027877_00165.xml,17,bergs_ting_påstående_bruks_käranden
A0027877_00617.xml,22,tid_års_tiden_utom_anseende
A0027877_00214.xml,17,bergs_ting_påstående_bruks_käranden
A0027877_00472.xml,22,tid_års_tiden_utom_anseende
A0027877_00360.xml,17,bergs_ting_påstående_bruks_käranden
A0027877_00707.xml,22,tid_års_tiden_utom_anseende
A0027877_00021.xml,17,bergs_ting_påstående_bruks_käranden
A0027877_00514.xml,17,bergs_ting_påstående_bruks_käranden
A0027877_00194.xml,17,bergs_ting_påstående_bruks_käranden
A0027877_00300.xml,22,tid_års_tiden_utom_anseende
A0027877_00159.xml,22,tid_års_tiden_utom_anseende
A0027877_00597.xml,17,bergs_ting_påstående_bruks_käranden
A0027877_00393.xml,22,tid_års_tiden_utom_anseende
A0027877_00133.xml,17,bergs_ting_påstående_bruks_käranden
A0027877_00148.xml,17,bergs_ting_påstående_bruks_käranden
A0027877_00396.xml,22,tid_års_tiden_utom_anseende
A0027877_00513.xml,17,bergs_ting_påstående_bruks_käranden
A0027877_00076.xml,17,bergs_ting_påstående_bruks_käranden
A0027877_00823.xml,22,tid_års_tiden_utom_anseende
A0027877_00428.xml,1,wittnen_wittnet_berättelse_tagit_sedt
A0027877_00493.xml,22,tid_års_tiden_utom_anseende
A0027877_00025.xml,49,gården_malm_gård_mårten_gårdh
A0027877_00029.xml,22,tid_års_tiden_utom_anseende
A0027877_00235.xml,17,bergs_ting_påstående_bruks_käranden
A0027877_00752.xml,1,wittnen_wittnet_berättelse_tagit_sedt
A0027877_00519.xml,22,tid_års_tiden_utom_anseende
A0027877_00402.xml,22,tid_års_tiden_utom_anseende
A0027877_00335.xml,17,bergs_ting_påstående_bruks_käranden
A0027877_00268.xml,17,bergs_ting_påstående_bruks_käranden
A0027877_00481.xml,22,tid_års_tiden_utom_anseende
A0027877_00229.xml,22,tid_års_tiden_utom_anseende
A0027877_00473.xml,24,banco_rst_sedlar_rsr_rsd
A0027877_00088.xml,1,wittnen_wittnet_berättelse_tagit_sedt
A0027877_00243.xml,22,tid_års_tiden_utom_anseende
A0027877_00732.xml,22,tid_års_tiden_utom_anseende
A0027877_00813.xml,22,tid_års_tiden_utom_anseende
A0027877_00222.xml,49,gården_malm_gård_mårten_gårdh
A0027877_00246.xml,17,bergs_ting_påstående_bruks_käranden
A0027877_00740.xml,17,bergs_ting_påstående_bruks_käranden
A0027877_00845.xml,12,häradshöfdingen_hofrätten_riddaren_mål_närwarande
A0027877_00250.xml,37,talan_afseende_målet_fråga_mål
A0027877_00633.xml,17,bergs_ting_påstående_bruks_käranden
A0027877_00233.xml,17,bergs_ting_påstående_bruks_käranden
A0027877_00716.xml,35,ränta_fordran_räkning_betalning_skuld
A0027877_00353.xml,22,tid_års_tiden_utom_anseende
A0027877_00329.xml,17,bergs_ting_påstående_bruks_käranden
A0027877_00019.xml,17,bergs_ting_påstående_bruks_käranden
A0027877_00429.xml,1,wittnen_wittnet_berättelse_tagit_sedt
A0027877_00757.xml,49,gården_malm_gård_mårten_gårdh
A0027877_00301.xml,17,bergs_ting_påstående_bruks_käranden
A0027877_00045.xml,17,bergs_ting_påstående_bruks_käranden
A0027877_00422.xml,17,bergs_ting_påstående_bruks_käranden
A0027877_00363.xml,35,ränta_fordran_räkning_betalning_skuld
A0027877_00470.xml,17,bergs_ting_påstående_bruks_käranden
A0027877_00105.xml,22,tid_års_tiden_utom_anseende
A0027877_00438.xml,1,wittnen_wittnet_berättelse_tagit_sedt
A0027877_00240.xml,22,tid_års_tiden_utom_anseende
A0027877_00407.xml,17,bergs_ting_påstående_bruks_käranden
A0027877_00696.xml,1,wittnen_wittnet_berättelse_tagit_sedt
A0027877_00226.xml,22,tid_års_tiden_utom_anseende
A0027877_00417.xml,17,bergs_ting_påstående_bruks_käranden
A0027877_00314.xml,22,tid_års_tiden_utom_anseende
A0027877_00692.xml,37,talan_afseende_målet_fråga_mål
A0027877_00480.xml,22,tid_års_tiden_utom_anseende
A0027877_00545.xml,22,tid_års_tiden_utom_anseende
A0027877_00575.xml,1,wittnen_wittnet_berättelse_tagit_sedt
A0027877_00293.xml,22,tid_års_tiden_utom_anseende
A0027877_00426.xml,22,tid_års_tiden_utom_anseende
A0027877_00591.xml,17,bergs_ting_påstående_bruks_käranden
A0027877_00377.xml,17,bergs_ting_påstående_bruks_käranden
A0027877_00442.xml,17,bergs_ting_påstående_bruks_käranden
A0027877_00790.xml,1,wittnen_wittnet_berättelse_tagit_sedt
A0027877_00842.xml,14,skog_skogen_mark_grefve_östra
A0027877_00730.xml,17,bergs_ting_påstående_bruks_käranden
A0027877_00799.xml,37,talan_afseende_målet_fråga_mål
A0027877_00011.xml,22,tid_års_tiden_utom_anseende
A0027877_00774.xml,17,bergs_ting_påstående_bruks_käranden
A0027877_00024.xml,49,gården_malm_gård_mårten_gårdh
A0027877_00471.xml,22,tid_års_tiden_utom_anseende
A0027877_00143.xml,26,bevis_vore_enkan_född_vite
A0027877_00778.xml,17,bergs_ting_påstående_bruks_käranden
A0027877_00643.xml,37,talan_afseende_målet_fråga_mål
A0027877_00114.xml,17,bergs_ting_påstående_bruks_käranden
A0027877_00328.xml,17,bergs_ting_påstående_bruks_käranden
A0027877_00062.xml,17,bergs_ting_påstående_bruks_käranden
A0027877_00050.xml,22,tid_års_tiden_utom_anseende
A0027877_00839.xml,14,skog_skogen_mark_grefve_östra
A0027877_00735.xml,12,häradshöfdingen_hofrätten_riddaren_mål_närwarande
A0027877_00077.xml,17,bergs_ting_påstående_bruks_käranden
A0027877_00564.xml,17,bergs_ting_påstående_bruks_käranden
A0027877_00652.xml,17,bergs_ting_påstående_bruks_käranden
A0027877_00216.xml,17,bergs_ting_påstående_bruks_käranden
A0027877_00113.xml,22,tid_års_tiden_utom_anseende
A0027877_00323.xml,22,tid_års_tiden_utom_anseende
A0027877_00745.xml,22,tid_års_tiden_utom_anseende
A0027877_00055.xml,17,bergs_ting_påstående_bruks_käranden
A0027877_00819.xml,22,tid_års_tiden_utom_anseende
A0027877_00782.xml,17,bergs_ting_påstående_bruks_käranden
A0027877_00289.xml,17,bergs_ting_påstående_bruks_käranden
A0027877_00661.xml,17,bergs_ting_påstående_bruks_käranden
A0027877_00775.xml,35,ränta_fordran_räkning_betalning_skuld
A0027877_00267.xml,22,tid_års_tiden_utom_anseende
A0027877_00497.xml,17,bergs_ting_påstående_bruks_käranden
A0027877_00773.xml,37,talan_afseende_målet_fråga_mål
A0027877_00389.xml,22,tid_års_tiden_utom_anseende
A0027877_00123.xml,22,tid_års_tiden_utom_anseende
A0027877_00174.xml,17,bergs_ting_påstående_bruks_käranden
A0027877_00806.xml,1,wittnen_wittnet_berättelse_tagit_sedt
A0027877_00599.xml,22,tid_års_tiden_utom_anseende
A0027877_00386.xml,22,tid_års_tiden_utom_anseende
A0027877_00448.xml,22,tid_års_tiden_utom_anseende
A0027877_00586.xml,1,wittnen_wittnet_berättelse_tagit_sedt
A0027877_00712.xml,17,bergs_ting_påstående_bruks_käranden
A0027877_00441.xml,17,bergs_ting_påstående_bruks_käranden
A0027877_00613.xml,22,tid_års_tiden_utom_anseende
A0027877_00423.xml,17,bergs_ting_påstående_bruks_käranden
A0027877_00623.xml,12,häradshöfdingen_hofrätten_riddaren_mål_närwarande
A0027877_00562.xml,22,tid_års_tiden_utom_anseende
A0027877_00071.xml,22,tid_års_tiden_utom_anseende
A0027877_00792.xml,17,bergs_ting_påstående_bruks_käranden
A0027877_00084.xml,17,bergs_ting_påstående_bruks_käranden
A0027877_00415.xml,22,tid_års_tiden_utom_anseende
A0027877_00338.xml,22,tid_års_tiden_utom_anseende
A0027877_00797.xml,22,tid_års_tiden_utom_anseende
A0027877_00535.xml,17,bergs_ting_påstående_bruks_käranden
A0027877_00430.xml,1,wittnen_wittnet_berättelse_tagit_sedt
A0027877_00449.xml,22,tid_års_tiden_utom_anseende
A0027877_00075.xml,17,bergs_ting_påstående_bruks_käranden
A0027877_00275.xml,17,bergs_ting_påstående_bruks_käranden
A0027877_00291.xml,17,bergs_ting_påstående_bruks_käranden
A0027877_00053.xml,14,skog_skogen_mark_grefve_östra
A0027877_00122.xml,17,bergs_ting_påstående_bruks_käranden
A0027877_00066.xml,17,bergs_ting_påstående_bruks_käranden
A0027877_00413.xml,22,tid_års_tiden_utom_anseende
A0027877_00612.xml,22,tid_års_tiden_utom_anseende
A0027877_00805.xml,29,swarade_domb_inspectoren_dehl_straxt
A0027877_00100.xml,22,tid_års_tiden_utom_anseende
A0027877_00654.xml,17,bergs_ting_påstående_bruks_käranden
A0027877_00394.xml,22,tid_års_tiden_utom_anseende
A0027877_00007.xml,22,tid_års_tiden_utom_anseende
A0027877_00197.xml,17,bergs_ting_påstående_bruks_käranden
A0027877_00531.xml,22,tid_års_tiden_utom_anseende
A0027877_00251.xml,17,bergs_ting_påstående_bruks_käranden
A0027877_00610.xml,22,tid_års_tiden_utom_anseende
A0027877_00382.xml,17,bergs_ting_påstående_bruks_käranden
A0027877_00663.xml,37,talan_afseende_målet_fråga_mål
A0027877_00542.xml,26,bevis_vore_enkan_född_vite
A0027877_00491.xml,17,bergs_ting_påstående_bruks_käranden
A0027877_00189.xml,22,tid_års_tiden_utom_anseende
A0027877_00298.xml,17,bergs_ting_påstående_bruks_käranden
A0027877_00285.xml,22,tid_års_tiden_utom_anseende
A0027877_00733.xml,22,tid_års_tiden_utom_anseende
A0027877_00247.xml,17,bergs_ting_påstående_bruks_käranden
A0027877_00794.xml,22,tid_års_tiden_utom_anseende
A0027877_00539.xml,1,wittnen_wittnet_berättelse_tagit_sedt
A0027877_00627.xml,22,tid_års_tiden_utom_anseende
A0027877_00134.xml,22,tid_års_tiden_utom_anseende
A0027877_00093.xml,22,tid_års_tiden_utom_anseende
A0027877_00791.xml,1,wittnen_wittnet_berättelse_tagit_sedt
A0027877_00026.xml,37,talan_afseende_målet_fråga_mål
A0027877_00259.xml,17,bergs_ting_påstående_bruks_käranden
A0027877_00748.xml,17,bergs_ting_påstående_bruks_käranden
A0027877_00488.xml,17,bergs_ting_påstående_bruks_käranden
A0027877_00724.xml,22,tid_års_tiden_utom_anseende
A0027877_00168.xml,17,bergs_ting_påstående_bruks_käranden
A0027877_00049.xml,17,bergs_ting_påstående_bruks_käranden
A0027877_00460.xml,17,bergs_ting_påstående_bruks_käranden
A0027877_00284.xml,22,tid_års_tiden_utom_anseende
A0027877_00102.xml,17,bergs_ting_påstående_bruks_käranden
A0027877_00527.xml,22,tid_års_tiden_utom_anseende
A0027877_00809.xml,22,tid_års_tiden_utom_anseende
A0027877_00840.xml,14,skog_skogen_mark_grefve_östra
A0027877_00101.xml,22,tid_års_tiden_utom_anseende
A0027877_00693.xml,17,bergs_ting_påstående_bruks_käranden
A0027877_00496.xml,22,tid_års_tiden_utom_anseende
A0027877_00094.xml,17,bergs_ting_påstående_bruks_käranden
A0027877_00499.xml,22,tid_års_tiden_utom_anseende
A0027877_00208.xml,37,talan_afseende_målet_fråga_mål
A0027877_00400.xml,22,tid_års_tiden_utom_anseende
A0027877_00826.xml,22,tid_års_tiden_utom_anseende
A0027877_00388.xml,26,bevis_vore_enkan_född_vite
A0027877_00118.xml,1,wittnen_wittnet_berättelse_tagit_sedt
A0027877_00365.xml,37,talan_afseende_målet_fråga_mål
A0027877_00126.xml,17,bergs_ting_påstående_bruks_käranden
A0027877_00818.xml,17,bergs_ting_påstående_bruks_käranden
A0027877_00012.xml,22,tid_års_tiden_utom_anseende
A0027877_00694.xml,1,wittnen_wittnet_berättelse_tagit_sedt
A0027877_00380.xml,17,bergs_ting_påstående_bruks_käranden
A0027877_00332.xml,22,tid_års_tiden_utom_anseende
A0027877_00587.xml,1,wittnen_wittnet_berättelse_tagit_sedt
A0027877_00419.xml,14,skog_skogen_mark_grefve_östra
A0027877_00282.xml,17,bergs_ting_påstående_bruks_käranden
A0027877_00179.xml,22,tid_års_tiden_utom_anseende
A0027877_00685.xml,22,tid_års_tiden_utom_anseende
A0027877_00013.xml,22,tid_års_tiden_utom_anseende
A0027877_00637.xml,22,tid_års_tiden_utom_anseende
A0027877_00506.xml,17,bergs_ting_påstående_bruks_käranden
A0027877_00589.xml,1,wittnen_wittnet_berättelse_tagit_sedt
A0027877_00766.xml,22,tid_års_tiden_utom_anseende
A0027877_00152.xml,17,bergs_ting_påstående_bruks_käranden
A0027877_00781.xml,37,talan_afseende_målet_fråga_mål
A0027877_00649.xml,17,bergs_ting_påstående_bruks_käranden
A0027877_00079.xml,22,tid_års_tiden_utom_anseende
A0027877_00655.xml,37,talan_afseende_målet_fråga_mål
A0027877_00816.xml,1,wittnen_wittnet_berättelse_tagit_sedt
A0027877_00749.xml,17,bergs_ting_påstående_bruks_käranden
A0027877_00566.xml,22,tid_års_tiden_utom_anseende
A0027877_00715.xml,17,bergs_ting_påstående_bruks_käranden
A0027877_00615.xml,22,tid_års_tiden_utom_anseende
A0027877_00543.xml,22,tid_års_tiden_utom_anseende
A0027877_00779.xml,17,bergs_ting_påstående_bruks_käranden
A0027877_00324.xml,17,bergs_ting_påstående_bruks_käranden
A0027877_00142.xml,35,ränta_fordran_räkning_betalning_skuld
A0027877_00306.xml,17,bergs_ting_påstående_bruks_käranden
A0027877_00144.xml,37,talan_afseende_målet_fråga_mål
A0027877_00125.xml,17,bergs_ting_påstående_bruks_käranden
A0027877_00549.xml,17,bergs_ting_påstående_bruks_käranden
A0027877_00195.xml,17,bergs_ting_påstående_bruks_käranden
A0027877_00433.xml,26,bevis_vore_enkan_född_vite
A0027877_00645.xml,37,talan_afseende_målet_fråga_mål
A0027877_00095.xml,49,gården_malm_gård_mårten_gårdh
A0027877_00824.xml,22,tid_års_tiden_utom_anseende
A0027877_00020.xml,22,tid_års_tiden_utom_anseende
A0027877_00078.xml,17,bergs_ting_påstående_bruks_käranden
A0027877_00459.xml,22,tid_års_tiden_utom_anseende
A0027877_00598.xml,22,tid_års_tiden_utom_anseende
A0027877_00192.xml,17,bergs_ting_påstående_bruks_käranden
A0027877_00785.xml,10,will_willia_ähre_gudh_saken
A0027877_00743.xml,22,tid_års_tiden_utom_anseende
A0027877_00276.xml,17,bergs_ting_påstående_bruks_käranden
A0027877_00722.xml,22,tid_års_tiden_utom_anseende
A0027877_00736.xml,22,tid_års_tiden_utom_anseende
A0027877_00528.xml,26,bevis_vore_enkan_född_vite
A0027877_00146.xml,22,tid_års_tiden_utom_anseende
A0027877_00532.xml,22,tid_års_tiden_utom_anseende
A0027877_00103.xml,22,tid_års_tiden_utom_anseende
A0027877_00628.xml,14,skog_skogen_mark_grefve_östra
A0027877_00443.xml,26,bevis_vore_enkan_född_vite
A0027877_00622.xml,22,tid_års_tiden_utom_anseende
A0027877_00175.xml,22,tid_års_tiden_utom_anseende
A0027877_00151.xml,17,bergs_ting_påstående_bruks_käranden
A0027877_00361.xml,17,bergs_ting_påstående_bruks_käranden
A0027877_00375.xml,22,tid_års_tiden_utom_anseende
A0027877_00498.xml,35,ränta_fordran_räkning_betalning_skuld
A0027877_00601.xml,22,tid_års_tiden_utom_anseende
A0027877_00281.xml,17,bergs_ting_påstående_bruks_käranden
A0027877_00451.xml,22,tid_års_tiden_utom_anseende
A0027877_00087.xml,1,wittnen_wittnet_berättelse_tagit_sedt
A0027877_00701.xml,26,bevis_vore_enkan_född_vite
A0027877_00184.xml,1,wittnen_wittnet_berättelse_tagit_sedt
A0027877_00680.xml,1,wittnen_wittnet_berättelse_tagit_sedt
A0027877_00080.xml,22,tid_års_tiden_utom_anseende
A0027877_00424.xml,17,bergs_ting_påstående_bruks_käranden
A0027877_00271.xml,17,bergs_ting_påstående_bruks_käranden
A0027877_00541.xml,1,wittnen_wittnet_berättelse_tagit_sedt
A0027877_00364.xml,37,talan_afseende_målet_fråga_mål
A0027877_00190.xml,22,tid_års_tiden_utom_anseende
A0027877_00384.xml,22,tid_års_tiden_utom_anseende
A0027877_00091.xml,22,tid_års_tiden_utom_anseende
A0027877_00200.xml,22,tid_års_tiden_utom_anseende
A0027877_00258.xml,17,bergs_ting_påstående_bruks_käranden
A0027877_00140.xml,37,talan_afseende_målet_fråga_mål
A0027877_00503.xml,17,bergs_ting_påstående_bruks_käranden
A0027877_00369.xml,17,bergs_ting_påstående_bruks_käranden
A0027877_00483.xml,1,wittnen_wittnet_berättelse_tagit_sedt
A0027877_00636.xml,22,tid_års_tiden_utom_anseende
A0027877_00283.xml,17,bergs_ting_påstående_bruks_käranden
A0027877_00309.xml,22,tid_års_tiden_utom_anseende
A0027877_00664.xml,17,bergs_ting_påstående_bruks_käranden
A0027877_00406.xml,17,bergs_ting_påstående_bruks_käranden
A0027877_00650.xml,17,bergs_ting_påstående_bruks_käranden
A0027877_00588.xml,1,wittnen_wittnet_berättelse_tagit_sedt
A0027877_00802.xml,17,bergs_ting_påstående_bruks_käranden
A0027877_00698.xml,22,tid_års_tiden_utom_anseende
A0027877_00644.xml,17,bergs_ting_påstående_bruks_käranden
A0027877_00607.xml,12,häradshöfdingen_hofrätten_riddaren_mål_närwarande
A0027877_00096.xml,49,gården_malm_gård_mårten_gårdh
A0027877_00366.xml,1,wittnen_wittnet_berättelse_tagit_sedt
A0027877_00537.xml,17,bergs_ting_påstående_bruks_käranden
A0027877_00641.xml,22,tid_års_tiden_utom_anseende
A0027877_00098.xml,17,bergs_ting_påstående_bruks_käranden
A0027877_00629.xml,22,tid_års_tiden_utom_anseende
A0027877_00040.xml,22,tid_års_tiden_utom_anseende
A0027877_00169.xml,17,bergs_ting_påstående_bruks_käranden
A0027877_00239.xml,17,bergs_ting_påstående_bruks_käranden
A0027877_00357.xml,17,bergs_ting_påstående_bruks_käranden
A0027877_00793.xml,22,tid_års_tiden_utom_anseende
A0027877_00074.xml,17,bergs_ting_påstående_bruks_käranden
A0027877_00316.xml,22,tid_års_tiden_utom_anseende
A0027877_00581.xml,22,tid_års_tiden_utom_anseende
A0027877_00421.xml,26,bevis_vore_enkan_född_vite
A0027877_00319.xml,22,tid_års_tiden_utom_anseende
A0027877_00136.xml,37,talan_afseende_målet_fråga_mål
A0027877_00256.xml,17,bergs_ting_påstående_bruks_käranden
A0027877_00831.xml,22,tid_års_tiden_utom_anseende
A0027877_00264.xml,22,tid_års_tiden_utom_anseende
A0027877_00714.xml,22,tid_års_tiden_utom_anseende
A0027877_00822.xml,26,bevis_vore_enkan_född_vite
A0027877_00702.xml,37,talan_afseende_målet_fråga_mål
A0027877_00523.xml,1,wittnen_wittnet_berättelse_tagit_sedt
A0027877_00518.xml,22,tid_års_tiden_utom_anseende
A0027877_00687.xml,17,bergs_ting_påstående_bruks_käranden
A0027877_00828.xml,17,bergs_ting_påstående_bruks_käranden
A0027877_00206.xml,17,bergs_ting_påstående_bruks_käranden
A0027877_00832.xml,22,tid_års_tiden_utom_anseende
A0027877_00807.xml,22,tid_års_tiden_utom_anseende
A0027877_00278.xml,17,bergs_ting_påstående_bruks_käranden
A0027877_00082.xml,17,bergs_ting_påstående_bruks_käranden
A0027877_00573.xml,22,tid_års_tiden_utom_anseende
A0027877_00373.xml,22,tid_års_tiden_utom_anseende
A0027877_00478.xml,22,tid_års_tiden_utom_anseende
A0027877_00288.xml,17,bergs_ting_påstående_bruks_käranden
A0027877_00846.xml,14,skog_skogen_mark_grefve_östra
A0027877_00526.xml,22,tid_års_tiden_utom_anseende
A0027877_00248.xml,22,tid_års_tiden_utom_anseende
A0027877_00047.xml,17,bergs_ting_påstående_bruks_käranden
A0027877_00378.xml,26,bevis_vore_enkan_född_vite
A0027877_00072.xml,22,tid_års_tiden_utom_anseende
A0027877_00042.xml,22,tid_års_tiden_utom_anseende
A0027877_00318.xml,22,tid_års_tiden_utom_anseende
A0027877_00835.xml,37,talan_afseende_målet_fråga_mål
A0027877_00454.xml,17,bergs_ting_påstående_bruks_käranden
A0027877_00358.xml,17,bergs_ting_påstående_bruks_käranden
A0027877_00639.xml,17,bergs_ting_påstående_bruks_käranden
A0027877_00231.xml,17,bergs_ting_påstående_bruks_käranden
A0027877_00313.xml,17,bergs_ting_påstående_bruks_käranden
A0027877_00108.xml,22,tid_års_tiden_utom_anseende
A0027877_00212.xml,22,tid_års_tiden_utom_anseende
A0027877_00155.xml,17,bergs_ting_påstående_bruks_käranden
A0027877_00763.xml,22,tid_års_tiden_utom_anseende
A0027877_00215.xml,17,bergs_ting_påstående_bruks_käranden
A0027877_00686.xml,1,wittnen_wittnet_berättelse_tagit_sedt
A0027877_00051.xml,17,bergs_ting_påstående_bruks_käranden
A0027877_00737.xml,22,tid_års_tiden_utom_anseende
A0027877_00783.xml,22,tid_års_tiden_utom_anseende
A0027877_00540.xml,1,wittnen_wittnet_berättelse_tagit_sedt
A0027877_00277.xml,17,bergs_ting_påstående_bruks_käranden
A0027877_00203.xml,26,bevis_vore_enkan_född_vite
A0027877_00153.xml,17,bergs_ting_påstående_bruks_käranden
A0027877_00590.xml,26,bevis_vore_enkan_född_vite
A0027877_00341.xml,17,bergs_ting_påstående_bruks_käranden
A0027877_00311.xml,22,tid_års_tiden_utom_anseende
A0027877_00464.xml,17,bergs_ting_påstående_bruks_käranden
A0027877_00390.xml,14,skog_skogen_mark_grefve_östra
A0027877_00568.xml,22,tid_års_tiden_utom_anseende
A0027877_00569.xml,22,tid_års_tiden_utom_anseende
A0027877_00280.xml,22,tid_års_tiden_utom_anseende
A0027877_00546.xml,22,tid_års_tiden_utom_anseende
A0027877_00603.xml,17,bergs_ting_påstående_bruks_käranden
A0027877_00427.xml,22,tid_års_tiden_utom_anseende
A0027877_00829.xml,37,talan_afseende_målet_fråga_mål
A0027877_00596.xml,22,tid_års_tiden_utom_anseende
A0027877_00191.xml,17,bergs_ting_påstående_bruks_käranden
A0027877_00706.xml,17,bergs_ting_påstående_bruks_käranden
A0027877_00081.xml,22,tid_års_tiden_utom_anseende
A0027877_00565.xml,17,bergs_ting_påstående_bruks_käranden
A0027877_00709.xml,17,bergs_ting_påstående_bruks_käranden
A0027877_00620.xml,22,tid_års_tiden_utom_anseende
A0027877_00475.xml,22,tid_års_tiden_utom_anseende
A0027877_00198.xml,17,bergs_ting_påstående_bruks_käranden
A0027877_00465.xml,17,bergs_ting_påstående_bruks_käranden
A0027877_00028.xml,22,tid_års_tiden_utom_anseende
A0027877_00462.xml,22,tid_års_tiden_utom_anseende
A0027877_00129.xml,22,tid_års_tiden_utom_anseende
A0027877_00520.xml,1,wittnen_wittnet_berättelse_tagit_sedt
A0027877_00068.xml,17,bergs_ting_påstående_bruks_käranden
A0027877_00582.xml,17,bergs_ting_påstående_bruks_käranden
A0027877_00225.xml,17,bergs_ting_påstående_bruks_käranden
A0027877_00111.xml,17,bergs_ting_påstående_bruks_käranden
A0027877_00060.xml,22,tid_års_tiden_utom_anseende
A0027877_00711.xml,14,skog_skogen_mark_grefve_östra
A0027877_00584.xml,17,bergs_ting_påstående_bruks_käranden
A0027877_00119.xml,17,bergs_ting_påstående_bruks_käranden
A0027877_00815.xml,22,tid_års_tiden_utom_anseende
C0100677_00169.xml,46,transport_bord_gamla_diverse_lod
C0100677_00112.xml,22,tid_års_tiden_utom_anseende
C0100677_00386.xml,46,transport_bord_gamla_diverse_lod
C0100677_00246.xml,46,transport_bord_gamla_diverse_lod
C0100677_00281.xml,46,transport_bord_gamla_diverse_lod
C0100677_00097.xml,46,transport_bord_gamla_diverse_lod
C0100677_00189.xml,22,tid_års_tiden_utom_anseende
C0100677_00409.xml,46,transport_bord_gamla_diverse_lod
C0100677_00335.xml,33,hofrätten_saken_parterne_afträdde_ansökning
C0100677_00052.xml,46,transport_bord_gamla_diverse_lod
C0100677_00047.xml,46,transport_bord_gamla_diverse_lod
C0100677_00503.xml,46,transport_bord_gamla_diverse_lod
C0100677_00095.xml,46,transport_bord_gamla_diverse_lod
C0100677_00104.xml,46,transport_bord_gamla_diverse_lod
C0100677_00401.xml,46,transport_bord_gamla_diverse_lod
C0100677_00059.xml,46,transport_bord_gamla_diverse_lod
C0100677_00415.xml,46,transport_bord_gamla_diverse_lod
C0100677_00133.xml,1,wittnen_wittnet_berättelse_tagit_sedt
C0100677_00103.xml,46,transport_bord_gamla_diverse_lod
C0100677_00331.xml,22,tid_års_tiden_utom_anseende
C0100677_00399.xml,46,transport_bord_gamla_diverse_lod
C0100677_00230.xml,12,häradshöfdingen_hofrätten_riddaren_mål_närwarande
C0100677_00080.xml,35,ränta_fordran_räkning_betalning_skuld
C0100677_00327.xml,46,transport_bord_gamla_diverse_lod
C0100677_00478.xml,46,transport_bord_gamla_diverse_lod
C0100677_00068.xml,46,transport_bord_gamla_diverse_lod
C0100677_00038.xml,46,transport_bord_gamla_diverse_lod
C0100677_00405.xml,46,transport_bord_gamla_diverse_lod
C0100677_00046.xml,46,transport_bord_gamla_diverse_lod
C0100677_00358.xml,46,transport_bord_gamla_diverse_lod
C0100677_00074.xml,46,transport_bord_gamla_diverse_lod
C0100677_00012.xml,46,transport_bord_gamla_diverse_lod
C0100677_00364.xml,46,transport_bord_gamla_diverse_lod
C0100677_00339.xml,46,transport_bord_gamla_diverse_lod
C0100677_00496.xml,46,transport_bord_gamla_diverse_lod
C0100677_00500.xml,46,transport_bord_gamla_diverse_lod
C0100677_00183.xml,28,summa_betalt_interesse_specie_penningar
C0100677_00287.xml,46,transport_bord_gamla_diverse_lod
C0100677_00124.xml,46,transport_bord_gamla_diverse_lod
C0100677_00251.xml,46,transport_bord_gamla_diverse_lod
C0100677_00388.xml,46,transport_bord_gamla_diverse_lod
C0100677_00221.xml,46,transport_bord_gamla_diverse_lod
C0100677_00073.xml,46,transport_bord_gamla_diverse_lod
C0100677_00413.xml,46,transport_bord_gamla_diverse_lod
C0100677_00436.xml,46,transport_bord_gamla_diverse_lod
C0100677_00019.xml,44,fru_förmyndare_testamente_barn_arf
C0100677_00014.xml,33,hofrätten_saken_parterne_afträdde_ansökning
C0100677_00148.xml,46,transport_bord_gamla_diverse_lod
C0100677_00129.xml,46,transport_bord_gamla_diverse_lod
C0100677_00191.xml,46,transport_bord_gamla_diverse_lod
C0100677_00297.xml,7,hemman_hemmanet_ägor_jord_skatte
C0100677_00105.xml,46,transport_bord_gamla_diverse_lod
C0100677_00198.xml,46,transport_bord_gamla_diverse_lod
C0100677_00086.xml,44,fru_förmyndare_testamente_barn_arf
C0100677_00411.xml,46,transport_bord_gamla_diverse_lod
C0100677_00484.xml,46,transport_bord_gamla_diverse_lod
C0100677_00392.xml,46,transport_bord_gamla_diverse_lod
C0100677_00475.xml,46,transport_bord_gamla_diverse_lod
C0100677_00031.xml,46,transport_bord_gamla_diverse_lod
C0100677_00443.xml,28,summa_betalt_interesse_specie_penningar
C0100677_00338.xml,46,transport_bord_gamla_diverse_lod
C0100677_00209.xml,23,stycken_land_gammal_silfver_silfwer
C0100677_00138.xml,25,hofrätten_rådstufwu_pröfwar_följe_anseende
C0100677_00328.xml,37,talan_afseende_målet_fråga_mål
C0100677_00312.xml,46,transport_bord_gamla_diverse_lod
C0100677_00355.xml,46,transport_bord_gamla_diverse_lod
C0100677_00194.xml,46,transport_bord_gamla_diverse_lod
C0100677_00498.xml,46,transport_bord_gamla_diverse_lod
C0100677_00417.xml,46,transport_bord_gamla_diverse_lod
C0100677_00493.xml,46,transport_bord_gamla_diverse_lod
C0100677_00114.xml,28,summa_betalt_interesse_specie_penningar
C0100677_00480.xml,46,transport_bord_gamla_diverse_lod
C0100677_00279.xml,46,transport_bord_gamla_diverse_lod
C0100677_00116.xml,7,hemman_hemmanet_ägor_jord_skatte
C0100677_00158.xml,25,hofrätten_rådstufwu_pröfwar_följe_anseende
C0100677_00505.xml,46,transport_bord_gamla_diverse_lod
C0100677_00011.xml,46,transport_bord_gamla_diverse_lod
C0100677_00329.xml,44,fru_förmyndare_testamente_barn_arf
C0100677_00479.xml,46,transport_bord_gamla_diverse_lod
C0100677_00164.xml,46,transport_bord_gamla_diverse_lod
C0100677_00266.xml,46,transport_bord_gamla_diverse_lod
C0100677_00132.xml,22,tid_års_tiden_utom_anseende
C0100677_00197.xml,46,transport_bord_gamla_diverse_lod
C0100677_00231.xml,46,transport_bord_gamla_diverse_lod
C0100677_00283.xml,46,transport_bord_gamla_diverse_lod
C0100677_00366.xml,46,transport_bord_gamla_diverse_lod
C0100677_00452.xml,44,fru_förmyndare_testamente_barn_arf
C0100677_00007.xml,30,lieutenanten_capitainen_borgmästaren_enka_borgenärer
C0100677_00518.xml,46,transport_bord_gamla_diverse_lod
C0100677_00319.xml,46,transport_bord_gamla_diverse_lod
C0100677_00244.xml,46,transport_bord_gamla_diverse_lod
C0100677_00195.xml,46,transport_bord_gamla_diverse_lod
C0100677_00446.xml,22,tid_års_tiden_utom_anseende
C0100677_00441.xml,28,summa_betalt_interesse_specie_penningar
C0100677_00026.xml,46,transport_bord_gamla_diverse_lod
C0100677_00374.xml,46,transport_bord_gamla_diverse_lod
C0100677_00070.xml,46,transport_bord_gamla_diverse_lod
C0100677_00037.xml,46,transport_bord_gamla_diverse_lod
C0100677_00048.xml,46,transport_bord_gamla_diverse_lod
C0100677_00303.xml,46,transport_bord_gamla_diverse_lod
C0100677_00044.xml,46,transport_bord_gamla_diverse_lod
C0100677_00066.xml,46,transport_bord_gamla_diverse_lod
C0100677_00342.xml,46,transport_bord_gamla_diverse_lod
C0100677_00456.xml,46,transport_bord_gamla_diverse_lod
C0100677_00404.xml,46,transport_bord_gamla_diverse_lod
C0100677_00416.xml,46,transport_bord_gamla_diverse_lod
C0100677_00170.xml,46,transport_bord_gamla_diverse_lod
C0100677_00241.xml,7,hemman_hemmanet_ägor_jord_skatte
C0100677_00519.xml,46,transport_bord_gamla_diverse_lod
C0100677_00389.xml,46,transport_bord_gamla_diverse_lod
C0100677_00055.xml,46,transport_bord_gamla_diverse_lod
C0100677_00511.xml,9,öre_may_nembl_hustro_breff
C0100677_00377.xml,46,transport_bord_gamla_diverse_lod
C0100677_00400.xml,46,transport_bord_gamla_diverse_lod
C0100677_00449.xml,8,sidan_ena_handlingarne_sak_saken
C0100677_00142.xml,46,transport_bord_gamla_diverse_lod
C0100677_00234.xml,46,transport_bord_gamla_diverse_lod
C0100677_00125.xml,46,transport_bord_gamla_diverse_lod
C0100677_00253.xml,46,transport_bord_gamla_diverse_lod
C0100677_00296.xml,22,tid_års_tiden_utom_anseende
C0100677_00254.xml,46,transport_bord_gamla_diverse_lod
C0100677_00273.xml,7,hemman_hemmanet_ägor_jord_skatte
C0100677_00204.xml,7,hemman_hemmanet_ägor_jord_skatte
C0100677_00139.xml,12,häradshöfdingen_hofrätten_riddaren_mål_närwarande
C0100677_00381.xml,46,transport_bord_gamla_diverse_lod
C0100677_00090.xml,44,fru_förmyndare_testamente_barn_arf
C0100677_00280.xml,46,transport_bord_gamla_diverse_lod
C0100677_00155.xml,35,ränta_fordran_räkning_betalning_skuld
C0100677_00307.xml,22,tid_års_tiden_utom_anseende
C0100677_00028.xml,46,transport_bord_gamla_diverse_lod
C0100677_00233.xml,46,transport_bord_gamla_diverse_lod
C0100677_00437.xml,35,ränta_fordran_räkning_betalning_skuld
C0100677_00435.xml,46,transport_bord_gamla_diverse_lod
C0100677_00239.xml,28,summa_betalt_interesse_specie_penningar
C0100677_00380.xml,46,transport_bord_gamla_diverse_lod
C0100677_00076.xml,46,transport_bord_gamla_diverse_lod
C0100677_00008.xml,44,fru_förmyndare_testamente_barn_arf
C0100677_00445.xml,44,fru_förmyndare_testamente_barn_arf
C0100677_00034.xml,46,transport_bord_gamla_diverse_lod
C0100677_00378.xml,46,transport_bord_gamla_diverse_lod
C0100677_00371.xml,46,transport_bord_gamla_diverse_lod
C0100677_00315.xml,7,hemman_hemmanet_ägor_jord_skatte
C0100677_00471.xml,46,transport_bord_gamla_diverse_lod
C0100677_00077.xml,47,jern_koppar_tunnor_kohl_tunna
C0100677_00434.xml,46,transport_bord_gamla_diverse_lod
C0100677_00423.xml,46,transport_bord_gamla_diverse_lod
C0100677_00334.xml,44,fru_förmyndare_testamente_barn_arf
C0100677_00476.xml,46,transport_bord_gamla_diverse_lod
C0100677_00345.xml,46,transport_bord_gamla_diverse_lod
C0100677_00035.xml,46,transport_bord_gamla_diverse_lod
C0100677_00499.xml,46,transport_bord_gamla_diverse_lod
C0100677_00482.xml,46,transport_bord_gamla_diverse_lod
C0100677_00421.xml,46,transport_bord_gamla_diverse_lod
C0100677_00466.xml,46,transport_bord_gamla_diverse_lod
C0100677_00075.xml,46,transport_bord_gamla_diverse_lod
C0100677_00502.xml,46,transport_bord_gamla_diverse_lod
C0100677_00322.xml,46,transport_bord_gamla_diverse_lod
C0100677_00424.xml,46,transport_bord_gamla_diverse_lod
C0100677_00501.xml,46,transport_bord_gamla_diverse_lod
C0100677_00520.xml,46,transport_bord_gamla_diverse_lod
C0100677_00352.xml,46,transport_bord_gamla_diverse_lod
C0100677_00193.xml,46,transport_bord_gamla_diverse_lod
C0100677_00087.xml,31,härads_rättens_målet_utslaget_dömd
C0100677_00465.xml,46,transport_bord_gamla_diverse_lod
C0100677_00190.xml,46,transport_bord_gamla_diverse_lod
C0100677_00274.xml,7,hemman_hemmanet_ägor_jord_skatte
C0100677_00356.xml,46,transport_bord_gamla_diverse_lod
C0100677_00025.xml,46,transport_bord_gamla_diverse_lod
C0100677_00349.xml,23,stycken_land_gammal_silfver_silfwer
C0100677_00020.xml,23,stycken_land_gammal_silfver_silfwer
C0100677_00060.xml,41,män_emoot_huus_haar_tienare
C0100677_00333.xml,44,fru_förmyndare_testamente_barn_arf
C0100677_00072.xml,46,transport_bord_gamla_diverse_lod
C0100677_00304.xml,46,transport_bord_gamla_diverse_lod
C0100677_00516.xml,46,transport_bord_gamla_diverse_lod
C0100677_00463.xml,46,transport_bord_gamla_diverse_lod
C0100677_00391.xml,46,transport_bord_gamla_diverse_lod
C0100677_00379.xml,46,transport_bord_gamla_diverse_lod
C0100677_00359.xml,46,transport_bord_gamla_diverse_lod
C0100677_00145.xml,44,fru_förmyndare_testamente_barn_arf
C0100677_00260.xml,44,fru_förmyndare_testamente_barn_arf
C0100677_00368.xml,46,transport_bord_gamla_diverse_lod
C0100677_00223.xml,46,transport_bord_gamla_diverse_lod
C0100677_00033.xml,46,transport_bord_gamla_diverse_lod
C0100677_00515.xml,46,transport_bord_gamla_diverse_lod
C0100677_00022.xml,23,stycken_land_gammal_silfver_silfwer
C0100677_00270.xml,28,summa_betalt_interesse_specie_penningar
C0100677_00053.xml,46,transport_bord_gamla_diverse_lod
C0100677_00512.xml,9,öre_may_nembl_hustro_breff
C0100677_00245.xml,46,transport_bord_gamla_diverse_lod
C0100677_00242.xml,44,fru_förmyndare_testamente_barn_arf
C0100677_00360.xml,46,transport_bord_gamla_diverse_lod
C0100677_00289.xml,46,transport_bord_gamla_diverse_lod
C0100677_00180.xml,46,transport_bord_gamla_diverse_lod
C0100677_00275.xml,22,tid_års_tiden_utom_anseende
C0100677_00017.xml,33,hofrätten_saken_parterne_afträdde_ansökning
C0100677_00318.xml,46,transport_bord_gamla_diverse_lod
C0100677_00136.xml,26,bevis_vore_enkan_född_vite
C0100677_00030.xml,46,transport_bord_gamla_diverse_lod
C0100677_00057.xml,46,transport_bord_gamla_diverse_lod
C0100677_00461.xml,46,transport_bord_gamla_diverse_lod
C0100677_00135.xml,35,ränta_fordran_räkning_betalning_skuld
C0100677_00058.xml,44,fru_förmyndare_testamente_barn_arf
C0100677_00313.xml,35,ränta_fordran_räkning_betalning_skuld
C0100677_00363.xml,46,transport_bord_gamla_diverse_lod
C0100677_00118.xml,46,transport_bord_gamla_diverse_lod
C0100677_00522.xml,46,transport_bord_gamla_diverse_lod
C0100677_00429.xml,46,transport_bord_gamla_diverse_lod
C0100677_00347.xml,46,transport_bord_gamla_diverse_lod
C0100677_00265.xml,46,transport_bord_gamla_diverse_lod
C0100677_00294.xml,46,transport_bord_gamla_diverse_lod
C0100677_00271.xml,44,fru_förmyndare_testamente_barn_arf
C0100677_00497.xml,46,transport_bord_gamla_diverse_lod
C0100677_00082.xml,7,hemman_hemmanet_ägor_jord_skatte
C0100677_00106.xml,46,transport_bord_gamla_diverse_lod
C0100677_00205.xml,46,transport_bord_gamla_diverse_lod
C0100677_00235.xml,46,transport_bord_gamla_diverse_lod
C0100677_00457.xml,46,transport_bord_gamla_diverse_lod
C0100677_00451.xml,35,ränta_fordran_räkning_betalning_skuld
C0100677_00508.xml,46,transport_bord_gamla_diverse_lod
C0100677_00091.xml,12,häradshöfdingen_hofrätten_riddaren_mål_närwarande
C0100677_00337.xml,7,hemman_hemmanet_ägor_jord_skatte
C0100677_00308.xml,22,tid_års_tiden_utom_anseende
C0100677_00173.xml,46,transport_bord_gamla_diverse_lod
C0100677_00062.xml,46,transport_bord_gamla_diverse_lod
C0100677_00064.xml,46,transport_bord_gamla_diverse_lod
C0100677_00050.xml,46,transport_bord_gamla_diverse_lod
C0100677_00147.xml,46,transport_bord_gamla_diverse_lod
C0100677_00098.xml,46,transport_bord_gamla_diverse_lod
C0100677_00428.xml,46,transport_bord_gamla_diverse_lod
C0100677_00250.xml,46,transport_bord_gamla_diverse_lod
C0100677_00314.xml,7,hemman_hemmanet_ägor_jord_skatte
C0100677_00462.xml,46,transport_bord_gamla_diverse_lod
C0100677_00061.xml,46,transport_bord_gamla_diverse_lod
C0100677_00340.xml,46,transport_bord_gamla_diverse_lod
C0100677_00199.xml,35,ränta_fordran_räkning_betalning_skuld
C0100677_00492.xml,46,transport_bord_gamla_diverse_lod
C0100677_00149.xml,46,transport_bord_gamla_diverse_lod
C0100677_00293.xml,46,transport_bord_gamla_diverse_lod
C0100677_00186.xml,44,fru_förmyndare_testamente_barn_arf
C0100677_00367.xml,46,transport_bord_gamla_diverse_lod
C0100677_00464.xml,46,transport_bord_gamla_diverse_lod
C0100677_00469.xml,46,transport_bord_gamla_diverse_lod
C0100677_00196.xml,46,transport_bord_gamla_diverse_lod
C0100677_00051.xml,46,transport_bord_gamla_diverse_lod
C0100677_00040.xml,46,transport_bord_gamla_diverse_lod
C0100677_00178.xml,46,transport_bord_gamla_diverse_lod
C0100677_00325.xml,46,transport_bord_gamla_diverse_lod
C0100677_00258.xml,25,hofrätten_rådstufwu_pröfwar_följe_anseende
C0100677_00043.xml,46,transport_bord_gamla_diverse_lod
C0100677_00427.xml,46,transport_bord_gamla_diverse_lod
C0100677_00096.xml,46,transport_bord_gamla_diverse_lod
C0100677_00521.xml,29,swarade_domb_inspectoren_dehl_straxt
C0100677_00372.xml,46,transport_bord_gamla_diverse_lod
C0100677_00450.xml,28,summa_betalt_interesse_specie_penningar
C0100677_00402.xml,46,transport_bord_gamla_diverse_lod
C0100677_00460.xml,46,transport_bord_gamla_diverse_lod
C0100677_00468.xml,46,transport_bord_gamla_diverse_lod
C0100677_00237.xml,46,transport_bord_gamla_diverse_lod
C0100677_00151.xml,46,transport_bord_gamla_diverse_lod
C0100677_00473.xml,46,transport_bord_gamla_diverse_lod
C0100677_00343.xml,46,transport_bord_gamla_diverse_lod
C0100677_00029.xml,46,transport_bord_gamla_diverse_lod
C0100677_00344.xml,46,transport_bord_gamla_diverse_lod
C0100677_00140.xml,44,fru_förmyndare_testamente_barn_arf
C0100677_00477.xml,46,transport_bord_gamla_diverse_lod
C0100677_00459.xml,46,transport_bord_gamla_diverse_lod
C0100677_00383.xml,46,transport_bord_gamla_diverse_lod
C0100677_00507.xml,46,transport_bord_gamla_diverse_lod
C0100677_00049.xml,46,transport_bord_gamla_diverse_lod
C0100677_00054.xml,46,transport_bord_gamla_diverse_lod
C0100677_00126.xml,46,transport_bord_gamla_diverse_lod
C0100677_00291.xml,46,transport_bord_gamla_diverse_lod
C0100677_00488.xml,46,transport_bord_gamla_diverse_lod
C0100677_00370.xml,46,transport_bord_gamla_diverse_lod
C0100677_00301.xml,46,transport_bord_gamla_diverse_lod
C0100677_00447.xml,7,hemman_hemmanet_ägor_jord_skatte
C0100677_00184.xml,7,hemman_hemmanet_ägor_jord_skatte
C0100677_00433.xml,46,transport_bord_gamla_diverse_lod
C0100677_00285.xml,46,transport_bord_gamla_diverse_lod
C0100677_00311.xml,44,fru_förmyndare_testamente_barn_arf
C0100677_00214.xml,44,fru_förmyndare_testamente_barn_arf
C0100677_00509.xml,46,transport_bord_gamla_diverse_lod
C0100677_00453.xml,44,fru_förmyndare_testamente_barn_arf
C0100677_00240.xml,44,fru_förmyndare_testamente_barn_arf
C0100677_00122.xml,46,transport_bord_gamla_diverse_lod
C0100677_00330.xml,7,hemman_hemmanet_ägor_jord_skatte
C0100677_00510.xml,46,transport_bord_gamla_diverse_lod
C0100677_00495.xml,46,transport_bord_gamla_diverse_lod
C0100677_00387.xml,46,transport_bord_gamla_diverse_lod
C0100677_00168.xml,22,tid_års_tiden_utom_anseende
C0100677_00255.xml,1,wittnen_wittnet_berättelse_tagit_sedt
C0100677_00341.xml,28,summa_betalt_interesse_specie_penningar
C0100677_00211.xml,44,fru_förmyndare_testamente_barn_arf
C0100677_00063.xml,46,transport_bord_gamla_diverse_lod
C0100677_00200.xml,44,fru_förmyndare_testamente_barn_arf
C0100677_00268.xml,35,ränta_fordran_räkning_betalning_skuld
C0100677_00487.xml,46,transport_bord_gamla_diverse_lod
C0100677_00056.xml,46,transport_bord_gamla_diverse_lod
C0100677_00146.xml,46,transport_bord_gamla_diverse_lod
C0100677_00107.xml,46,transport_bord_gamla_diverse_lod
C0100677_00412.xml,46,transport_bord_gamla_diverse_lod
C0100677_00425.xml,46,transport_bord_gamla_diverse_lod
C0100677_00292.xml,46,transport_bord_gamla_diverse_lod
C0100677_00455.xml,46,transport_bord_gamla_diverse_lod
C0100677_00321.xml,46,transport_bord_gamla_diverse_lod
C0100677_00071.xml,46,transport_bord_gamla_diverse_lod
C0100677_00494.xml,46,transport_bord_gamla_diverse_lod
C0100677_00395.xml,46,transport_bord_gamla_diverse_lod
C0100677_00299.xml,22,tid_års_tiden_utom_anseende
C0100677_00256.xml,28,summa_betalt_interesse_specie_penningar
C0100677_00514.xml,46,transport_bord_gamla_diverse_lod
C0100677_00286.xml,46,transport_bord_gamla_diverse_lod
C0100677_00272.xml,7,hemman_hemmanet_ägor_jord_skatte
C0100677_00081.xml,7,hemman_hemmanet_ägor_jord_skatte
C0100677_00069.xml,46,transport_bord_gamla_diverse_lod
C0100677_00222.xml,46,transport_bord_gamla_diverse_lod
C0100677_00350.xml,46,transport_bord_gamla_diverse_lod
C0100677_00336.xml,7,hemman_hemmanet_ägor_jord_skatte
C0100677_00176.xml,46,transport_bord_gamla_diverse_lod
C0100677_00407.xml,46,transport_bord_gamla_diverse_lod
C0100677_00156.xml,44,fru_förmyndare_testamente_barn_arf
C0100677_00065.xml,46,transport_bord_gamla_diverse_lod
C0100677_00115.xml,44,fru_förmyndare_testamente_barn_arf
C0100677_00202.xml,35,ränta_fordran_räkning_betalning_skuld
C0100677_00278.xml,46,transport_bord_gamla_diverse_lod
C0100677_00351.xml,46,transport_bord_gamla_diverse_lod
C0100677_00127.xml,46,transport_bord_gamla_diverse_lod
C0100677_00219.xml,45,huset_lagmannen_jöran_boende_doom
C0100677_00414.xml,46,transport_bord_gamla_diverse_lod
C0100677_00418.xml,46,transport_bord_gamla_diverse_lod
C0100677_00247.xml,46,transport_bord_gamla_diverse_lod
C0100677_00154.xml,46,transport_bord_gamla_diverse_lod
C0100677_00134.xml,35,ränta_fordran_räkning_betalning_skuld
C0100677_00215.xml,44,fru_förmyndare_testamente_barn_arf
C0100677_00175.xml,46,transport_bord_gamla_diverse_lod
C0100677_00187.xml,44,fru_förmyndare_testamente_barn_arf
C0100677_00489.xml,46,transport_bord_gamla_diverse_lod
C0100677_00248.xml,46,transport_bord_gamla_diverse_lod
C0100677_00282.xml,46,transport_bord_gamla_diverse_lod
C0100677_00084.xml,28,summa_betalt_interesse_specie_penningar
C0100677_00430.xml,46,transport_bord_gamla_diverse_lod
C0100677_00067.xml,46,transport_bord_gamla_diverse_lod
C0100677_00039.xml,46,transport_bord_gamla_diverse_lod
C0100677_00101.xml,46,transport_bord_gamla_diverse_lod
C0100677_00130.xml,22,tid_års_tiden_utom_anseende
C0100677_00269.xml,28,summa_betalt_interesse_specie_penningar
C0100677_00238.xml,46,transport_bord_gamla_diverse_lod
C0100677_00188.xml,7,hemman_hemmanet_ägor_jord_skatte
C0100677_00361.xml,46,transport_bord_gamla_diverse_lod
C0100677_00083.xml,28,summa_betalt_interesse_specie_penningar
C0100677_00167.xml,35,ränta_fordran_räkning_betalning_skuld
C0100677_00481.xml,46,transport_bord_gamla_diverse_lod
C0100677_00472.xml,46,transport_bord_gamla_diverse_lod
C0100677_00207.xml,46,transport_bord_gamla_diverse_lod
C0100677_00470.xml,46,transport_bord_gamla_diverse_lod
C0100677_00373.xml,46,transport_bord_gamla_diverse_lod
C0100677_00161.xml,33,hofrätten_saken_parterne_afträdde_ansökning
C0100677_00257.xml,35,ränta_fordran_räkning_betalning_skuld
C0100677_00099.xml,46,transport_bord_gamla_diverse_lod
C0100677_00210.xml,46,transport_bord_gamla_diverse_lod
C0100677_00092.xml,22,tid_års_tiden_utom_anseende
C0100677_00317.xml,46,transport_bord_gamla_diverse_lod
C0100677_00305.xml,22,tid_års_tiden_utom_anseende
C0100677_00276.xml,22,tid_års_tiden_utom_anseende
C0100677_00165.xml,46,transport_bord_gamla_diverse_lod
C0100677_00249.xml,46,transport_bord_gamla_diverse_lod
C0100677_00458.xml,46,transport_bord_gamla_diverse_lod
C0100677_00354.xml,46,transport_bord_gamla_diverse_lod
C0100677_00422.xml,46,transport_bord_gamla_diverse_lod
C0100677_00160.xml,35,ränta_fordran_räkning_betalning_skuld
C0100677_00089.xml,26,bevis_vore_enkan_född_vite
C0100677_00212.xml,35,ränta_fordran_räkning_betalning_skuld
C0100677_00448.xml,46,transport_bord_gamla_diverse_lod
C0100677_00208.xml,46,transport_bord_gamla_diverse_lod
C0100677_00172.xml,46,transport_bord_gamla_diverse_lod
C0100677_00431.xml,46,transport_bord_gamla_diverse_lod
C0100677_00236.xml,46,transport_bord_gamla_diverse_lod
C0100677_00120.xml,44,fru_förmyndare_testamente_barn_arf
C0100677_00137.xml,44,fru_förmyndare_testamente_barn_arf
C0100677_00079.xml,35,ränta_fordran_räkning_betalning_skuld
C0100677_00179.xml,46,transport_bord_gamla_diverse_lod
C0100677_00109.xml,35,ränta_fordran_räkning_betalning_skuld
C0100677_00100.xml,46,transport_bord_gamla_diverse_lod
C0100677_00504.xml,46,transport_bord_gamla_diverse_lod
C0100677_00144.xml,44,fru_förmyndare_testamente_barn_arf
C0100677_00396.xml,46,transport_bord_gamla_diverse_lod
C0100677_00143.xml,28,summa_betalt_interesse_specie_penningar
C0100677_00346.xml,46,transport_bord_gamla_diverse_lod
C0100677_00110.xml,35,ränta_fordran_räkning_betalning_skuld
C0100677_00021.xml,46,transport_bord_gamla_diverse_lod
C0100677_00181.xml,46,transport_bord_gamla_diverse_lod
C0100677_00284.xml,46,transport_bord_gamla_diverse_lod
C0100677_00113.xml,4,majoren_general_sal_godz_öfwersten
C0100677_00218.xml,35,ränta_fordran_räkning_betalning_skuld
C0100677_00316.xml,46,transport_bord_gamla_diverse_lod
C0100677_00438.xml,28,summa_betalt_interesse_specie_penningar
C0100677_00216.xml,14,skog_skogen_mark_grefve_östra
C0100677_00261.xml,44,fru_förmyndare_testamente_barn_arf
C0100677_00393.xml,46,transport_bord_gamla_diverse_lod
C0100677_00406.xml,46,transport_bord_gamla_diverse_lod
C0100677_00277.xml,46,transport_bord_gamla_diverse_lod
C0100677_00306.xml,22,tid_års_tiden_utom_anseende
C0100677_00369.xml,46,transport_bord_gamla_diverse_lod
C0100677_00192.xml,46,transport_bord_gamla_diverse_lod
C0100677_00102.xml,46,transport_bord_gamla_diverse_lod
C0100677_00353.xml,46,transport_bord_gamla_diverse_lod
C0100677_00045.xml,46,transport_bord_gamla_diverse_lod
C0100677_00410.xml,46,transport_bord_gamla_diverse_lod
C0100677_00024.xml,46,transport_bord_gamla_diverse_lod
C0100677_00323.xml,46,transport_bord_gamla_diverse_lod
C0100677_00009.xml,44,fru_förmyndare_testamente_barn_arf
C0100677_00163.xml,46,transport_bord_gamla_diverse_lod
C0100677_00384.xml,46,transport_bord_gamla_diverse_lod
C0100677_00152.xml,46,transport_bord_gamla_diverse_lod
C0100677_00419.xml,46,transport_bord_gamla_diverse_lod
C0100677_00454.xml,46,transport_bord_gamla_diverse_lod
C0100677_00174.xml,46,transport_bord_gamla_diverse_lod
C0100677_00085.xml,35,ränta_fordran_räkning_betalning_skuld
C0100677_00220.xml,46,transport_bord_gamla_diverse_lod
C0100677_00348.xml,46,transport_bord_gamla_diverse_lod
C0100677_00023.xml,46,transport_bord_gamla_diverse_lod
C0100677_00490.xml,46,transport_bord_gamla_diverse_lod
C0100677_00243.xml,46,transport_bord_gamla_diverse_lod
C0100677_00362.xml,46,transport_bord_gamla_diverse_lod
C0100677_00474.xml,46,transport_bord_gamla_diverse_lod
C0100677_00203.xml,25,hofrätten_rådstufwu_pröfwar_följe_anseende
C0100677_00213.xml,35,ränta_fordran_räkning_betalning_skuld
C0100677_00027.xml,46,transport_bord_gamla_diverse_lod
C0100677_00032.xml,46,transport_bord_gamla_diverse_lod
C0100677_00224.xml,46,transport_bord_gamla_diverse_lod
C0100677_00217.xml,35,ränta_fordran_räkning_betalning_skuld
C0100677_00439.xml,28,summa_betalt_interesse_specie_penningar
C0100677_00171.xml,46,transport_bord_gamla_diverse_lod
C0100677_00440.xml,28,summa_betalt_interesse_specie_penningar
C0100677_00263.xml,46,transport_bord_gamla_diverse_lod
C0100677_00206.xml,46,transport_bord_gamla_diverse_lod
C0100677_00166.xml,46,transport_bord_gamla_diverse_lod
C0100677_00201.xml,35,ränta_fordran_räkning_betalning_skuld
C0100677_00444.xml,44,fru_förmyndare_testamente_barn_arf
C0100677_00394.xml,46,transport_bord_gamla_diverse_lod
C0100677_00408.xml,46,transport_bord_gamla_diverse_lod
C0100677_00094.xml,44,fru_förmyndare_testamente_barn_arf
C0100677_00177.xml,46,transport_bord_gamla_diverse_lod
C0100677_00376.xml,46,transport_bord_gamla_diverse_lod
C0100677_00295.xml,35,ränta_fordran_räkning_betalning_skuld
C0100677_00119.xml,46,transport_bord_gamla_diverse_lod
C0100677_00426.xml,46,transport_bord_gamla_diverse_lod
C0100677_00320.xml,46,transport_bord_gamla_diverse_lod
C0100677_00309.xml,22,tid_års_tiden_utom_anseende
C0100677_00128.xml,46,transport_bord_gamla_diverse_lod
C0100677_00150.xml,46,transport_bord_gamla_diverse_lod
C0100677_00491.xml,2,und_die_mit_abraham_capitain
C0100677_00517.xml,46,transport_bord_gamla_diverse_lod
C0100677_00382.xml,46,transport_bord_gamla_diverse_lod
C0100677_00182.xml,44,fru_förmyndare_testamente_barn_arf
C0100677_00513.xml,46,transport_bord_gamla_diverse_lod
C0100677_00267.xml,46,transport_bord_gamla_diverse_lod
C0100677_00298.xml,22,tid_års_tiden_utom_anseende
C0100677_00467.xml,46,transport_bord_gamla_diverse_lod
C0100677_00365.xml,46,transport_bord_gamla_diverse_lod
C0100677_00131.xml,46,transport_bord_gamla_diverse_lod
C0100677_00357.xml,46,transport_bord_gamla_diverse_lod
C0100677_00108.xml,46,transport_bord_gamla_diverse_lod
C0100677_00111.xml,35,ränta_fordran_räkning_betalning_skuld
C0100677_00432.xml,46,transport_bord_gamla_diverse_lod
C0100677_00232.xml,46,transport_bord_gamla_diverse_lod
C0100677_00117.xml,46,transport_bord_gamla_diverse_lod
C0100677_00162.xml,46,transport_bord_gamla_diverse_lod
C0100677_00036.xml,46,transport_bord_gamla_diverse_lod
C0100677_00302.xml,46,transport_bord_gamla_diverse_lod
C0100677_00483.xml,46,transport_bord_gamla_diverse_lod
C0100677_00390.xml,46,transport_bord_gamla_diverse_lod
C0100677_00506.xml,46,transport_bord_gamla_diverse_lod
C0100677_00010.xml,46,transport_bord_gamla_diverse_lod
C0100677_00018.xml,12,häradshöfdingen_hofrätten_riddaren_mål_närwarande
C0100677_00310.xml,44,fru_förmyndare_testamente_barn_arf
C0100677_00403.xml,46,transport_bord_gamla_diverse_lod
C0100677_00252.xml,46,transport_bord_gamla_diverse_lod
C0100677_00262.xml,46,transport_bord_gamla_diverse_lod
C0100677_00290.xml,46,transport_bord_gamla_diverse_lod
C0100677_00324.xml,46,transport_bord_gamla_diverse_lod
C0100677_00486.xml,46,transport_bord_gamla_diverse_lod
C0100677_00078.xml,28,summa_betalt_interesse_specie_penningar
C0100677_00123.xml,46,transport_bord_gamla_diverse_lod
C0100677_00153.xml,46,transport_bord_gamla_diverse_lod
C0100677_00326.xml,46,transport_bord_gamla_diverse_lod
C0100677_00397.xml,46,transport_bord_gamla_diverse_lod
C0100677_00259.xml,25,hofrätten_rådstufwu_pröfwar_följe_anseende
C0100677_00420.xml,46,transport_bord_gamla_diverse_lod
C0100677_00375.xml,46,transport_bord_gamla_diverse_lod
C0100677_00485.xml,46,transport_bord_gamla_diverse_lod
C0100677_00398.xml,46,transport_bord_gamla_diverse_lod
C0100677_00042.xml,46,transport_bord_gamla_diverse_lod
C0100677_00013.xml,22,tid_års_tiden_utom_anseende
C0100677_00016.xml,34,fiscalen_advocat_rådmannen_rådman_riksens
C0100677_00041.xml,46,transport_bord_gamla_diverse_lod
C0100677_00385.xml,46,transport_bord_gamla_diverse_lod
C0100677_00300.xml,22,tid_års_tiden_utom_anseende
C0100677_00442.xml,35,ränta_fordran_räkning_betalning_skuld
C0100677_00159.xml,44,fru_förmyndare_testamente_barn_arf
C0100677_00288.xml,46,transport_bord_gamla_diverse_lod
40005542_00154.xml,31,härads_rättens_målet_utslaget_dömd
40005542_00052.xml,31,härads_rättens_målet_utslaget_dömd
40005542_00122.xml,31,härads_rättens_målet_utslaget_dömd
40005542_00205.xml,13,slag_arbete_slagit_doctor_lif
40005542_00032.xml,26,bevis_vore_enkan_född_vite
40005542_00247.xml,31,härads_rättens_målet_utslaget_dömd
40005542_00015.xml,31,härads_rättens_målet_utslaget_dömd
40005542_00059.xml,31,härads_rättens_målet_utslaget_dömd
40005542_00350.xml,31,härads_rättens_målet_utslaget_dömd
40005542_00061.xml,12,häradshöfdingen_hofrätten_riddaren_mål_närwarande
40005542_00228.xml,31,härads_rättens_målet_utslaget_dömd
40005542_00004.xml,31,härads_rättens_målet_utslaget_dömd
40005542_00097.xml,14,skog_skogen_mark_grefve_östra
40005542_00306.xml,31,härads_rättens_målet_utslaget_dömd
40005542_00177.xml,31,härads_rättens_målet_utslaget_dömd
40005542_00105.xml,1,wittnen_wittnet_berättelse_tagit_sedt
40005542_00244.xml,31,härads_rättens_målet_utslaget_dömd
40005542_00006.xml,1,wittnen_wittnet_berättelse_tagit_sedt
40005542_00216.xml,16,riksdaler_daler_banco_twå_balken
40005542_00239.xml,1,wittnen_wittnet_berättelse_tagit_sedt
40005542_00210.xml,31,härads_rättens_målet_utslaget_dömd
40005542_00113.xml,31,härads_rättens_målet_utslaget_dömd
40005542_00005.xml,1,wittnen_wittnet_berättelse_tagit_sedt
40005542_00159.xml,31,härads_rättens_målet_utslaget_dömd
40005542_00043.xml,22,tid_års_tiden_utom_anseende
40005542_00186.xml,26,bevis_vore_enkan_född_vite
40005542_00028.xml,31,härads_rättens_målet_utslaget_dömd
40005542_00078.xml,31,härads_rättens_målet_utslaget_dömd
40005542_00054.xml,31,härads_rättens_målet_utslaget_dömd
40005542_00261.xml,31,härads_rättens_målet_utslaget_dömd
40005542_00165.xml,31,härads_rättens_målet_utslaget_dömd
40005542_00187.xml,31,härads_rättens_målet_utslaget_dömd
40005542_00222.xml,31,härads_rättens_målet_utslaget_dömd
40005542_00301.xml,31,härads_rättens_målet_utslaget_dömd
40005542_00278.xml,1,wittnen_wittnet_berättelse_tagit_sedt
40005542_00130.xml,31,härads_rättens_målet_utslaget_dömd
40005542_00175.xml,26,bevis_vore_enkan_född_vite
40005542_00276.xml,1,wittnen_wittnet_berättelse_tagit_sedt
40005542_00012.xml,37,talan_afseende_målet_fråga_mål
40005542_00192.xml,31,härads_rättens_målet_utslaget_dömd
40005542_00092.xml,26,bevis_vore_enkan_född_vite
40005542_00203.xml,12,häradshöfdingen_hofrätten_riddaren_mål_närwarande
40005542_00291.xml,37,talan_afseende_målet_fråga_mål
40005542_00272.xml,1,wittnen_wittnet_berättelse_tagit_sedt
40005542_00294.xml,26,bevis_vore_enkan_född_vite
40005542_00309.xml,31,härads_rättens_målet_utslaget_dömd
40005542_00286.xml,31,härads_rättens_målet_utslaget_dömd
40005542_00279.xml,1,wittnen_wittnet_berättelse_tagit_sedt
40005542_00183.xml,26,bevis_vore_enkan_född_vite
40005542_00118.xml,37,talan_afseende_målet_fråga_mål
40005542_00327.xml,31,härads_rättens_målet_utslaget_dömd
40005542_00213.xml,31,härads_rättens_målet_utslaget_dömd
40005542_00313.xml,31,härads_rättens_målet_utslaget_dömd
40005542_00065.xml,12,häradshöfdingen_hofrätten_riddaren_mål_närwarande
40005542_00190.xml,26,bevis_vore_enkan_född_vite
40005542_00289.xml,31,härads_rättens_målet_utslaget_dömd
40005542_00233.xml,26,bevis_vore_enkan_född_vite
40005542_00273.xml,26,bevis_vore_enkan_född_vite
40005542_00322.xml,37,talan_afseende_målet_fråga_mål
40005542_00310.xml,31,härads_rättens_målet_utslaget_dömd
40005542_00089.xml,31,härads_rättens_målet_utslaget_dömd
40005542_00199.xml,31,härads_rättens_målet_utslaget_dömd
40005542_00048.xml,31,härads_rättens_målet_utslaget_dömd
40005542_00341.xml,1,wittnen_wittnet_berättelse_tagit_sedt
40005542_00314.xml,31,härads_rättens_målet_utslaget_dömd
40005542_00258.xml,31,härads_rättens_målet_utslaget_dömd
40005542_00330.xml,12,häradshöfdingen_hofrätten_riddaren_mål_närwarande
40005542_00283.xml,31,härads_rättens_målet_utslaget_dömd
40005542_00290.xml,31,härads_rättens_målet_utslaget_dömd
40005542_00218.xml,31,härads_rättens_målet_utslaget_dömd
40005542_00085.xml,37,talan_afseende_målet_fråga_mål
40005542_00167.xml,12,häradshöfdingen_hofrätten_riddaren_mål_närwarande
40005542_00134.xml,1,wittnen_wittnet_berättelse_tagit_sedt
40005542_00202.xml,12,häradshöfdingen_hofrätten_riddaren_mål_närwarande
40005542_00029.xml,31,härads_rättens_målet_utslaget_dömd
40005542_00282.xml,1,wittnen_wittnet_berättelse_tagit_sedt
40005542_00038.xml,31,härads_rättens_målet_utslaget_dömd
40005542_00207.xml,11,namn_undergå_fängelse_bröd_dagars
40005542_00332.xml,31,härads_rättens_målet_utslaget_dömd
40005542_00011.xml,31,härads_rättens_målet_utslaget_dömd
40005542_00098.xml,1,wittnen_wittnet_berättelse_tagit_sedt
40005542_00150.xml,31,härads_rättens_målet_utslaget_dömd
40005542_00023.xml,31,härads_rättens_målet_utslaget_dömd
40005542_00260.xml,31,härads_rättens_målet_utslaget_dömd
40005542_00264.xml,12,häradshöfdingen_hofrätten_riddaren_mål_närwarande
40005542_00030.xml,31,härads_rättens_målet_utslaget_dömd
40005542_00003.xml,31,härads_rättens_målet_utslaget_dömd
40005542_00176.xml,26,bevis_vore_enkan_född_vite
40005542_00179.xml,37,talan_afseende_målet_fråga_mål
40005542_00110.xml,37,talan_afseende_målet_fråga_mål
40005542_00236.xml,26,bevis_vore_enkan_född_vite
40005542_00144.xml,31,härads_rättens_målet_utslaget_dömd
40005542_00133.xml,26,bevis_vore_enkan_född_vite
40005542_00137.xml,31,härads_rättens_målet_utslaget_dömd
40005542_00178.xml,37,talan_afseende_målet_fråga_mål
40005542_00111.xml,12,häradshöfdingen_hofrätten_riddaren_mål_närwarande
40005542_00143.xml,31,härads_rättens_målet_utslaget_dömd
40005542_00242.xml,31,härads_rättens_målet_utslaget_dömd
40005542_00342.xml,1,wittnen_wittnet_berättelse_tagit_sedt
40005542_00346.xml,37,talan_afseende_målet_fråga_mål
40005542_00040.xml,31,härads_rättens_målet_utslaget_dömd
40005542_00336.xml,1,wittnen_wittnet_berättelse_tagit_sedt
40005542_00126.xml,26,bevis_vore_enkan_född_vite
40005542_00106.xml,1,wittnen_wittnet_berättelse_tagit_sedt
40005542_00090.xml,31,härads_rättens_målet_utslaget_dömd
40005542_00024.xml,26,bevis_vore_enkan_född_vite
40005542_00072.xml,31,härads_rättens_målet_utslaget_dömd
40005542_00237.xml,1,wittnen_wittnet_berättelse_tagit_sedt
40005542_00042.xml,26,bevis_vore_enkan_född_vite
40005542_00131.xml,31,härads_rättens_målet_utslaget_dömd
40005542_00194.xml,31,härads_rättens_målet_utslaget_dömd
40005542_00114.xml,31,härads_rättens_målet_utslaget_dömd
40005542_00287.xml,31,härads_rättens_målet_utslaget_dömd
40005542_00245.xml,37,talan_afseende_målet_fråga_mål
40005542_00256.xml,37,talan_afseende_målet_fråga_mål
40005542_00119.xml,31,härads_rättens_målet_utslaget_dömd
40005542_00254.xml,31,härads_rättens_målet_utslaget_dömd
40005542_00200.xml,12,häradshöfdingen_hofrätten_riddaren_mål_närwarande
40005542_00280.xml,1,wittnen_wittnet_berättelse_tagit_sedt
40005542_00127.xml,37,talan_afseende_målet_fråga_mål
40005542_00071.xml,31,härads_rättens_målet_utslaget_dömd
40005542_00021.xml,26,bevis_vore_enkan_född_vite
40005542_00172.xml,1,wittnen_wittnet_berättelse_tagit_sedt
40005542_00026.xml,12,häradshöfdingen_hofrätten_riddaren_mål_närwarande
40005542_00206.xml,26,bevis_vore_enkan_född_vite
40005542_00053.xml,26,bevis_vore_enkan_född_vite
40005542_00049.xml,31,härads_rättens_målet_utslaget_dömd
40005542_00069.xml,31,härads_rättens_målet_utslaget_dömd
40005542_00308.xml,26,bevis_vore_enkan_född_vite
40005542_00064.xml,12,häradshöfdingen_hofrätten_riddaren_mål_närwarande
40005542_00259.xml,26,bevis_vore_enkan_född_vite
40005542_00034.xml,31,härads_rättens_målet_utslaget_dömd
40005542_00215.xml,31,härads_rättens_målet_utslaget_dömd
40005542_00120.xml,37,talan_afseende_målet_fråga_mål
40005542_00017.xml,31,härads_rättens_målet_utslaget_dömd
40005542_00087.xml,12,häradshöfdingen_hofrätten_riddaren_mål_närwarande
40005542_00091.xml,26,bevis_vore_enkan_född_vite
40005542_00270.xml,42,berg_maii_aprill_dahl_ingifva
40005542_00337.xml,1,wittnen_wittnet_berättelse_tagit_sedt
40005542_00268.xml,37,talan_afseende_målet_fråga_mål
40005542_00173.xml,26,bevis_vore_enkan_född_vite
40005542_00152.xml,31,härads_rättens_målet_utslaget_dömd
40005542_00219.xml,16,riksdaler_daler_banco_twå_balken
40005542_00339.xml,26,bevis_vore_enkan_född_vite
40005542_00125.xml,26,bevis_vore_enkan_född_vite
40005542_00338.xml,26,bevis_vore_enkan_född_vite
40005542_00353.xml,0,rättens_lagmans_resolution_saken_måhl
40005542_00348.xml,37,talan_afseende_målet_fråga_mål
40005542_00307.xml,31,härads_rättens_målet_utslaget_dömd
40005542_00116.xml,31,härads_rättens_målet_utslaget_dömd
40005542_00156.xml,31,härads_rättens_målet_utslaget_dömd
40005542_00055.xml,31,härads_rättens_målet_utslaget_dömd
40005542_00037.xml,31,härads_rättens_målet_utslaget_dömd
40005542_00312.xml,31,härads_rättens_målet_utslaget_dömd
40005542_00153.xml,31,härads_rättens_målet_utslaget_dömd
40005542_00227.xml,31,härads_rättens_målet_utslaget_dömd
40005542_00275.xml,1,wittnen_wittnet_berättelse_tagit_sedt
40005542_00299.xml,31,härads_rättens_målet_utslaget_dömd
40005542_00189.xml,31,härads_rättens_målet_utslaget_dömd
40005542_00191.xml,31,härads_rättens_målet_utslaget_dömd
40005542_00075.xml,31,härads_rättens_målet_utslaget_dömd
40005542_00140.xml,12,häradshöfdingen_hofrätten_riddaren_mål_närwarande
40005542_00181.xml,31,härads_rättens_målet_utslaget_dömd
40005542_00263.xml,31,härads_rättens_målet_utslaget_dömd
40005542_00008.xml,1,wittnen_wittnet_berättelse_tagit_sedt
40005542_00315.xml,31,härads_rättens_målet_utslaget_dömd
40005542_00102.xml,1,wittnen_wittnet_berättelse_tagit_sedt
40005542_00081.xml,31,härads_rättens_målet_utslaget_dömd
40005542_00100.xml,1,wittnen_wittnet_berättelse_tagit_sedt
40005542_00027.xml,31,härads_rättens_målet_utslaget_dömd
40005542_00204.xml,31,härads_rättens_målet_utslaget_dömd
40005542_00010.xml,1,wittnen_wittnet_berättelse_tagit_sedt
40005542_00317.xml,31,härads_rättens_målet_utslaget_dömd
40005542_00349.xml,26,bevis_vore_enkan_född_vite
40005542_00305.xml,31,härads_rättens_målet_utslaget_dömd
40005542_00129.xml,26,bevis_vore_enkan_född_vite
40005542_00298.xml,31,härads_rättens_målet_utslaget_dömd
40005542_00235.xml,31,härads_rättens_målet_utslaget_dömd
40005542_00180.xml,31,härads_rättens_målet_utslaget_dömd
40005542_00103.xml,1,wittnen_wittnet_berättelse_tagit_sedt
40005542_00044.xml,31,härads_rättens_målet_utslaget_dömd
40005542_00018.xml,31,härads_rättens_målet_utslaget_dömd
40005542_00107.xml,1,wittnen_wittnet_berättelse_tagit_sedt
40005542_00141.xml,12,häradshöfdingen_hofrätten_riddaren_mål_närwarande
40005542_00050.xml,31,härads_rättens_målet_utslaget_dömd
40005542_00148.xml,31,härads_rättens_målet_utslaget_dömd
40005542_00041.xml,31,härads_rättens_målet_utslaget_dömd
40005542_00058.xml,31,härads_rättens_målet_utslaget_dömd
40005542_00321.xml,37,talan_afseende_målet_fråga_mål
40005542_00188.xml,37,talan_afseende_målet_fråga_mål
40005542_00108.xml,26,bevis_vore_enkan_född_vite
40005542_00340.xml,1,wittnen_wittnet_berättelse_tagit_sedt
40005542_00352.xml,37,talan_afseende_målet_fråga_mål
40005542_00039.xml,31,härads_rättens_målet_utslaget_dömd
40005542_00296.xml,31,härads_rättens_målet_utslaget_dömd
40005542_00166.xml,31,härads_rättens_målet_utslaget_dömd
40005542_00271.xml,1,wittnen_wittnet_berättelse_tagit_sedt
40005542_00060.xml,31,härads_rättens_målet_utslaget_dömd
40005542_00147.xml,31,härads_rättens_målet_utslaget_dömd
40005542_00099.xml,1,wittnen_wittnet_berättelse_tagit_sedt
40005542_00074.xml,37,talan_afseende_målet_fråga_mål
40005542_00185.xml,31,härads_rättens_målet_utslaget_dömd
40005542_00016.xml,11,namn_undergå_fängelse_bröd_dagars
40005542_00331.xml,31,härads_rättens_målet_utslaget_dömd
40005542_00223.xml,12,häradshöfdingen_hofrätten_riddaren_mål_närwarande
40005542_00257.xml,31,härads_rättens_målet_utslaget_dömd
40005542_00195.xml,31,härads_rättens_målet_utslaget_dömd
40005542_00333.xml,31,härads_rättens_målet_utslaget_dömd
40005542_00160.xml,26,bevis_vore_enkan_född_vite
40005542_00170.xml,26,bevis_vore_enkan_född_vite
40005542_00174.xml,1,wittnen_wittnet_berättelse_tagit_sedt
40005542_00343.xml,26,bevis_vore_enkan_född_vite
40005542_00035.xml,31,härads_rättens_målet_utslaget_dömd
40005542_00266.xml,31,härads_rättens_målet_utslaget_dömd
40005542_00300.xml,31,härads_rättens_målet_utslaget_dömd
40005542_00093.xml,1,wittnen_wittnet_berättelse_tagit_sedt
40005542_00132.xml,31,härads_rättens_målet_utslaget_dömd
40005542_00062.xml,31,härads_rättens_målet_utslaget_dömd
40005542_00351.xml,26,bevis_vore_enkan_född_vite
40005542_00036.xml,31,härads_rättens_målet_utslaget_dömd
40005542_00284.xml,1,wittnen_wittnet_berättelse_tagit_sedt
40005542_00162.xml,12,häradshöfdingen_hofrätten_riddaren_mål_närwarande
40005542_00269.xml,12,häradshöfdingen_hofrätten_riddaren_mål_närwarande
